ORDER_KEY	ID	CODE	NAME	PARENT_ID	PARENT_CODE	LEVEL	Implementation_rule	Includes	IncludesAlso	Excludes
"10"	"A"	"A"	"AGRICULTURE, FORESTRY AND FISHING"			"1"		"This section includes the exploitation of vegetal and animal natural resources, comprising the activities of growing of crops, raising and breeding of animals, harvesting of timber and other plants, and the production of animal products from a farm or natural habitats."	"This section also includes organic agriculture, aquaculture, the growing of genetically modified crops and the raising of genetically modified animals."	"This section excludes undifferentiated subsistence goods-producing activities of households, which are classified in class 98.10."
"20"	"01"	"01"	"Crop and animal production, hunting and related service activities"	"A"	"A"	"2"	"IMPLEMENTATION RULE \nIn agriculture, one frequent situation where the breakdown of the value added presents difficulties is when a unit manufactures a product from its own agricultural output. For example, when a unit produces grapes and manufactures wine from the own-produced grapes, or when it produces olives and manufactures oil from the own-produced olives. In these cases, the most suitable proxy variable is the number of hours worked. Applying this variable to these vertically integrated activities would generally lead to the classification of the units under agriculture. In the same case for other agricultural products, units will be classified in agriculture by convention, in order to guarantee harmonised treatment."	"This division includes two basic activities, namely the production of crop products and the production of animal products. \n\nMixed farming (group 01.5) breaks with the usual principles for identifying the main activity. It accepts that many agricultural units have a reasonably balanced production of crops and animals, and that it would be arbitrary to classify them in one category or the other.\n\nThis division includes the soilless cultivation of crops, such as using hydroponic and aquaponic methods."	"This division also includes service activities incidental to agriculture, as well as hunting, trapping and related activities."	"Agricultural activities exclude any subsequent processing of the agricultural products (classified under divisions 10, 11 and 12), beyond that needed to prepare them for the primary markets. The preparation of products for the primary markets is included here.\n\nThis division excludes field construction (for example, agricultural land terracing, drainage, preparing rice paddies) classified in section F and buyers and cooperative associations engaged in the marketing of farm products classified in section G. Also excluded are landscape service activities, which are classified in class 81.30."
"30"	"011"	"01.1"	"Growing of non-perennial crops"	"01"	"01"	"3"		"This group includes the growing of non-perennial crops, in other words, plants that do not last for more than two growing seasons. Further included is the growing of these plants for the purpose of seed production."		
"40"	"0111"	"01.11"	"Growing of cereals, other than rice, leguminous crops and oil seeds"	"011"	"01.1"	"4"		"This class includes all forms of growing of cereals, leguminous crops and oil seeds. Further included is the growing of these plants for the purpose of seed production. The growing of these crops is often combined within agricultural units.\n\nThis class includes:\n- growing of cereals, e.g.:\n • wheat\n • grain maize\n • sorghum\n • barley\n • rye\n • oats\n • millet\n • pseudocereals, in other words, fruits or seeds used as cereals, e.g.:\n • quinoa\n • amaranth\n • chia\n- growing of leguminous crops, e.g.:\n • beans\n • broad beans\n • chickpeas\n • cowpeas\n • lentils\n • lupines\n • peas\n • pigeon peas\n- growing of oil seeds, e.g.:\n • soya beans\n • groundnuts\n • castor beans\n • linseed\n • mustard seed\n • niger seed\n • rapeseed\n • safflower seed\n • sesame seed\n • sunflower seed"		"This class excludes:\n- growing of rice, see 01.12\n- growing of sweetcorn, see 01.13\n- growing of maize, lupines or kale for fodder, see 01.19\n- growing of oleaginous fruits, see 01.26"
"50"	"0112"	"01.12"	"Growing of rice"	"011"	"01.1"	"4"		"This class includes:\n- growing of rice"		
"60"	"0113"	"01.13"	"Growing of vegetables and melons, roots and tubers"	"011"	"01.1"	"4"		"This class includes:\n- growing of leafy or stem vegetables, e.g.:\n • artichokes\n • asparagus\n • cabbages\n • cauliflower and broccoli\n • lettuce and chicory\n • spinach\n- growing of fruit-bearing vegetables, e.g.:\n • cucumbers and gherkins\n • eggplants (aubergines)\n • tomatoes\n • watermelons\n- growing of root, bulb or tuberous vegetables, e.g.:\n • carrots\n • turnips\n • garlic\n • onions (including shallots)\n • leeks and other alliaceous vegetables\n- growing of mushrooms and truffles\n- growing of vegetable seeds, including sugar beet seeds, excluding other beet seeds\n- growing of sugar beet\n- growing of chillies, peppers (Capsicum spp.)\n- growing of roots and tubers, e.g.:\n • potatoes\n • sweet potatoes\n • cassava\n • yams\n • swedes and mangolds"	"This class also includes:\n- growing of sweetcorn"	"This class excludes:\n- growing of spices and aromatic, drug and pharmaceutical crops, see 01.28 \n- growing of mushroom spawn, see 01.30"
"70"	"0114"	"01.14"	"Growing of sugar cane"	"011"	"01.1"	"4"				"This class excludes:\n- growing of sugar beet, see 01.13"
"80"	"0115"	"01.15"	"Growing of tobacco"	"011"	"01.1"	"4"		"This class includes:\n- growing of unmanufactured tobacco"	"This class also includes:\n- preliminary processing of tobacco when associated with the growing of tobacco"	"This class excludes:\n- preparation of tobacco leaves (e.g. sun drying) by a third party, see 01.63\n- manufacture of tobacco products, see 12.00"
"90"	"0116"	"01.16"	"Growing of fibre crops"	"011"	"01.1"	"4"		"This class includes growing of fibre crops, e.g.:\n- growing of cotton\n- growing of jute, kenaf and other textile bast fibres\n- growing of flax and hemp\n- growing of sisal and other textile fibre of the genus agave\n- growing of abaca, ramie and other vegetable textile fibres"		
"100"	"0119"	"01.19"	"Growing of other non-perennial crops"	"011"	"01.1"	"4"		"This class includes the growing of all other non-perennial crops, e.g.:\n- growing of clover, alfalfa, sainfoin, maize, lupines, other grasses, fodder kale and similar forage crops \n- growing of beet seeds and seeds of forage plants\n- growing of flowers\n- cutting of flowers and flower buds\n- growing of flower seeds"	"This class also includes:\n- growing of perennial flowers and other ornamental plants"	"This class excludes:\n- growing of sugar beet seeds, see 01.13\n- growing of non-perennial spices and aromatic, drug and pharmaceutical crops, see 01.28"
"110"	"012"	"01.2"	"Growing of perennial crops"	"01"	"01"	"3"		"This group includes the growing of perennial crops, in other words, plants that last for more than two growing seasons, either dying back after each season or growing continuously. Further included is the growing of these plants for the purpose of seed production."		"This group excludes:\n- growing of perennial flowers and other ornamental plants, see 01.19"
"120"	"0121"	"01.21"	"Growing of grapes"	"012"	"01.2"	"4"		"This class includes:\n- growing of grapes for consumption or for further production of wine, juice, vinegar and dried fruit (e.g. raisins, zante currants or sultanas)"		"This class excludes:\n- manufacture of juice, see 10.32\n- manufacture of wine, see 11.02"
"130"	"0122"	"01.22"	"Growing of tropical and subtropical fruits"	"012"	"01.2"	"4"		"This class includes:\n- growing of tropical and subtropical fruits, e.g.:\n • avocados\n • bananas and plantains\n • dates\n • figs\n • mangoes\n • papayas\n • pineapples\n • rambutans\n • lychees"		
"140"	"0123"	"01.23"	"Growing of citrus fruits"	"012"	"01.2"	"4"		"This class includes:\n- growing of citrus fruits, e.g.:\n • grapefruit and pomelo\n • lemons and limes\n • oranges\n • tangerines, mandarins and clementines"		
"150"	"0124"	"01.24"	"Growing of pome fruits and stone fruits"	"012"	"01.2"	"4"		"This class includes:\n- growing of pome fruits and stone fruits, e.g.:\n • apples\n • apricots\n • cherries and sour cherries\n • peaches and nectarines\n • pears and quinces\n • plums and sloes"		"This class excludes:\n- growing of mangoes, rambutans and lychees, see 01.22\n- growing of olives, see 01.26"
"160"	"0125"	"01.25"	"Growing of other tree and bush fruits and nuts"	"012"	"01.2"	"4"		"This class includes:\n- growing of berries, e.g.:\n • blueberries\n • fresh currants\n • gooseberries\n • kiwi fruit\n • raspberries\n • strawberries\n • sea buckthorn\n- growing of fruit seeds\n- growing of edible nuts, e.g.:\n • almonds\n • cashew nuts\n • chestnuts\n • hazelnuts\n • pistachios\n • walnuts\n • pine nuts\n- growing of other tree and bush fruits, e.g.:\n • locust beans"		"This class excludes:\n- growing of coconuts, see 01.26"
"170"	"0126"	"01.26"	"Growing of oleaginous fruits"	"012"	"01.2"	"4"		"This class includes:\n- growing of oleaginous fruits, e.g.:\n • coconuts\n • olives\n • oil palms"		"This class excludes:\n- growing of soya beans, groundnuts and other oil seeds, see 01.11\n- growing of nuts for oil (e.g. walnuts, almonds, hazelnuts, pine nuts or pistachios), see 01.25"
"180"	"0127"	"01.27"	"Growing of beverage crops"	"012"	"01.2"	"4"		"This class includes:\n- growing of beverage crops e.g.:\n • coffee\n • tea\n • maté\n • cocoa"		"This class excludes:\n- growing of grapes, see 01.21\n- growing of hops, see 01.28"
"190"	"0128"	"01.28"	"Growing of spices, aromatic, drug and pharmaceutical crops"	"012"	"01.2"	"4"		"This class includes:\n- growing of perennial and non-perennial spices and aromatic crops:\n • pepper (Piper spp.)\n • nutmeg, mace and cardamoms\n • anise, badian and fennel as a spice or aromatic plant\n • cinnamon (Canella)\n • cloves\n • ginger\n • vanilla\n • hops\n • caraway\n- growing of drug and narcotic crops"	"This class also includes:\n- sun drying of spices and aromatic, drug and pharmaceutical plants when associated with the growing of the plants"	"This class excludes:\n- drying of spices and aromatic, drug and pharmaceutical plants by third parties, see 01.63"
"200"	"0129"	"01.29"	"Growing of other perennial crops"	"012"	"01.2"	"4"		"This class includes:\n- growing of rubber trees for harvesting of latex\n- growing of Christmas trees\n- growing of trees for extraction of sap\n- growing of vegetable materials of a kind used primarily for plaiting"		"This class excludes:\n- growing of flowers, cutting of flower buds and growing of flower seeds, see 01.19\n- gathering of tree sap or rubber-like gums in the wild, see 02.30"
"210"	"013"	"01.3"	"Plant propagation"	"01"	"01"	"3"				
"220"	"0130"	"01.30"	"Plant propagation"	"013"	"01.3"	"4"		"This class includes the production of all vegetative planting materials, including cuttings, suckers and seedlings either for direct plant propagation or to create plant grafting stock into which a selected scion is grafted for eventual planting to produce crops.\n\nThis class includes:\n- growing of plants for planting\n- growing of plants for ornamental purposes, including turf for transplanting\n- growing of live plants for bulbs, tubers and roots, cuttings and slips, and mushroom spawn\n- operation of tree nurseries, except forest tree nurseries"		"This class excludes:\n- growing of plants for the purpose of seed production, see 01.1, 01.2\n- operation of forest tree nurseries, see 02.10"
"230"	"014"	"01.4"	"Animal production"	"01"	"01"	"3"		"This group includes:\n- farming (husbandry, raising) and breeding of all animals, except aquatic animals"		"This group excludes:\n- farm animal boarding and care, see 01.62\n- production of hides and skins from slaughterhouses, see 10.11"
"240"	"0141"	"01.41"	"Raising of dairy cattle"	"014"	"01.4"	"4"		"This class includes:\n- raising and breeding of dairy cattle and/or buffaloes\n- production of raw milk from cows or buffaloes\n- production of bovine semen of dairy breeds"		"This class excludes:\n- processing of milk, see 10.51"
"250"	"0142"	"01.42"	"Raising of other cattle and buffaloes"	"014"	"01.4"	"4"		"This class includes:\n- raising and breeding of cattle and buffaloes for meat\n- production of bovine semen of meat breeds"	"This class also includes:\n- raising and breeding of draft cattle or buffaloes \n- raising and breeding of fighting bulls"	
"260"	"0143"	"01.43"	"Raising of horses and other equines"	"014"	"01.4"	"4"		"This class includes:\n- raising and breeding of horses, asses, mules or hinnies, regardless of the purpose"		"This class excludes:\n- operation of racing and riding stables (if they do not have breeding activities), see 93.19"
"270"	"0144"	"01.44"	"Raising of camels and camelids"	"014"	"01.4"	"4"		"This class includes:\n- raising and breeding of camels (dromedary) and camelids"		
"280"	"0145"	"01.45"	"Raising of sheep and goats"	"014"	"01.4"	"4"		"This class includes:\n- raising and breeding of sheep and goats\n- production of raw sheep or goat milk\n- production of raw wool"		"This class excludes:\n- sheep shearing on a fee or contract basis, see 01.62\n- production of pulled wool, see 10.11\n- processing of milk, see 10.51"
"290"	"0146"	"01.46"	"Raising of swine and pigs"	"014"	"01.4"	"4"		"This class includes:\n- raising and breeding of swine and pigs"		
"300"	"0147"	"01.47"	"Raising of poultry"	"014"	"01.4"	"4"		"This class includes:\n- raising and breeding of poultry, e.g.:\n • chickens, turkeys, ducks, geese, quails, ostriches or guineafowls\n- production of eggs from poultry\n- operation of poultry hatcheries\n- automated egg hatching for poultry"		"This class excludes:\n- production of feathers or down, see 10.12"
"310"	"0148"	"01.48"	"Raising of other animals"	"014"	"01.4"	"4"		"This class includes:\n- raising and breeding of semi-domesticated or other live animals, e.g.:\n • birds (except poultry and ostriches)\n • insects\n • rabbits and other fur animals\n • reindeer\n- production of bird skins from ranching operations or skins from farming reptiles (e.g. snakes and turtles)\n- raising and breeding of reptiles, except crocodiles\n- operation of land worm farms, land mollusc farms, land snail farms, etc.\n- raising of silkworms, production of silkworm cocoons\n- beekeeping; production of bees’ byproducts (e.g. honey, beeswax, propolis, bee venom or honeycomb); bee propagation for sale\n- raising and breeding of pets (except fish), e.g.:\n • cats and dogs\n • birds (e.g. parakeets)\n • hamsters"		"This class excludes:\n- production of hides and skins originating from hunting and trapping, see 01.70\n- raising of live ornamental fish, see 03.2 \n- operation of frog farms, crocodile farms, marine worm farms, see 03.21, 03.22\n- operation of fish farms, see 03.21, 03.22\n- boarding and training of pets, see 96.99\n- operation of shelters for abandoned pets, see 96.99"
"320"	"015"	"01.5"	"Mixed farming"	"01"	"01"	"3"				
"330"	"0150"	"01.50"	"Mixed farming"	"015"	"01.5"	"4"	"IMPLEMENTATION RULE \nThe size of the overall farming operation is not a determining factor. If either the production of crops or the production of animals in a given unit is 66 % or more of standard output, the combined activities should not be included here, but allocated to crop or animal farming."	"This class includes:\n- the combined production of crops and animals without a specialised production of crops or animals"		"This class excludes:\n- mixed crop farming, see 01.1, 01.2\n- mixed animal farming, see 01.4"
"340"	"016"	"01.6"	"Support activities to agriculture and post-harvest crop activities"	"01"	"01"	"3"		"This group includes activities incidental to agricultural production and activities similar to agriculture not undertaken for production purposes (in the sense of harvesting agricultural products), usually done on a fee or contract basis."	"Also included are post-harvest crop activities, aimed at preparing agricultural products for the primary market."	
"350"	"0161"	"01.61"	"Support activities for crop production"	"016"	"01.6"	"4"		"This class includes:\n- crop production activities on a fee or contract basis:\n • preparation of fields\n • establishing a crop\n • treatment of crops\n • crop spraying, including by air\n • trimming of fruit trees and vines\n • transplanting of rice; thinning of beets\n • harvesting\n • pest control (including of rabbits) in connection with agriculture\n- operation of agricultural irrigation equipment"	"This class also includes:\n- provision of agricultural machinery with operators and crew\n- maintenance of own or leased land, keeping it in good condition without agricultural production"	"This class excludes:\n- post-harvest crop activities, see 01.63\n- drainage of agricultural land, see 43.12\n- landscape architecture, see 71.11\n- activities of agronomists and agricultural economists, see 74.99\n- landscape gardening; planting, see 81.30\n- organisation of agricultural shows and fairs, see 82.30"
"360"	"0162"	"01.62"	"Support activities for animal production"	"016"	"01.6"	"4"		"This class includes:\n- animal production activities on a fee or contract basis:\n • activities to promote the propagation, growth and output of animals\n • herd testing services, droving services, agistment services, poultry caponising, coop cleaning, etc.\n • activities related to artificial insemination\n • stud services\n • sheep shearing\n • farm animal boarding and care"	"This class also includes:\n- activities of farriers"	"This class excludes:\n- provision of space for animal boarding only, see 68.20\n- agricultural research activities, see 72.10\n- veterinary activities, see 75.00\n- vaccination of animals, see 75.00\n- rental of animals (e.g. herds or racehorses), see 77.39\n- pet boarding, see 96.99"
"370"	"0163"	"01.63"	"Post-harvest crop activities and seed processing for propagation"	"016"	"01.6"	"4"		"This class includes post-harvest crop activities on a fee or contract basis:\n- preparation of crops for primary markets (e.g. cleaning, trimming, grading or disinfecting)\n- cotton ginning\n- preparation of tobacco leaves (e.g. sun drying)\n- preparation of cocoa beans (e.g. peeling)\n- waxing of fruit \n- drying of fruit, vegetables, herbs, spices, medicinal herbs and tobacco\n- sorting, cleaning and cutting of medicinal herbs \n- grain drying\n- post-harvest activities aimed at improving the propagation quality of seed (e.g. by the removal of non-seed materials, or damaged or immature seeds, or by reducing the seed moisture to a safe level for storage)\n- retting of plants bearing vegetable textile fibres (such as jute, flax or coir), not associated with the growing of vegetable textile fibres\n- artificial ripening of fruits as a service (e.g. banana ripening)"	"This class also includes:\n- drying, cleaning, grading and treating of seeds until they are marketed\n- treatment of genetically modified seeds"	"This class excludes:\n- preparation of agricultural products by the producer, see the corresponding classes in groups 01.1, 01.2, 01.3\n- growing of seeds, see 01.1, 01.2\n- processing of seeds to obtain oil, see 10.41\n- stemming and redrying of tobacco, see 12.00\n- marketing activities of commission merchants and cooperative associations, see division 46\n- wholesale of agricultural raw materials, see 46.2\n- research to develop or modify new forms of seeds, see 72.10"
"380"	"017"	"01.7"	"Hunting, trapping and related service activities"	"01"	"01"	"3"				
"390"	"0170"	"01.70"	"Hunting, trapping and related service activities"	"017"	"01.7"	"4"		"This class includes:\n- hunting and trapping on a commercial basis\n- taking of wild animals (dead or alive) for i) food, fur or skin and ii) use in research, in zoos or as pets\n- production of fur skins and reptile or bird skins from hunting or trapping activities\n- catching of frogs and collecting of snails in the wild"	"This class also includes:\n- land-based catching of sea mammals (e.g. walruses or seals)\n- hunting of foxes, minks and wolves to protect livestock\n- hunting for animal population control"	"This class excludes:\n- raising of game animals on ranching operations, see 01.4\n- production of bird skins from ranching operations or skins from farming reptiles (e.g. snakes and turtles), see 01.48\n- pest control (including rabbits) in connection with agriculture, see 01.61\n- whaling, see 03.11\n- production of hides and skins originating from slaughterhouses, see 10.11\n- hunting for sport or recreation and related service activities, see 93.19\n- service activities to promote hunting and trapping, see 94.99"
"400"	"02"	"02"	"Forestry and logging"	"A"	"A"	"2"		"This division includes silviculture and the production of roundwood as well as the extraction and gathering of wild-growing non-wood forest products. Besides the production of timber, forestry activities result in products that undergo little processing, for example, firewood, charcoal or roundwood used in an unprocessed form (such as pit-props or pulpwood). These activities can be carried out in natural, semi-natural or planted forests."		"Excluded is further processing of wood beginning with sawmilling and planing of wood, see division 16."
"410"	"021"	"02.1"	"Silviculture and other forestry activities"	"02"	"02"	"3"				
"420"	"0210"	"02.10"	"Silviculture and other forestry activities"	"021"	"02.1"	"4"		"This class includes:\n- growing of standing timber: planting, replanting, transplanting, thinning and conserving of forests, and timber tracts\n- growing of coppice, pulpwood and firewood\n- operation of forest tree nurseries\n- growing of poplar and willow\n\nThese activities can be carried out in natural, semi-natural or planted forests."		"This class excludes:\n- growing of Christmas trees, see 01.29\n- operation of tree nurseries, except for forest trees, see 01.30\n- gathering of mushrooms and other wild growing non-wood forest products, see 02.30\n- production of wood chips and particles, not associated with forestry activities, see 16.11\n- production of wood fire logs not associated with forestry activities, see 16.26\n- activities relating to amenity tree care and arboriculture, see 81.30\n- conservation and maintenance services of national parks, nature parks and reserves, see 91.42"
"430"	"022"	"02.2"	"Logging"	"02"	"02"	"3"				
"440"	"0220"	"02.20"	"Logging"	"022"	"02.2"	"4"		"This class includes:\n- production of roundwood for forest-based manufacturing industries\n- production of roundwood used in an unprocessed form (e.g. pit-props, fence posts, utility poles)"	"This class also includes:\n- gathering and production of forest harvesting residues (e.g. brushwood, stumps, wood chips from logging, other forest waste for energy)\n- production of charcoal in the forest (using traditional methods)"	"This class excludes:\n- growing of Christmas trees, see 01.29\n- growing of standing timber: planting, replanting, transplanting, thinning and conserving of forests, and timber tracts, see 02.10\n- gathering of wild growing non-wood forest products, see 02.30\n- production of wood chips and particles, not associated with forestry activities, see 16.11\n- production of charcoal through distillation of wood, see 20.14"
"450"	"023"	"02.3"	"Gathering of wild growing non-wood products"	"02"	"02"	"3"				
"460"	"0230"	"02.30"	"Gathering of wild growing non-wood products"	"023"	"02.3"	"4"		"This class includes:\n- gathering of wild growing materials, e.g.:\n • mushrooms, truffles\n • berries\n • nuts\n • balata and other rubber-like gums\n • cork\n • lac and resins\n • balsams\n • acorns, horse chestnuts\n • mosses and lichens\n • vegetable hair / eelgrass"	"This class also includes:\n- harvesting wild herbs and associated natural drying"	"This class excludes:\n- non-wild growing of any of these products (except growing of cork trees), see division 01\n- growing of mushrooms or truffles, see 01.13\n- growing of berries or nuts, see 01.25\n- gathering of firewood, see 02.20"
"470"	"024"	"02.4"	"Support services to forestry"	"02"	"02"	"3"				
"480"	"0240"	"02.40"	"Support services to forestry"	"024"	"02.4"	"4"		"This class includes carrying out part of the forestry operation on a fee or contract basis.\n\nThis class includes:\n- forestry service activities:\n • forestry inventories\n • forest management consulting services\n • timber evaluation\n • forest fire fighting and prevention\n • forest pest control\n- logging service activities:\n • transport of logs within the forest"		"This class excludes:\n- operation of forest tree nurseries, see 02.10\n- draining of forestry land, see 43.12\n- clearing of building sites, see 43.12"
"490"	"03"	"03"	"Fishing and aquaculture"	"A"	"A"	"2"		"This division includes capture fishery and aquaculture, which are characterised by the gathering of marine, brackish or freshwater fish, crustaceans, molluscs, and other organisms and products (for example, aquatic plants, pearls, sponges)."	"The division also includes service activities incidental to marine or freshwater fishery or aquaculture."	"This division excludes:\n- processing of fish, crustaceans or molluscs, whether at land-based plants or on factory ships, see 10.20\n- building and repairing of ships and boats, see 30.11, 30.13, 33.15, 33.18\n- sport or recreational fishing activities, see 93.19"
"500"	"031"	"03.1"	"Fishing"	"03"	"03"	"3"		"This group includes capture fishery, in other words, the harvesting, collecting and gathering activities directed at removing or collecting live wild aquatic organisms (predominantly fish, molluscs and crustaceans), including plants from the oceanic, coastal or inland waters for human consumption and other purposes by hand or more usually by various types of fishing gear (for example, nets, lines, stationary traps). Such activities can be conducted on the intertidal zones (for example, the collection of molluscs, such as mussels, oysters), coastal waters or offshore waters. These activities also include fishing in restocked water bodies."		
"510"	"0311"	"03.11"	"Marine fishing"	"031"	"03.1"	"4"		"This class includes:\n- fishing on a commercial basis in ocean and coastal waters\n- taking of marine crustaceans and molluscs\n- whaling\n- taking of marine aquatic animals (e.g. turtles, sea squirts, tunicates, sea urchins)"	"This class also includes:\n- gathering of other marine organisms and materials (e.g. natural pearls, sponges, coral, seaweed, algae)"	"This class excludes:\n- capturing of marine mammals apart from whales (e.g. seals, walruses), see 01.70\n- processing of whales on factory ships, see 10.11\n- processing of fish, crustaceans and molluscs on factory ships or in factories ashore, see 10.20\n- rental of pleasure boats with crew for sea and coastal water transport (e.g. for fishing trips), see 50.10\n- fishing inspection, protection and patrol services, see 84.24\n- fishing practiced for sport or recreation and related services, see 93.19\n- operation of sport fishing preserves, see 93.19"
"520"	"0312"	"03.12"	"Freshwater fishing"	"031"	"03.1"	"4"		"This class includes:\n- fishing on a commercial basis in inland waters\n- taking of freshwater crustaceans and molluscs\n- taking of freshwater aquatic animals"	"This class also includes:\n- gathering of freshwater materials\n- gathering of other freshwater organisms: seaweed and algae"	"This class excludes:\n- catching of frogs or collection of snails in the wild, see 01.70\n- collecting wild plants (e.g. reeds, sedges), see 02.30\n- processing of fish, crustaceans and molluscs on factory ships or in factories ashore, see 10.20\n- fishing inspection, protection and patrol services, see 84.24\n- fishing practiced for sport or recreation and related services, see 93.19\n- operation of sport fishing preserves, see 93.19"
"530"	"032"	"03.2"	"Aquaculture"	"03"	"03"	"3"		"This group includes aquaculture (or aquafarming), in other words, the production process involving the culturing or farming (including harvesting) of aquatic organisms (for example, fish, molluscs, crustaceans, plants, amphibians) using techniques designed to increase the production of the organisms in question beyond the natural capacity of the environment (for example, regular stocking, feeding and protection from predators). Aquaculture also encompasses individual, corporate or state ownership of the individual organisms throughout the rearing or culture stage, up to and including harvesting.\n\nCulturing/farming refers to the rearing up to their juvenile and/or adult phase under captive conditions of the above organisms."	"This group also includes:\n- breeding/farming of fry and adults under artificial conditions"	"This group excludes:\n- production of bird skins from ranching operations or skins from farming reptiles (e.g. snakes and turtles), see 01.48\n- breeding and raising of reptiles, see 01.48"
"540"	"0321"	"03.21"	"Marine aquaculture"	"032"	"03.2"	"4"		"This class includes:\n- fish farming in sea water, including farming of marine ornamental fish\n- production of bivalve spat (e.g. oyster mussel, etc.), lobsterlings, shrimp post-larvae, fish fry and fingerlings\n- growing of seaweed and algae\n- culture of crustaceans, bivalves, other molluscs and other aquatic animals in sea water"	"This class also includes:\n- aquaculture activities in brackish waters\n- land-based aquaculture activities in salt water filled tanks and reservoirs\n- operation of marine fish hatcheries and marine worm farms\n- marine microalgae cultivation"	"This class excludes:\n- frog farming, see 03.22\n- operation of sport fishing preserves, see 93.19"
"550"	"0322"	"03.22"	"Freshwater aquaculture"	"032"	"03.2"	"4"		"This class includes:\n- fish farming in freshwater, including farming of freshwater ornamental fish\n- culture of freshwater crustaceans, bivalves, other molluscs and other aquatic animals\n- operation of fish hatcheries (freshwater)\n- farming of frogs\n- growing of seaweed and algae (edible or not)"	"This class also includes:\n- freshwater microalgae cultivation"	"This class excludes:\n- aquaculture activities in salt water filled tanks and reservoirs, see 03.21\n- operation of sport fishing preserves, see 93.19"
"554"	"033"	"03.3"	"Support activities for fishing and aquaculture"	"03"	"03"	"3"				
"556"	"0330"	"03.30"	"Support activities for fishing and aquaculture"	"033"	"03.3"	"4"		"This class includes:\n- service activities incidental to marine or freshwater fishery or aquaculture, e.g.:\n • diving services for aquaculture \n • remotely operated underwater vehicles (ROV) services for aquaculture \n • repair and maintenance services for fish cages \n • other support activities on fishing and aquaculture n.e.c."	"This class also includes:\n- fishery (fishery guard) and aquaculture control"	"This class excludes:\n- fishing and aquaculture activities, see 03.1, 03.2\n- processing of fish and aquaculture products on factory ships or in factories ashore, see 10.20\n- processing of fish, crustaceans and molluscs, see 10.20\n- activities related to the servicing of equipment and/or vessels, see division 33\n- distribution of fisheries and aquaculture products, see divisions 46, 47, 52\n- fishing practiced for sport or recreation and related services, see 93.19\n- operation of sport fishing preserves, see 93.19"
"560"	"B"	"B"	"MINING AND QUARRYING"			"1"		"Mining and quarrying include the extraction of minerals occurring naturally as solids (coal and ores), liquids (petroleum) or gases (natural gas). Extraction can be achieved by different methods (for example, underground or surface mining, well operation, seabed mining).\n\nThis section includes supplementary activities aimed at preparing the crude materials for marketing (for example, crushing, grinding, cleaning, drying, sorting, concentrating ores and liquefaction of natural gas). \n\nMining activities are classified into divisions, groups and classes on the basis of the principal mineral produced. Divisions 05 and 06 are concerned with mining and quarrying of fossil fuels (coal, lignite, petroleum, gas); divisions 07 and 08 concern metal ores, various minerals and quarry products. \n\nSome of the technical operations of this section, particularly related to the extraction of hydrocarbons, may also be carried out for third parties by specialised units as an industrial service activity which is reflected in division 09."		"This section excludes:\n- further processing of the extracted materials, see section C \n- use of the extracted materials without further transformation for construction purposes, see section F \n- bottling of natural spring and mineral waters at springs and wells, see 11.07\n- remediation of mine sites, see 39.00"
"570"	"05"	"05"	"Mining of coal and lignite"	"B"	"B"	"2"		"This division includes the extraction of solid mineral fuels through underground or open-cast mining and includes operations (for example, grading, cleaning, compressing and other steps necessary for transport) leading to a marketable product."		"This division excludes:\n- coking, see 19.10\n- services incidental to coal or lignite mining, see 09.90\n- manufacture of briquettes, see 19.20"
"580"	"051"	"05.1"	"Mining of hard coal"	"05"	"05"	"3"				
"590"	"0510"	"05.10"	"Mining of hard coal"	"051"	"05.1"	"4"		"This class includes:\n- mining of hard coal: underground or surface mining, including mining through liquefaction methods\n- cleaning, sizing, grading, pulverising, compressing, etc. of coal to classify, improve quality or facilitate transport or storage"	"This class also includes:\n- recovery of hard coal from culm banks"	"This class excludes:\n- lignite mining, see 05.20\n- peat digging, see 08.92\n- support activities for hard coal mining, see 09.90\n- test drilling for coal mining, see 09.90\n- coke ovens producing solid fuels, see 19.10\n- manufacture of hard coal briquettes, ovoids and similar solid hard coal fuels, see 19.20\n- work performed to develop or prepare properties for coal mining, see 43.12"
"600"	"052"	"05.2"	"Mining of lignite"	"05"	"05"	"3"				
"610"	"0520"	"05.20"	"Mining of lignite"	"052"	"05.2"	"4"		"This class includes:\n- mining of lignite (brown coal): underground or surface mining, including mining through liquefaction methods\n- washing, dehydrating, pulverising, compressing of lignite to improve quality or facilitate transport or storage"		"This class excludes:\n- hard coal mining, see 05.10\n- peat digging, see 08.92\n- support activities for lignite mining, see 09.90\n- test drilling for coal mining, see 09.90\n- manufacture of lignite fuel briquettes, ovoids and similar solid lignite fuels, see 19.20\n- work performed to develop or prepare properties for lignite mining, see 43.12"
"620"	"06"	"06"	"Extraction of crude petroleum and natural gas"	"B"	"B"	"2"		"This division includes the production of crude petroleum, the mining and extraction of oil from oil shale and oil sands, and the production of natural gas and recovery of hydrocarbon liquids. \nThis division also includes the activities of operating and/or developing oilfields and gas fields. Such activities may include drilling, completing and equipping wells; operating separators, emulsion breakers, desalting equipment and field-gathering lines for crude petroleum; all other activities in the preparation of oil and gas up to the point of shipment from the producing property."		"This division excludes:\n- support activities for oilfields and gas fields, performed on a fee or contract basis, see 09.10\n- exploration of oil and gas wells, see 09.10\n- test drilling and boring in connection with petroleum or gas extraction, see 09.10\n- refining of petroleum products, see 19.20\n- geophysical, geologic and seismic surveying, see 71.12"
"630"	"061"	"06.1"	"Extraction of crude petroleum"	"06"	"06"	"3"				
"640"	"0610"	"06.10"	"Extraction of crude petroleum"	"061"	"06.1"	"4"		"This class includes:\n- extraction of crude petroleum oils"	"This class also includes:\n- extraction of bituminous or oil shale and tar sand\n- production of crude petroleum from bituminous shale and sand\n- processes to obtain crude oils (e.g. decantation, desalting, dehydration, stabilisation)"	"This class excludes:\n- extraction of condensates or natural gas liquids, see 06.20 \n- support activities for oil and natural gas extraction, see 09.10\n- oil and gas exploration, see 09.10\n- production of natural gas liquids from crude petroleum (crude oil), see 19.20\n- manufacture of refined petroleum products, see 19.20\n- recovery of liquefied petroleum gases in the refining of petroleum, see 19.20\n- operation of pipelines, see 49.50"
"650"	"062"	"06.2"	"Extraction of natural gas"	"06"	"06"	"3"				
"660"	"0620"	"06.20"	"Extraction of natural gas"	"062"	"06.2"	"4"		"This class includes:\n- production of crude gaseous hydrocarbon (natural gas)\n- extraction of condensates\n- draining and separation of liquid hydrocarbon fractions\n- gas desulphurisation\n- extraction of coal mine methane"	"This class also includes:\n- mining of hydrocarbon liquids obtained through liquefaction or pyrolysis\n- fracking to extract coal seam gas"	"This class excludes:\n- support activities for oil and natural gas extraction, see 09.10\n- oil and gas exploration, see 09.10\n- production of natural gas liquids from crude petroleum (crude oil), see 19.20\n- recovery of liquefied petroleum gases in the refining of petroleum, see 19.20\n- manufacture of industrial gases, see 20.11\n- operation of pipelines, see 49.50"
"670"	"07"	"07"	"Mining of metal ores"	"B"	"B"	"2"		"This division includes mining for metallic minerals (ores), performed through underground or open-cast extraction, seabed mining, and so on."	"This division also includes:\n- ore dressing and beneficiating operations (e.g. crushing, grinding, washing, drying, sintering, calcining or leaching ore, gravity separation or flotation operations)"	"This division excludes:\n- roasting of iron pyrites, see 20.13\n- operation of blast furnaces, see division 24\n- production of aluminium oxide, see 24.42"
"680"	"071"	"07.1"	"Mining of iron ores"	"07"	"07"	"3"				
"690"	"0710"	"07.10"	"Mining of iron ores"	"071"	"07.1"	"4"		"This class includes:\n- mining of ores valued chiefly for iron content\n- beneficiation of iron ores"		"This class excludes:\n- extraction and preparation of pyrites and pyrrhotite (except roasting), see 08.91"
"700"	"072"	"07.2"	"Mining of non-ferrous metal ores"	"07"	"07"	"3"		"This group includes the mining of non-ferrous metal ores."		
"710"	"0721"	"07.21"	"Mining of uranium and thorium ores"	"072"	"07.2"	"4"		"This class includes:\n- mining of ores chiefly valued for uranium and thorium content: pitchblende, etc.\n- concentration of such ores\n- manufacture of yellowcake"		"This class excludes:\n- enrichment of uranium and thorium ores, see 20.13\n- production of uranium metal from pitchblende or other ores, see 24.46\n- smelting and refining of uranium, see 24.46"
"720"	"0729"	"07.29"	"Mining of other non-ferrous metal ores"	"072"	"07.2"	"4"		"This class includes:\n- mining and preparation of ores chiefly valued for non-ferrous metal content:\n • aluminium (bauxite), copper, lead, zinc, tin, manganese, chrome, nickel, cobalt, molybdenum, tantalum, vanadium, lithium/spodumene, etc.\n • precious metals: gold, silver, platinum"		"This class excludes:\n- mining and preparation of uranium and thorium ores, see 07.21\n- production of aluminium oxide, see 24.42\n- production of mattes of copper, see 24.44\n- production of mattes of nickel, see 24.45"
"730"	"08"	"08"	"Other mining and quarrying"	"B"	"B"	"2"		"This division includes extraction from a mine or quarry, but also dredging of alluvial deposits, rock crushing and the use of salt marshes. The products are used most notably in construction (for example, sands, stones), the manufacture of materials (for example, clay, gypsum, calcium), the manufacture of chemicals, and so on."		"This division excludes processing (except crushing, grinding, cutting, cleaning, drying, sorting and mixing) of the minerals extracted, see section C."
"740"	"081"	"08.1"	"Quarrying of stone, sand and clay"	"08"	"08"	"3"				
"750"	"0811"	"08.11"	"Quarrying of ornamental stone, limestone, gypsum, slate and other stone"	"081"	"08.1"	"4"		"This class includes:\n- quarrying, rough trimming and sawing of monumental and building stone (for example, marble, granite, sandstone)\n- breaking and crushing of ornamental and building stone\n- quarrying, crushing and breaking of limestone\n- mining of gypsum and anhydrite\n- mining of chalk and uncalcined dolomite\n- production of granules, chippings and powder of extracted stones, whether heat-treated or not"		"This class excludes:\n- mining of chemical and fertiliser minerals, see 08.91\n- production of calcined dolomite, see 23.52\n- cutting, shaping and finishing of stone outside quarries, see 23.70"
"760"	"0812"	"08.12"	"Operation of gravel and sand pits and mining of clay and kaolin"	"081"	"08.1"	"4"		"This class includes:\n- extraction and dredging of industrial sand, sand for construction and gravel\n- breaking and crushing of gravel\n- quarrying of sand\n- mining of clays, refractory clays and kaolin"		"This class excludes:\n- mining of bituminous sand, see 06.10"
"770"	"089"	"08.9"	"Mining and quarrying n.e.c."	"08"	"08"	"3"				
"780"	"0891"	"08.91"	"Mining of chemical and fertiliser minerals"	"089"	"08.9"	"4"		"This class includes:\n- mining of natural phosphates and natural potassium salts\n- mining of native sulphur\n- extraction and preparation of pyrites and pyrrhotite, except roasting\n- mining of natural barium sulphate and carbonate (barytes and witherite), natural borates, natural magnesium sulphates (kieserite)\n- mining of earth colours, fluorspar and other minerals valued chiefly as a source of chemicals"	"This class also includes:\n- guano mining\n- mining of medicinal mud\n- extraction processes to produce lithium from brine"	"This class excludes:\n- extraction of salt, see 08.93\n- roasting of iron pyrites, see 20.13\n- manufacture of synthetic fertilisers and nitrogen compounds, see 20.15"
"790"	"0892"	"08.92"	"Extraction of peat"	"089"	"08.9"	"4"		"This class includes:\n- peat digging\n- preparation of peat to improve quality or facilitate transport/storage"		"This class excludes:\n- service activities incidental to peat mining, see 09.90\n- manufacture of peat briquettes, see 19.20\n- manufacture of potting soil mixtures (e.g. of peat, natural soil, sands, clays, fertiliser minerals), see 20.15\n- manufacture of articles of peat, see 23.99"
"800"	"0893"	"08.93"	"Extraction of salt"	"089"	"08.9"	"4"		"This class includes:\n- extraction of salt from underground, including by dissolving and pumping\n- salt production by evaporation of sea water or other saline waters\n- crushing, purification and refining of salt by the producer"		"This class excludes:\n- processing of salt into food-grade salt (e.g. iodised salt), see 10.84\n- potable water production by evaporation of saline water, see 36.00"
"810"	"0899"	"08.99"	"Other mining and quarrying n.e.c."	"089"	"08.9"	"4"		"This class includes:\n- mining and quarrying of various minerals and materials:\n • abrasive materials, asbestos, siliceous fossil meals, natural graphite, steatite (talc), feldspar, etc.\n • natural asphalt, asphaltites and asphaltic rock; natural solid bitumen\n • gemstones, quartz, mica, etc."		
"820"	"09"	"09"	"Mining support service activities"	"B"	"B"	"2"		"This division includes specialised support services incidental to mining provided on a fee or contract basis. It includes exploration services through traditional prospecting methods (for example, taking core samples and making geological observations as well as drilling, test drilling or redrilling for oil wells, metallic and non-metallic minerals). Other typical services cover building oil and gas well foundations, cementing oil and gas well casings, cleaning, bailing and swabbing oil and gas wells, draining and pumping mines, and so on."		
"830"	"091"	"09.1"	"Support activities for petroleum and natural gas extraction"	"09"	"09"	"3"				
"840"	"0910"	"09.10"	"Support activities for petroleum and natural gas extraction"	"091"	"09.1"	"4"		"This class includes:\n- oil and gas extraction service activities provided on a fee or contract basis:\n • exploration services in connection with petroleum or gas extraction (e.g. traditional prospecting methods, making geological observations at prospective sites)\n • directional drilling and redrilling; 'spudding in'; derrick erection in situ, repairing and dismantling; cementing oil and gas well casings; pumping of wells; plugging and abandoning wells, etc.\n • liquefaction and regasification of natural gas for the purpose of transport, done at the mine site\n • draining and pumping services on a fee or contract basis\n • test drilling in connection with petroleum or gas extraction"	"This class also includes:\n- firefighting services and fire-prevention services for oilfields and gas fields"	"This class excludes:\n- service activities performed by operators of oilfields or gas fields, see 06.10, 06.20\n- specialised repair and maintenance of drilling and extraction machinery and equipment, see 33.12\n- specialised offshore installation, repair and maintenance of equipment that forms an integral part of floating platforms, see division 43\n- liquefaction and regasification of natural gas for the purpose of land or water transport, not done at the mine site, see 52.21 or 52.22\n- geophysical surveying services, on a contract or fee basis, see 71.12"
"850"	"099"	"09.9"	"Support activities for other mining and quarrying"	"09"	"09"	"3"				
"860"	"0990"	"09.90"	"Support activities for other mining and quarrying"	"099"	"09.9"	"4"		"This class includes:\n- support services on a fee or contract basis, required for mining activities of divisions 05, 07, 08\n • exploration services by using traditional prospecting methods (e.g. taking core samples and making geological observations at prospective sites)\n • draining and pumping services on a fee or contract basis\n • test drilling and test hole boring\n- securing mine shafts and tunnels\n- demolition and dismantling of underground mining facilities"		"This class excludes:\n- operating mines or quarries on a contract or fee basis, see divisions 05, 07, 08\n- specialised repair and maintenance of mining machinery, see 33.12\n- geophysical surveying services, on a contract or fee basis, see 71.12"
"870"	"C"	"C"	"MANUFACTURING"			"1"		"This section includes the physical, mechanical, chemical or biological transformation of materials, substances, or components into new products, although this cannot be used as the single universal criterion for defining manufacturing (see remark on processing of waste below). The materials, substances, or components undergoing transformation are either raw materials or products of agriculture, forestry, fishing, mining or quarrying as well as products of other manufacturing activities. Substantial alteration, renovation or reconstruction of goods is generally considered to be manufacturing.\n\nThe output of a manufacturing process may be finished in the sense that it is ready for use or consumption, or it may be semi-finished in the sense that it is to become an input for further manufacturing. For example, the output of alumina refining is the input used in the primary production of aluminium; primary aluminium is the input to aluminium wire drawing; aluminium wire is the input for the manufacture of fabricated wire products.\n\nManufacture of specialised components and parts of, and accessories and attachments to machinery and equipment is, as a general rule, classified in the same class as the manufacture of the machinery and equipment for which the parts and accessories are intended. Manufacture of unspecialised components and parts of machinery and equipment (for example, engines, pistons, electric motors, electrical assemblies, valves, gears, roller bearings, is classified in the appropriate class of manufacturing, without regard to the machinery and equipment in which these items may be included.\n\nMaking specialised components and accessories by moulding or extruding plastics materials is usually included in group 22.2.\n\nAssembly of the component parts of manufactured products is considered manufacturing. This includes the assembly of manufactured products from either self-produced or purchased components. \n\nThe recovery of waste, in other words, the processing of waste into secondary raw materials* is classified in group 38.2. While this may involve physical, mechanical, biological or chemical transformations, this is not considered to be a part of manufacturing activities. The primary purpose of these activities is considered to be the treatment or processing of waste and they are therefore classified in section E. However, the manufacture of new products from secondary raw materials is classified in manufacturing, even if these processes use waste as an input (for example, the production of silver from film waste is considered to be a manufacturing process).\n\nSpecialised maintenance and repair of industrial, commercial and similar machinery and equipment is, in general, classified in division 33. However, the repair and maintenance of computers, personal and household goods, motor vehicles and motorcycles is classified in division 95.\n\nThe installation of machinery and equipment, when carried out as a specialised activity, is classified in class 33.20.\n\nMaintenance, repair and installation of equipment that forms an integral part of buildings or similar structures (for example, maintenance, repair and installation of escalators or of air-conditioning systems, is classified as construction in section F, if carried out at the construction site). \n\nThis section also contains the activities of factoryless goods producers (FGPs) in manufacturing (see introductory guidelines, paragraph xx).\n\nAs a general rule, the activities in the manufacturing section involve the transformation of materials into new, rebuilt and remanufactured products. Their output is a new product. As clarification, the following activities are considered manufacturing in NACE:\n- fresh fish processing (oyster shucking, fish filleting), not done on a fishing boat, see 10.20\n- milk pasteurising and bottling, see 10.51\n- leather converting, see 15.11\n- wood preserving, see 16.12\n- printing and related activities, excluding published goods, see 18.1\n- tyre retreading, see 22.11\n- ready-mixed concrete production, see 23.63\n- galvanising, electroplating, plating, etc., and other metallic or non-metallic coating of metals, see 25.51\n- heat treatment of metals, see 25.52\n- refilling of ink cartridges, see 26.20\n- refilling or recharging of fire extinguishers, see 28.29\n- rebuilding or remanufacture of machinery (e.g. automobile engines), see 29.10\n- assembly provided by a seller or blending of several products to be sold. If assembly is provided by a contractor, this activity should be classified in manufacturing.\n\nConversely, there are activities that, although sometimes involving transformation processes, are classified in other sections of NACE; in other words, they are not considered as manufacturing. They include:\n- logging, classified in section A\n- beneficiating of agricultural products, classified in section A\n- preparation of food for immediate consumption on the premises, classified in division 56\n- beneficiating of ores and other minerals, classified in section B\n- production of gaseous fuels for energy supply through a permanent network, classified in section D\n- production of compost from organic waste, classified in section E\n- assembly provided as part of a delivery or by a seller; however, if assembly is the main activity provided by a contractor, it is classified in manufacturing\n- activities of breaking bulk and redistribution in smaller lots, including packaging, repackaging, or bottling products (e.g. as liquors or chemicals); sorting and reselling of scrap; mixing paints to customer order; cutting metals to customer order; treatment not resulting in a different good, classified in section G\n- publishing and the combined activities of publishing and printing, classified in section J\n\nNote: * secondary raw materials are materials and products which can be used as raw materials by simple reuse, or via recycling and recovery."		
"880"	"10"	"10"	"Manufacture of food products"	"C"	"C"	"2"		"This division includes the processing of products of agriculture, forestry and fishing into food for humans or animals, and includes the production of various intermediate products that are not directly food products. The activity often generates associated products of greater or lesser value (for example, hides from slaughtering, or oilcake from oil production).\n\nThis division is organised by activities dealing with different kinds of products: meat, fish, fruits and vegetables, fats and oils, milk products, grain mill products, animal feed and other food products. Production can be carried out for own account, as well as for third parties, as in custom slaughtering.\n\nSome activities are considered manufacturing even though there is retail sale of the products in the producers’ own shop (for example, those activities performed in bakeries, pastry shops and prepared meat shops which sell their own production). However, where the processing is minimal and does not lead to a real transformation, the unit is classified to section G."	"This division also includes the manufacture of liquids considered food or that use similar manufacturing processes (for example, milk and fruit juice/ concentrate)."	"This division excludes the preparation of meals for immediate consumption, see division 56."
"890"	"101"	"10.1"	"Processing and preserving of meat and production of meat products"	"10"	"10"	"3"				
"900"	"1011"	"10.11"	"Processing and preserving of meat, except of poultry meat"	"101"	"10.1"	"4"		"This class includes:\n- operation of slaughterhouses engaged in killing, dressing or packing meat: beef, pork, lamb, rabbit, mutton, camel, etc.\n- production of fresh, chilled or frozen meat, in carcasses\n- production of fresh, chilled or frozen meat, in cuts"	"This class also includes:\n- slaughtering and processing of whales on land or on specialised vessels\n- production of hides and skins originating from slaughterhouses (e.g. by fellmongery and salting)\n- rendering and refining of lard and other edible animal fats\n- processing of animal offal\n- production of pulled wool"	"This class excludes:\n- rendering of edible poultry fats, see 10.12\n- production of dried, salted or smoked meat, and meat products, see 10.13"
"910"	"1012"	"10.12"	"Processing and preserving of poultry meat"	"101"	"10.1"	"4"		"This class includes:\n- operation of slaughterhouses engaged in killing, dressing or packing poultry\n- production of fresh, chilled or frozen meat in individual portions\n- rendering of edible poultry fats"	"This class also includes:\n- cleaning, disinfecting, treating for preservation, and trimming of feathers and down"	
"920"	"1013"	"10.13"	"Production of meat and poultry meat products"	"101"	"10.1"	"4"		"This class includes:\n- production of preserved meat (e.g. by cooking, drying, salting or smoking)\n- production of meat products:\n • sausages, salami, puddings, andouillettes, saveloys, bolognas, pâtés, rillettes, boiled ham"		"This class excludes:\n- manufacture of prepared meat and poultry dishes, see 10.85\n- manufacture of soup containing meat, see 10.89\n- wholesale of meat, see 46.32"
"930"	"102"	"10.2"	"Processing and preserving of fish, crustaceans and molluscs"	"10"	"10"	"3"				
"940"	"1020"	"10.20"	"Processing and preserving of fish, crustaceans and molluscs"	"102"	"10.2"	"4"		"This class includes:\n- preparation and preservation of fish, crustaceans and molluscs (e.g. freezing, deep-freezing, drying, cooking, smoking, salting, immersing in brine, canning)\n- production of fish, crustacean and mollusc products: fish fillets, roes, caviar, caviar substitutes, etc.\n- production of fishmeal for human consumption or animal feed\n- production of meals and solubles from fish and other aquatic animals unfit for human consumption"	"This class also includes:\n- activities of factory vessels not engaged in fishing and only in the processing and preserving of fish\n- processing of seaweed\n- removing fish heads, gutting and cutting fish into pieces, and then freezing"	"This class excludes:\n- processing and preserving of fish on vessels engaged in fishing, see 03.11\n- processing of whales on land or specialised vessels, see 10.11\n- production of oils and fats of fish and marine mammals, see 10.41\n- manufacture of prepared fish dishes, see 10.85\n- manufacture of fish soups, see 10.89"
"950"	"103"	"10.3"	"Processing and preserving of fruit and vegetables"	"10"	"10"	"3"				
"960"	"1031"	"10.31"	"Processing and preserving of potatoes"	"103"	"10.3"	"4"		"This class includes:\n- processing and preserving of potatoes:\n • manufacture of prepared frozen potatoes\n • manufacture of dehydrated mashed potatoes\n • manufacture of potato snacks\n • manufacture of potato crisps\n • manufacture of potato flour and meal\n • peeling and cutting of potatoes"		
"970"	"1032"	"10.32"	"Manufacture of fruit and vegetable juice"	"103"	"10.3"	"4"		"This class includes:\n- manufacture of fruit or vegetable juices"	"This class also includes:\n- production of concentrates from fresh fruits and vegetables"	"This class excludes:\n- manufacture of beverages produced with fruit nectars, see 11.07"
"980"	"1039"	"10.39"	"Other processing and preserving of fruit and vegetables"	"103"	"10.3"	"4"		"This class includes:\n- manufacture of food consisting chiefly of fruits or vegetables\n- preserving of fruits, nuts or vegetables (e.g. freezing, drying, freeze-drying, drying by infra-red radiation, immersing in oil or in vinegar, canning, high pressure, high temperature)\n- manufacture of fruit or vegetable food products\n- manufacture of jams, marmalades and table jellies\n- shelling, peeling and roasting of nuts\n- manufacture of nut foods and pastes"	"This class also includes:\n- manufacture of perishable prepared foods of fruits and vegetables, e.g.:\n • salads; mixed salads, packaged\n • peeled or cut vegetables\n • tofu (bean curd)"	"This class excludes:\n- manufacture of fruit and vegetable juices, see 10.32\n- manufacture of flour or meal of dried leguminous vegetables, see 10.61\n- preservation of fruits and nuts in sugar, see 10.82\n- manufacture of prepared vegetable dishes, see 10.85\n- manufacture of artificial concentrates, see 10.89"
"990"	"104"	"10.4"	"Manufacture of vegetable and animal oils and fats"	"10"	"10"	"3"		"This group includes the manufacture of crude and refined oils and fats from vegetable or animal materials."		"This group excludes the rendering or refining of lard and edible animal fats of bovine animals, sheep, goats, pigs and poultry, see 10.1."
"1000"	"1041"	"10.41"	"Manufacture of oils and fats"	"104"	"10.4"	"4"		"This class includes:\n- manufacture of crude and refined vegetable oils (e.g. olive oil, soya-bean oil, hemp oil, sunflower seed oil, rape oil)\n- manufacture of non-defatted flour or meal of oilseeds, oil nuts or oil kernels\n- processing of vegetable oils (e.g. blowing, boiling, dehydration, hydrogenation)"	"This class also includes:\n- manufacture of non-edible animal oils and fats\n- extraction of fish and marine mammal oils\n- production of cotton linters, oilcakes and other residual products of oil production"	"This class excludes:\n- rendering and refining of lard and other edible fats of bovine animals, sheep, goats or pigs, see 10.11\n- rendering of edible poultry fats, see 10.12\n- manufacture of margarine, see 10.42\n- wet corn milling, see 10.62\n- manufacture of corn oil, see 10.62\n- manufacture of essential oils, see 20.59\n- treatment of oil and fats by chemical processes, see 20.59"
"1010"	"1042"	"10.42"	"Manufacture of margarine and similar edible fats"	"104"	"10.4"	"4"		"This class includes:\n- manufacture of margarine\n- manufacture of melanges and similar spreads\n- manufacture of compound cooking fats"		
"1020"	"105"	"10.5"	"Manufacture of dairy products and edible ice"	"10"	"10"	"3"				"This group excludes:\n- production of plant-based milk substitutes, see 11.07"
"1030"	"1051"	"10.51"	"Manufacture of dairy products"	"105"	"10.5"	"4"		"This class includes:\n- manufacture of fresh liquid milk, pasteurised, sterilised, homogenised and/or ultra-heat treated\n- manufacture of milk-based drinks\n- manufacture of cream from fresh liquid milk, pasteurised, sterilised, homogenised\n- manufacture of dried or concentrated milk, whether or not sweetened\n- manufacture of milk or cream in solid form\n- manufacture of butter\n- manufacture of yoghurt\n- manufacture of cheese and curd\n- refining and ageing cheese\n- manufacture of whey\n- manufacture of casein\n- manufacture of lactose-free dairy products"	"This class also includes:\n- manufacture of milk kefir\n- manufacture of lactose and lactose syrup"	"This class excludes:\n- production of raw milk of cattle, see 01.41\n- production of raw milk of sheep, goats, horses, asses, camels, etc., see 01.43, 01.44, 01.45\n- production of milk-based dietary drinks, see 10.86\n- production of dairy-based infant formulae, see 10.86\n- manufacture of cheese substitutes, see 10.89\n- manufacture of fruit kefir and water kefir, see 11.03\n- manufacture of non-dairy milk (e.g. plant-based milk), see 11.07"
"1040"	"1052"	"10.52"	"Manufacture of ice cream and other edible ice"	"105"	"10.5"	"4"		"This class includes:\n- manufacture of ice cream and other edible ice (e.g. sorbet)"		"This class excludes:\n- production of ice from natural water for cooling purposes, see 35.30\n- activities of ice cream parlours, see 56.1"
"1050"	"106"	"10.6"	"Manufacture of grain mill products, starches and starch products"	"10"	"10"	"3"		"This group includes the milling of flour or meal from grains or vegetables, the cleaning, polishing and milling of rice, as well as the micronisation and thermal processing of flour and the manufacture of flour mixes or doughs from these products."	"Also included in this group are the wet milling of corn and vegetables and the manufacture of starch and starch products. This group also includes the manufacture of gluten-free mill products."	"This group excludes:\n- grain drying on a fee or contract basis, see 01.63"
"1060"	"1061"	"10.61"	"Manufacture of grain mill products"	"106"	"10.6"	"4"		"This class includes:\n- grain milling: production of flour, semolina, groats, meal or pellets of wheat, rye, oats, maize (corn) or other cereal grains\n- rice milling: production of husked, milled, polished, glazed, parboiled or converted rice; production of rice flour\n- vegetable milling: production of flour or meal of dried leguminous vegetables, of roots or tubers, or of edible nuts\n- manufacture of cereal breakfast foods\n- manufacture of flour mixes and prepared blended flour and dough for bread, cakes, biscuits, pancakes, etc."		"This class excludes:\n- preparation of crops for primary markets (e.g. cleaning, trimming, grading etc.), see 01.63\n- grain drying on a fee or contract basis, see 01.63\n- manufacture of potato flour and meal, see 10.31\n- wet corn milling, see 10.62"
"1070"	"1062"	"10.62"	"Manufacture of starches and starch products"	"106"	"10.6"	"4"		"This class includes:\n- manufacture of starches from rice, potatoes, maize, etc.\n- wet corn milling\n- manufacture of glucose, glucose syrup, maltose, inulin, etc.\n- manufacture of gluten\n- manufacture of tapioca and tapioca substitutes prepared from starch\n- manufacture of corn oil"		"This class excludes:\n- manufacture of lactose (milk sugar), see 10.51\n- production of cane or beet sugar, see 10.81"
"1080"	"107"	"10.7"	"Manufacture of bakery and farinaceous products"	"10"	"10"	"3"		"This group includes the production of bakery products, macaroni, noodles and similar products."	"This group also includes:\n- manufacture of gluten-free bakery and farinaceous products"	
"1090"	"1071"	"10.71"	"Manufacture of bread; manufacture of fresh pastry goods and cakes"	"107"	"10.7"	"4"		"This class includes:\n- manufacture of bakery products:\n • bread and rolls\n • pastry, cakes, pies, tarts, pancakes, waffles, etc."	"This class also includes:\n- manufacture of pre-baked bread"	"This class excludes:\n- manufacture of dry bakery products, see 10.72\n- manufacture of pastas, see 10.73\n- retail sale of bread and rolls baked on the premises from pre-baked products, see 47.24"
"1100"	"1072"	"10.72"	"Manufacture of rusks, biscuits, preserved pastries and cakes"	"107"	"10.7"	"4"		"This class includes:\n- manufacture of rusks, biscuits and other dry bakery products\n- manufacture of preserved pastry goods, cakes and waffles\n- manufacture of snack products (cookies, crackers, pretzels, etc.), whether sweet or salted"	"This class also includes:\n- manufacture of breadcrumbs, obtained by grinding toasted bread"	"This class excludes:\n- manufacture of potato snacks, see 10.31"
"1110"	"1073"	"10.73"	"Manufacture of farinaceous products"	"107"	"10.7"	"4"		"This class includes:\n- manufacture of pastas (e.g. macaroni and noodles), whether or not cooked or stuffed\n- manufacture of couscous"		"This class excludes:\n- manufacture of prepared meals and dishes based on pasta and/or couscous dishes, see 10.85\n- manufacture of soup containing pasta, see 10.89"
"1120"	"108"	"10.8"	"Manufacture of other food products"	"10"	"10"	"3"		"This group includes the production of sugar and confectionery, prepared meals and dishes, coffee, tea and spices."		
"1130"	"1081"	"10.81"	"Manufacture of sugar"	"108"	"10.8"	"4"		"This class includes:\n- manufacture or refining of sugar (sucrose) and sugar substitutes from the juice of cane, beet, maple and palm\n- manufacture of sugar syrups\n- manufacture of molasses\n- production of maple syrup and sugar"		"This class excludes:\n- gathering of maple syrup in the wild, see 02.30\n\t- manufacture of lactose and lactose syrup, see 10.51\n\t- manufacture of glucose, glucose syrup, maltose, see 10.62"
"1140"	"1082"	"10.82"	"Manufacture of cocoa, chocolate and sugar confectionery"	"108"	"10.8"	"4"		"This class includes:\n- manufacture of cocoa, cocoa butter, cocoa fat, cocoa oil\n- manufacture of chocolate and chocolate confectionery\n- manufacture of sugar confectionery: caramels, cachous, nougats, fondant, white chocolate\n- manufacture of chewing gum\n- preserving in sugar of fruits, nuts, fruit peels and other parts of plants\n- manufacture of confectionery lozenges and pastilles\n- manufacture of sugar-free confectionery"		"This class excludes:\n- manufacture of sucrose sugar, see 10.81"
"1150"	"1083"	"10.83"	"Processing of tea and coffee"	"108"	"10.8"	"4"		"This class includes:\n- decaffeinating and roasting of coffee\n- production of coffee products:\n • ground coffee\n • soluble coffee\n • extracts and concentrates of coffee\n- manufacture of coffee substitutes\n- blending of tea and maté\n- manufacture of extracts and preparations based on tea or maté"	"This class also includes:\n- manufacture of herb infusions (mint, vervain, chamomile, etc.)\n- manufacture of tea and coffee filled in bags, pads or capsules"	"This class excludes:\n- drying, sorting, cleaning and cutting in the processing of medicinal herbs by third parties, see 01.63\n- manufacture of inulin, see 10.62\n- manufacture of spirits, beer, wine and soft drinks, see division 11\n- preparation of botanical products for pharmaceutical use, see 21.20"
"1160"	"1084"	"10.84"	"Manufacture of condiments and seasonings"	"108"	"10.8"	"4"		"This class includes:\n- manufacture of spices, sauces and condiments:\n • mayonnaise\n • mustard flour and meal\n • prepared mustard, etc.\n- manufacture of vinegar"	"This class also includes:\n- processing of salt into food-grade salt (e.g. iodised salt)\n- processing of condiments and herbs, including drying, sorting, cleaning and cutting"	"This class excludes:\n- growing of spice crops, see 01.28"
"1170"	"1085"	"10.85"	"Manufacture of prepared meals and dishes"	"108"	"10.8"	"4"		"This class includes the manufacture of ready-made (in other words, prepared, seasoned and cooked) meals and dishes. These dishes are processed and conserved (for example, in frozen or canned form) and are usually packaged and labelled for resale, in other words, this class excludes the preparation of meals for immediate consumption (for example, food prepared in restaurants or by caterers). To be considered a dish, these foods have to contain at least two distinct main ingredients (except seasonings, and so on).\n\nThis class includes:\n- manufacture of meat or poultry dishes\n- manufacture of fish dishes, including fish and chips\n- manufacture of pasta and rice dishes\n- manufacture of vegetable dishes\n- manufacture of frozen or otherwise preserved pizza and croque-monsieur"		"This class excludes:\n- manufacture of fresh foods or foods with less than two ingredients, see corresponding class in division 10\n- manufacture of perishable prepared foods of fruits and vegetables, see 10.39\n- manufacture of perishable prepared foods, see 10.89\n- wholesale of prepared meals and dishes, see 46.38\n- retail sale of prepared meals and dishes, see 47.11, 47.27\n- activities of event catering and contract catering services, see 56.2"
"1180"	"1086"	"10.86"	"Manufacture of homogenised food preparations and dietetic food"	"108"	"10.8"	"4"		"This class includes:\n- manufacture of foods for particular nutritional uses:\n • infant formulae\n • follow-up formulae milk and other follow-up foods\n • baby foods\n • low-energy and energy-reduced foods intended for weight control\n • foods for medical purposes"		"This class excludes:\n- manufacture of lactose-free dairy products, see 10.51\n- manufacture of gluten-free products, see 10.6, 10.7\n- manufacture of sugar-free confectionery, see 10.82"
"1190"	"1089"	"10.89"	"Manufacture of other food products n.e.c."	"108"	"10.8"	"4"		"This class includes the manufacture of food products edible within a maximum of three days after production:\n- manufacture of soups and broths\n- manufacture of perishable prepared foods, e.g.:\n • sandwiches\n • fresh (uncooked) pizza\n- manufacture of quiche and croque-monsieur"	"This class also includes:\n- manufacture of yeast\n- manufacture of extracts and juices of meat, fish, crustaceans or molluscs\n- manufacture of meat and cheese substitutes\n- manufacture of egg products (e.g. egg albumin)\n- manufacture of artificial concentrates\n- processing of purchased natural honey\n- production of semi-finished products for ice cream and pastries\n- manufacture of pre-cooked instant soups and instant noodles\n- manufacture of artificial honey and caramel\n- manufacture of malt extracts and syrups\n- manufacture of insect meal and other insect-based preparations"	"This class excludes:\n- manufacture of perishable prepared foods of fruits and vegetables, see 10.39\n- manufacture of tofu (bean curd), see 10.39\n- manufacture of frozen pizza, see 10.85\n- manufacture of spirits, beer, wine and soft drinks, see division 11\n- production of plant-based milk substitutes (e.g. coconut, rice, almond, soya-based beverages), see 11.07\n- manufacture of vitamins, see 21.10"
"1200"	"109"	"10.9"	"Manufacture of prepared animal feeds"	"10"	"10"	"3"				
"1210"	"1091"	"10.91"	"Manufacture of prepared feeds for farm animals"	"109"	"10.9"	"4"		"This class includes:\n- manufacture of prepared feed for farm animals, including concentrated animal feed and feed supplements\n- preparation of unmixed (single) feed for farm animals"	"This class also includes:\n- processing of waste products from the food industry into animal feed"	"This class excludes:\n- manufacture of meat products, see 10.13\n- manufacture of fishmeal for animal feed, see 10.20\n- manufacture of oilseed cake, see 10.41\n- activities resulting in by-products usable as animal feed without special treatment (e.g. oilseeds (see 10.41), grain milling residues (see 10.61), etc.)"
"1220"	"1092"	"10.92"	"Manufacture of prepared pet foods"	"109"	"10.9"	"4"		"This class includes:\n- manufacture of prepared feed for pets, including dogs, cats, birds, fish, etc."	"This class also includes:\n- processing of slaughter waste to produce animal feed"	"This class excludes:\n- manufacture of meat products, see 10.13\n- production of fishmeal for animal feed, see 10.20\n- production of oilseed cake, see 10.41\n- activities resulting in by-products usable as animal feed without special treatment (e.g. oilseeds (see 10.41), grain milling residues (see 10.61), etc.)"
"1230"	"11"	"11"	"Manufacture of beverages"	"C"	"C"	"2"		"This division includes the manufacture of beverages (for example, non-alcoholic beverages and mineral waters, the manufacture of alcoholic beverages mainly through fermentation, beer and wine, and the manufacture of distilled alcoholic beverages)."		"This division excludes:\n- manufacture of fruit and vegetable juices, see 10.32\n- manufacture of milk-based drinks, see 10.51\n- manufacture of coffee, tea and maté products, see 10.83"
"1240"	"110"	"11.0"	"Manufacture of beverages"	"11"	"11"	"3"				
"1250"	"1101"	"11.01"	"Distilling, rectifying and blending of spirits"	"110"	"11.0"	"4"		"This class includes:\n- manufacture of distilled, potable, alcoholic beverages: whisky, brandy, gin, liqueurs, etc.\n- manufacture of drinks mixed with distilled alcoholic beverages\n- blending of distilled spirits\n- production of neutral spirits"		"This class excludes:\n- manufacture of non-distilled alcoholic beverages, see 11.02 to 11.05\n- manufacture of synthetic ethyl alcohol, see 20.14\n- manufacture of ethyl alcohol from fermented materials, see 20.14\n- merely bottling and labelling, see 46.34 (if performed as part of wholesale) and 82.92 (if performed on a fee or contract basis)"
"1260"	"1102"	"11.02"	"Manufacture of wine from grape"	"110"	"11.0"	"4"		"This class includes:\n- manufacture of wine of fresh grapes\n- manufacture of sparkling wine\n- manufacture of fortified wines\n- manufacture of wine from concentrated grape must"	"This class also includes:\n- blending, purification and bottling of wine\n- manufacture of low or non-alcoholic wine"	"This class excludes:\n- manufacture of wine from raisins, see 11.03\n- merely bottling and labelling, see 46.34 (if performed as part of wholesale) and 82.92 (if performed on a fee or contract basis)"
"1270"	"1103"	"11.03"	"Manufacture of cider and other fruit fermented beverages"	"110"	"11.0"	"4"		"This class includes:\n- manufacture of fermented but not distilled alcoholic beverages: mead, sake, cider, perry and other fruit wines\n- manufacture of wine from raisins"	"This class also includes:\n- manufacture of mixtures of fermented beverages and non-alcoholic beverages n.e.c.\n- manufacture of fruit kefir and water kefir"	"This class excludes:\n- manufacture of wine from grapes, see 11.02\n- merely bottling and labelling, see 46.34 (if performed as part of wholesale) and 82.92 (if performed on a fee or contract basis)"
"1280"	"1104"	"11.04"	"Manufacture of other non-distilled fermented beverages"	"110"	"11.0"	"4"		"This class includes:\n- manufacture of aromatised wine of fresh grapes, flavoured with aromatic substances (e.g. vermouth)"		"This class excludes:\n- merely bottling and labelling, see 46.34 (if performed as part of wholesale) and 82.92 (if performed on a fee or contract basis)"
"1290"	"1105"	"11.05"	"Manufacture of beer"	"110"	"11.0"	"4"		"This class includes:\n- manufacture of malt liquors (e.g. beer, ale, porter, stout)"	"This class also includes:\n- manufacture of low alcohol or non-alcoholic beer"	
"1300"	"1106"	"11.06"	"Manufacture of malt"	"110"	"11.0"	"4"		"This class includes:\n- manufacture of malt from barley, wheat, or other grains"		"This class excludes:\n- manufacture of malt extracts and syrups, see 10.89"
"1310"	"1107"	"11.07"	"Manufacture of soft drinks and bottled waters"	"110"	"11.0"	"4"		"This class includes the manufacture of non-alcoholic beverages (except non-alcoholic beer and wine):\n- production of natural mineral waters and other bottled waters\n- manufacture of soft drinks:\n • non-alcoholic flavoured and/or sweetened waters: lemonade, orangeade, cola, fruit drinks, tonic waters, etc.\n- manufacture of other non-alcoholic beverages"	"This class also includes:\n- manufacture of beverages produced with fruit nectars\n- production of plant-based milk substitutes (e.g. coconut, rice, almond, soya-based beverages)"	"This class excludes:\n- production of fruit and vegetable juice, see 10.32\n- production of concentrates from fresh fruits and vegetables, see 10.32\n- manufacture of milk-based drinks, see 10.51\n- manufacture of coffee, tea and maté products, see 10.83\n- manufacture of alcohol-based drinks, see 11.01 to 11.05\n- manufacture of non-alcoholic wine, see 11.02\n- manufacture of non-alcoholic beer, see 11.05\n- merely bottling and labelling, see 46.34 (if performed as part of wholesale) and 82.92 (if performed on a fee or contract basis)"
"1320"	"12"	"12"	"Manufacture of tobacco products"	"C"	"C"	"2"		"This division includes the processing of an agricultural product, tobacco, into a form suitable for final consumption."		
"1330"	"120"	"12.0"	"Manufacture of tobacco products"	"12"	"12"	"3"				
"1340"	"1200"	"12.00"	"Manufacture of tobacco products"	"120"	"12.0"	"4"		"This class includes:\n- manufacture of tobacco products and products of tobacco substitutes: cigarettes, fine-cut tobacco, cigars, pipe tobacco, chewing tobacco, snuff\n- manufacture of homogenised or reconstituted tobacco"	"This class also includes:\n- stemming and redrying of tobacco"	"This class excludes:\n- growing or preliminary processing of tobacco, see 01.15, 01.63\n- manufacture of electronic cigarette vapour liquids, including closed refills, see 20.59\n- manufacture of electronic cigarettes (vapes), see 32.99"
"1350"	"13"	"13"	"Manufacture of textiles"	"C"	"C"	"2"		"This division includes preparation and spinning of textile fibres as well as textile weaving, finishing of textiles and wearing apparel, manufacture of technical textiles, manufacture of made-up textile articles, except apparel (for example, household linen, blankets, rugs, cordage)."		"This division excludes:\n- growing of natural fibres, see division 01\n- manufacture of wearing apparel, see division 14\n- manufacture of synthetic and artificial fibres, see 20.60"
"1360"	"131"	"13.1"	"Preparation and spinning of textile fibres"	"13"	"13"	"3"				
"1370"	"1310"	"13.10"	"Preparation and spinning of textile fibres"	"131"	"13.1"	"4"		"This class includes preparatory operations on textile fibres and the spinning of textile fibres. This can be done from varying raw materials, whether new or recycled textile materials (for example, silk, cotton, wool, vegetable or man-made fibres and paper cellulose-based fibres, such as wood or straw).\n\nThis class includes:\n- preparatory operations on textile fibres:\n • reeling and washing of silk\n • wool scouring, i.e. degreasing and carbonising of wool and dyeing of wool fleece\n • carding and combing of all kinds of animal, vegetable and man-made fibres\n- spinning and manufacture of yarn or thread for weaving or sewing, for trade or for further processing\n • scutching of flax\n • texturising, twisting, folding, cabling and dipping of synthetic or artificial filament yarns\n- spinning of recycled fibres from secondary raw materials"	"This class also includes:\n- manufacture of paper yarn"	"This class excludes:\n- preparatory operations carried out in combination with agriculture, see division 01\n- retting of plants bearing vegetable textile fibres (jute, flax, coir, etc.), not associated with the growing of vegetable textile fibres, see 01.63\n- cotton ginning, see 01.63\n- manufacture of synthetic or artificial fibres and tows, manufacture of single yarns (including high-tenacity yarn and yarn for carpets) of synthetic or artificial fibres, see 20.60\n- manufacture of glass fibres, see 23.14\n- processing of textile waste into secondary raw materials, see 38.21"
"1380"	"132"	"13.2"	"Weaving of textiles"	"13"	"13"	"3"				
"1390"	"1320"	"13.20"	"Weaving of textiles"	"132"	"13.2"	"4"		"This class includes weaving of textiles. This can be done from varying raw materials, whether new fibres or recycled textile materials (for example, silk, cotton, wool, vegetable or man-made fibres or paper, recovered textile waste materials).\n\nThis class includes:\n- manufacture of broad woven cotton-type, woollen-type, worsted-type or silk-type fabrics, including from mixtures or artificial or synthetic yarns (polypropylene, etc.)\n- manufacture of other broad woven fabrics, using flax, ramie, hemp, jute, bast fibres and special yarns\n- manufacture of broad woven fabrics, from secondary raw materials"	"This class also includes:\n- manufacture of woven pile or chenille fabrics, terry towelling, gauze, etc.\n- manufacture of woven fabrics of aramid threads\n- manufacture of imitation fur by weaving"	"This class excludes:\n- manufacture of knitted and crocheted fabrics, see 13.91\n- manufacture of textile floor coverings, see 13.93\n- manufacture of non-woven fabrics, see 13.95\n- manufacture of narrow fabrics, see 13.96\n- manufacture of tarpaulins, tents, camping goods of textile materials, windsurfing and boat sails, sunblinds, loose covers for cars, machines or furniture, parachutes, see 13.96\n- manufacture of fabrics of glass fibres, see 13.96\n- manufacture of felt, see 13.99\n- manufacture of carbon fibres and articles of carbon fibres, for non-electrical purposes, see 23.99"
"1400"	"133"	"13.3"	"Finishing of textiles"	"13"	"13"	"3"				
"1410"	"1330"	"13.30"	"Finishing of textiles"	"133"	"13.3"	"4"		"This class includes finishing of textiles and wearing apparel, in other words, bleaching, dyeing, dressing and similar activities.\n\nThis class includes:\n- bleaching and dyeing of textile fibres, yarns, fabrics and textile articles, including wearing apparel\n- dressing, drying, steaming, shrinking, mending, sanforising, mercerising of textiles and textile articles, including wearing apparel"	"This class also includes:\n- bleaching of jeans\n- pleating and similar work on textiles\n- waterproofing, coating, rubberising, or impregnating purchased garments\n- printing of textile fabrics as an intermediate process within the manufacture of textiles"	"This class excludes:\n- printing, including silkscreen printing, on textiles and wearing apparel, not as an intermediate process within the manufacture of textiles, see 18.12\n- laser engraving on textiles, see 18.12\n- manufacture of textile fabric impregnated, coated, covered or laminated with rubber where rubber is the primary constituent, see 22.12"
"1420"	"139"	"13.9"	"Manufacture of other textiles"	"13"	"13"	"3"		"This group includes the manufacture of products produced from textiles, except wearing apparel (for example, made-up textile articles, carpets and rugs, rope, narrow woven fabrics, trimmings)."		
"1430"	"1391"	"13.91"	"Manufacture of knitted and crocheted fabrics"	"139"	"13.9"	"4"		"This class includes:\n- manufacture and processing of knitted or crocheted fabrics:\n • pile and terry fabrics\n • net and window furnishing type fabrics\n • other knitted or crocheted fabrics"	"This class also includes:\n- manufacture of imitation fur by knitting"	"This class excludes:\n- manufacture of net and window furnishing type fabrics of lace, see 13.99\n- manufacture of knitted and crocheted apparel, see 14.10"
"1440"	"1392"	"13.92"	"Manufacture of household textiles and made-up furnishing articles"	"139"	"13.9"	"4"		"This class includes:\n- manufacture of made-up household textiles articles of any material, including of knitted or crocheted fabrics, e.g.:\n • blankets, including travelling rugs\n • bed, table, toilet or kitchen linen\n • quilts, eiderdowns, cushions, pouffes, pillows, sleeping bags\n- manufacture of made-up furnishing articles:\n • curtains, valances, bedspreads\n • flags, banners, pennants\n • dust-cloths, dishcloths and similar articles"	"This class also includes:\n- manufacture of the textile part of electric blankets\n- manufacture of hand-woven tapestries"	"This class excludes:\n- manufacture of textile articles for technical use, see 13.96\n- manufacture of blinds and sunblinds, see 13.96\n- manufacture of napkins and napkin liners for babies, period panties and similar articles of textile materials, see 17.22"
"1450"	"1393"	"13.93"	"Manufacture of carpets and rugs"	"139"	"13.9"	"4"		"This class includes:\n- manufacture of textile floor coverings, e.g.:\n • carpets, rugs and mats, tiles"	"This class also includes:\n- manufacture of needle-loom felt floor coverings\n- manufacture of artificial grass (synthetic turf)"	"This class excludes:\n- manufacture of mats and matting of plaiting materials, see 16.28\n- manufacture of floor coverings of cork, see 16.28\n- manufacture of resilient floor coverings (e.g. vinyl, linoleum) see 22.24"
"1460"	"1394"	"13.94"	"Manufacture of cordage, rope, twine and netting"	"139"	"13.9"	"4"		"This class includes:\n- manufacture of twine, cordage, rope and cables of textile fibres or strip, etc., whether or not impregnated, coated, covered or sheathed with rubber or plastics\n- manufacture of knotted netting of twine, cordage or rope\n- manufacture of products of rope or netting (e.g. fishing nets, ships’ fenders, unloading cushions, loading slings, rope or cable fitted with metal rings, etc.)"		"This class excludes:\n- manufacture of hairnets, see 14.29\n- manufacture of wire rope, see 25.93\n- manufacture of landing-nets for sports fishing, see 32.30"
"1470"	"1395"	"13.95"	"Manufacture of non-wovens and non-woven articles"	"139"	"13.9"	"4"		"This class includes the manufacture of non-wovens, whether or not impregnated, coated, covered or laminated with plastics or rubber. It also includes the manufacture of non-wovens in which plastics or rubber forms the bonding substance."	"This class also includes:\n- manufacture of non-woven sheets used for production of wound care dressings\n- manufacture of non-woven fabric used for production of baby wipes"	"This class excludes:\n- manufacture of made-up articles from non-wovens, e.g.:\n • bed linen, table linen, toilet linen and kitchen linen, of non-wovens, see 13.92\n • curtains of non-wovens, see 13.92\n • floorcloths, dishcloths, dusters and similar cleaning cloths, of non-wovens, see 13.92\n • garments made up of non-wovens, see 14.29\n • manufacture of napkins and napkin liners for babies, period panties, see 17.22\n • manufacture of textile wallpaper, see 17.24\n • single-use drapes used during surgical procedures made up of non-wovens, see 32.50\n • manufacture of individual protective masks (e.g. FFP2, FFP3, surgical masks), see 32.50"
"1480"	"1396"	"13.96"	"Manufacture of other technical and industrial textiles"	"139"	"13.9"	"4"		"This class includes:\n- manufacture of narrow woven fabrics, including fabrics consisting of warp without weft assembled by means of an adhesive\n- manufacture of labels, badges, etc.\n- manufacture of ornamental trimmings: braids, tassels, pompons, etc.\n- manufacture of textile fabrics impregnated, coated, covered or laminated with plastics\n- manufacture of metallised yarn, rubber thread and cord covered with textile material, textile yarn covered, impregnated, coated or sheathed with rubber or plastics\n- manufacture of tyre cord fabric of high-tenacity man-made yarn\n- manufacture of other treated or coated fabrics (e.g. buckram and similar stiffened textile fabrics, fabrics coated with gum or amylaceous substances)\n- manufacture of diverse textile articles (e.g. textile wicks, incandescent gas mantles, tubular gas)\n- manufacture of mantle fabric, hose piping, transmission or conveyor belts or belting (whether or not reinforced with metal or other material), bolting cloth, straining cloth\n- manufacture of automotive trimmings\n- manufacture of artists' canvas boards and tracing cloth\n- manufacture of tarpaulins, tents, pneumatic mattresses of textile materials, sails, parachutes, textiles for blinds and sunblinds, loose covers for cars, machines or furniture"	"This class also includes:\n- manufacture of fabrics of glass fibres"	"This class excludes:\n- manufacture of napkins and napkin liners for babies and similar articles of textile materials, see 17.22\n- manufacture of medical textiles impregnated or covered with pharmaceutical substances (e.g. gauze, bandages) see 21.20\n- manufacture of transmission or conveyor belts of textile fabric, impregnated, coated, covered or laminated with rubber, see 22.12\n- manufacture of pneumatic mattresses of vulcanised rubber, see 22.12\n- manufacture of plates or sheets of cellular rubber or plastic combined with textiles for reinforcing purposes only, see 22.12, 22.21\n- manufacture of cloth of woven metal wire, see 25.93\n- manufacture of single-use surgical drapes used during surgical procedures made up of non-wovens, see 32.50"
"1490"	"1399"	"13.99"	"Manufacture of other textiles n.e.c."	"139"	"13.9"	"4"		"This class includes:\n- manufacture of felt\n- manufacture of tulles and other net fabrics, of lace and embroidery, in the piece, in strips or in motifs\n- manufacture of pressure-sensitive cloth-tape\n- manufacture of shoelaces, of textiles\n- manufacture of net and window furnishing type fabrics of lace"		"This class excludes:\n- manufacture of needle-loom felt floor coverings, see 13.93\n- manufacture of textile wadding and articles of wadding: sanitary towels, tampons, etc., see 17.22"
"1500"	"14"	"14"	"Manufacture of wearing apparel"	"C"	"C"	"2"		"This division includes all tailoring (ready-to-wear or made-to-measure), in all materials (for example, leather, fur fabric, knitted and crocheted fabrics), of all items of clothing (for example, outerwear, underwear for men, women or children; work, city or casual clothing) and accessories. There is no distinction made between clothing for adults and clothing for children."	"This division also includes:\n- manufacture of articles of apparel, clothing accessories and other articles of fur skin"	"This division excludes:\n- repair of wearing apparel, see 95.29"
"1510"	"141"	"14.1"	"Manufacture of knitted and crocheted apparel"	"14"	"14"	"3"				
"1520"	"1410"	"14.10"	"Manufacture of knitted and crocheted apparel"	"141"	"14.1"	"4"		"This class includes:\n- manufacture of hosiery, including socks, tights and pantyhose\n- manufacture of knitted or crocheted wearing apparel (e.g. pullovers, cardigans, jerseys, shirts, T-shirts, blouses, waistcoats, nightwear, underwear, including babies’ wear)\n- manufacture of knitted and crocheted sportswear and swimwear"	"This class also includes:\n- manufacture of medical stockings and hosiery\n- manufacture of footwear without applied soles, knitted or crocheted"	"This class excludes:\n- manufacture of knitted and crocheted fabrics, see 13.91\n- manufacture of knitted or crocheted brassieres and corsets, see 14.22"
"1525"	"142"	"14.2"	"Manufacture of other wearing apparel and accessories"	"14"	"14"	"3"		"This group includes the manufacture of wearing apparel, other than knitted or crocheted. The material used may be of any kind and may be coated, impregnated or rubberised."		"This group excludes:\n- repair of wearing apparel, see 95.29"
"1530"	"1421"	"14.21"	"Manufacture of outerwear"	"142"	"14.2"	"4"		"This class includes:\n- manufacture of outerwear, other than knitted or crocheted (e.g. pullovers, cardigans, jerseys, coats, suits, ensembles, jackets, trousers, skirts, shirts, T-shirts, blouses, babies’ outerwear garments)"	"This class also includes:\n- bridal dresses and other clothes for ceremony\n- custom tailoring"	"This class excludes:\n- manufacture of knitted or crocheted wearing apparel (e.g. pullovers, cardigans, jerseys, shirts, T-shirts, blouses, waistcoats, nightwear, underwear, including babies’ wear), see 14.10\n- uniforms and similar official clothing, see 14.23\n- manufacture of wearing apparel of rubber or plastics, see 22.12, 22.26"
"1540"	"1422"	"14.22"	"Manufacture of underwear"	"142"	"14.2"	"4"		"This class includes:\n- manufacture of woven underwear and nightwear, other than knitted or crocheted (e.g. underpants, briefs, pyjamas, nightdresses, dressing gowns, slips, swimwear, babies’ underwear garments)"	"This class also includes:\n- manufacture of brassieres and corsets of all types of textile materials"	
"1550"	"1423"	"14.23"	"Manufacture of workwear"	"142"	"14.2"	"4"			"This class also includes:\n- manufacture of uniforms and similar official clothing (e.g. judge’s gowns, church vestments)"	"This class excludes:\n- manufacture of footwear, see 15.20\n- manufacture of fire-protective clothing, see 32.99"
"1560"	"1424"	"14.24"	"Manufacture of leather clothes and fur apparel"	"142"	"14.2"	"4"		"This class includes:\n- manufacture of wearing apparel, including working clothes, made of leather or composition leather (e.g. coats, overcoats, jackets, trousers, aprons)\n- manufacture of articles made of fur skins:\n • fur wearing apparel and clothing accessories\n • assemblies of fur skins (e.g. ‘dropped’ fur skins, plates, mats, strips)\n • diverse articles of fur skins: rugs, unstuffed pouffes, industrial polishing cloths"		"This class excludes:\n- production of raw fur skins, see 01.48, 01.70\n- production of raw hides and skins, see 10.11\n- manufacture of imitation furs (long-hair cloth obtained by weaving or knitting), see 13.20, 13.91\n- manufacture of synthetic leather outerwear, see 14.21\n- manufacture of outwear trimmed with fur, see 14.21\n- manufacture of working clothes not made of leather or composition of leather, see 14.23\n- manufacture of fur hats, see 14.29\n- dressing and dyeing of fur, see 15.11\n- manufacture of boots or shoes containing fur parts, see 15.20\n- manufacture of specially designed gloves of leather or composition leather for use in sport, see 32.30"
"1565"	"1429"	"14.29"	"Manufacture of other wearing apparel and accessories n.e.c."	"142"	"14.2"	"4"		"This class includes:\n- manufacture of sportswear of broad woven fabrics (e.g. tracksuits, ski suits, other technical sportswear)\n- manufacture of hats and caps\n- manufacture of other clothing accessories (e.g. gloves, belts, shawls, ties, cravats, hairnets)"	"This class also includes:\n- manufacture of footwear of textile material without applied soles, except knitted or crocheted"	"This class excludes:\n- manufacture of knitted or crocheted footwear without applied soles, see 14.10\n- manufacture of knitted and crocheted swimwear, see 14.10\n- manufacture of swimwear, see 14.22\n- manufacture of fur clothing accessories, see 14.24\n- manufacture of plastic headgear excluding safety headgear, see 22.26\n- manufacture of safety headgear, see 32.99"
"1570"	"15"	"15"	"Manufacture of leather and related products of other materials"	"C"	"C"	"2"		"This division includes dressing and dyeing of fur and the transformation of hides or skins into leather by tanning or curing and fabricating the leather into products for final consumption."	"It also includes the manufacture of direct substitute products (like-products) made from materials other than leather (for example, rubber footwear, textile luggage). Products made from leather substitutes are included here because they are made in ways similar to those in which leather products are made (for example, luggage) and are often produced in the same unit."	
"1580"	"151"	"15.1"	"Tanning, dyeing, dressing of leather and fur; manufacture of luggage, handbags, saddlery and harness"	"15"	"15"	"3"		"This group includes the manufacture of leather and fur and products thereof."		
"1590"	"1511"	"15.11"	"Tanning, dressing, dyeing of leather and fur"	"151"	"15.1"	"4"		"This class includes:\n- tanning, dyeing and dressing of hides, skins and pre-tanned leather\n- manufacture of chamois dressed, parchment dressed, patent or metallised leathers\n- manufacture of composition leather\n- scraping, shearing, plucking, currying, tanning, bleaching and dyeing of fur skins and hides with the hair on"		"This class excludes:\n- production of hides and skins as part of ranching, see 01.4\n- production of raw hides and skins as part of slaughtering, see 10.11\n- manufacture of leather apparel, see 14.24\n- manufacture of imitation leather not based on natural leather, see 22.12, 22.26"
"1600"	"1512"	"15.12"	"Manufacture of luggage, handbags, saddlery and harness of any material"	"151"	"15.1"	"4"		"This class includes:\n- manufacture of luggage, handbags, backpacks, etc., of leather, composition leather or any other material where the same technology is used as for leather\n- manufacture of saddlery and harness for any animal\n- manufacture of non-metallic watch bands (e.g. fabric, leather, plastic)\n- manufacture of diverse articles of leather or composition leather (e.g. driving belts, packings)\n- manufacture of shoelaces, of leather\n- manufacture of horse whips and riding crops"	"This class also includes:\n- manufacture of leather clothes for animals"	"This class excludes:\n- manufacture of leather wearing apparel, see 14.24\n- manufacture of leather gloves and hats, see 14.29\n- manufacture of footwear, see 15.20\n- manufacture of saddles for bicycles, see 30.92\n- manufacture of precious metal watch bands, see 32.12\n- manufacture of non-precious metal watch bands, see 32.13\n- manufacture of linemen’s safety belts and other belts for occupational use, see 32.99"
"1610"	"152"	"15.2"	"Manufacture of footwear"	"15"	"15"	"3"				
"1620"	"1520"	"15.20"	"Manufacture of footwear"	"152"	"15.2"	"4"		"This class includes:\n- manufacture of footwear for all purposes, of any material, by any process, including moulding\n- manufacture of leather parts of footwear (e.g. manufacture of uppers and parts of uppers, outer and inner soles, heels)\n- manufacture of gaiters, chaps and similar articles"	"This class also includes:\n- manufacture of rubber, wooden or plastic parts of footwear"	"This class excludes:\n- manufacture of knitted or crocheted footwear without applied soles, see 14.10\n- manufacture of footwear of textile material without applied soles, except knitted or crocheted, see 14.29\n- manufacture of ski boots, see 32.30\n- manufacture of prescription orthopaedic shoes, see 32.50"
"1630"	"16"	"16"	"Manufacture of wood and of products of wood and cork, except furniture; manufacture of articles of straw and plaiting materials"	"C"	"C"	"2"		"This division includes the manufacture of wood products (for example, lumber, plywood, veneers, wood containers, wood flooring, wood trusses, prefabricated wood buildings, the manufacture of solid fuels from vegetable biomass, the finishing of wooden products). The production processes include sawing, planing, shaping, laminating and assembling of wood products starting from logs that are cut into bolts, or lumber that may then be cut further, or shaped by lathes or other shaping tools. The lumber or other transformed wood shapes may also be subsequently planed or smoothed, and assembled into finished products (for example, wooden containers).\n\nWith the exception of sawmilling, this division is subdivided mainly based on the specific products manufactured."		"This division excludes the manufacture of furniture (see 31.00), or the installation of wooden fittings, and so on, see 43.32, 43.33, 43.35."
"1640"	"161"	"16.1"	"Sawmilling and planing of wood; processing and finishing of wood"	"16"	"16"	"3"				
"1650"	"1611"	"16.11"	"Sawmilling and planing of wood"	"161"	"16.1"	"4"		"This class includes:\n- sawing, planing and machining of wood\n- slicing, peeling or chipping logs\n- manufacture of wooden railway sleepers\n- manufacture of unassembled wooden flooring\n- manufacture outside the forest of wood wool, wood sawdust and flour, wood chips and particles"		"This class excludes:\n- logging and production of wood in the rough, see 02.20\n- drying of wood, see 16.12\n- manufacture of veneer sheets thin enough for use in plywood, boards and panels, see 16.21\n- manufacture of parquet panels and other assembled flooring panels of wood or bamboo, see 16.22\n- manufacture of wooden shingles and shakes, see 16.23\n- manufacture of fire logs or pressed wood, see 16.26"
"1660"	"1612"	"16.12"	"Processing and finishing of wood"	"161"	"16.1"	"4"		"This class includes general activities for the processing and finishing of wood, which are typically carried out on a fee or contract basis:\n- activities mostly carried out on a fee or contract basis:\n • boring, turning, milling, broaching, levelling, grinding, polishing, splicing, etc., of wood\n- drying of wood\n- impregnation or chemical treatment of wood\n- treatment of wood in the rough with paint, stains or other preservatives\n- other activities of processing and finishing of wood"		"This class excludes:\n- manufacture of unassembled wooden flooring, see 16.11\n- coating, impregnation or chemical treatment of wooden products, see 16.27\n- disinfection and extermination services in buildings, etc., see 81.23\n- reupholstering, refinishing and repairing of furniture, see 95.24"
"1670"	"162"	"16.2"	"Manufacture of products of wood, cork, straw and plaiting materials"	"16"	"16"	"3"		"This group includes the manufacture of products of wood, cork, straw or plaiting materials, including basic shapes as well as assembled products."		
"1680"	"1621"	"16.21"	"Manufacture of veneer sheets and wood-based panels"	"162"	"16.2"	"4"		"This class includes:\n- manufacture of veneer sheets thin enough to be used for veneering, making plywood or other purposes:\n • smoothed, dyed, coated, impregnated, reinforced (with paper or fabric backing)\n • made in the form of motifs\n- manufacture of plywood, veneer panels and similar laminated wood boards and sheets\n- manufacture of oriented strand board (OSB) and other particle board\n- manufacture of medium density fibreboard (MDF) and other fibreboard\n- manufacture of densified wood\n- manufacture of glue-laminated wood, cross-laminated timber (CLT) and laminated veneer wood"	"This class also includes:\n- manufacture of insulating fibreboards of wood, or other ligneous materials, whether or not bonded with resins or other organic substances"	
"1690"	"1622"	"16.22"	"Manufacture of assembled parquet floors"	"162"	"16.2"	"4"		"This class includes:\n- manufacture of wooden parquet floor blocks, strips, etc., assembled into panels"		"This class excludes:\n- manufacture of unassembled wooden flooring, see 16.11"
"1700"	"1623"	"16.23"	"Manufacture of other builders' carpentry and joinery"	"162"	"16.2"	"4"		"This class includes:\n- manufacture of wooden goods intended to be used primarily in the construction industry:\n • beams, rafters, roof struts\n • glue-laminated and metal connected, prefabricated wooden roof trusses\n • stairs, railings\n • wooden beadings and mouldings, shingles and shakes\n- manufacture of prefabricated buildings, or elements thereof, predominantly of wood (e.g. saunas)\n- manufacture of mobile homes and house trailers\n- manufacture of wood partitions (except free-standing)"	"This class also includes:\n- manufacture of wooden stands"	"This class excludes:\n- doors, windows, shutters and their frames, see 16.25\n- manufacture of wood partitions, free-standing, see 31.00\n- manufacture of walk-in wardrobes, see 31.00\n- installation of doors, windows and stairs, see 43.32\n- installation of kitchens, walk-in wardrobes, shopfittings, etc., see 43.32\n- erection of roof frames, see 43.41"
"1710"	"1624"	"16.24"	"Manufacture of wooden containers"	"162"	"16.2"	"4"		"This class includes:\n- manufacture of packing cases, boxes, crates, drums and similar items of wood\n- manufacture of pallets, box pallets and other load boards of wood\n- manufacture of barrels, vats, tubs and other coopers’ products of wood\n- manufacture of wooden cable drums"		"This class excludes:\n- manufacture of luggage, see 15.12\n- manufacture of cases of plaiting material, see 16.28"
"1720"	"1625"	"16.25"	"Manufacture of doors and windows of wood"	"162"	"16.2"	"4"		"This class includes:\n- manufacture of doors and their frames and thresholds of wood\n- manufacture of windows, shutters and French windows and their frames of wood\n- manufacture of multi-material doors and windows with the frame made of wood"		
"1730"	"1626"	"16.26"	"Manufacture of solid fuels from vegetable biomass"	"162"	"16.2"	"4"		"This class includes:\n- manufacture of briquettes, fire logs and pellets from agglomerated sawdust, wood waste and scrap, straw or other vegetable biomass"		"This class excludes:\n- manufacture of animal feed from soybean waste, see 10.9\n- slicing, peeling or chipping logs, see 16.11\n- manufacture of peat briquettes, see 19.20"
"1740"	"1627"	"16.27"	"Finishing of wooden products"	"162"	"16.2"	"4"		"This class includes:\n- process of refining or protecting wooden surfaces (for example, coating, impregnating, finishing, polishing, buffing, oiling, waxing, bleaching, staining, painting or varnishing of wooden products)"		"This class excludes:\n- reupholstering, refinishing and repairing of furniture, see 95.24"
"1750"	"1628"	"16.28"	"Manufacture of other products of wood and articles of cork, straw and plaiting materials"	"162"	"16.2"	"4"		"This class includes:\n- manufacture of various wood products:\n • wooden handles and bodies for tools, brooms, brushes\n • wooden boot- or shoe-lasts and trees, clothes-hangers\n • household utensils, tableware and kitchenware of wood\n • wooden statuettes and ornaments, wood marquetry, inlaid wood\n • wooden cases for jewellery, cutlery and similar articles\n • wooden spools, cops, bobbins, sewing thread reels and similar articles of turned wood\n • other articles of wood\n- manufacture of wooden frames for artists’ canvases\n- natural cork processing, manufacture of agglomerated cork\n- manufacture of cork for bottles\n- manufacture of articles of natural or agglomerated cork, including floor coverings\n- manufacture of plaits and products of plaiting materials: mats, matting, screens, cases, etc.\n- manufacture of basket-ware and wickerwork\n- manufacture of wooden mirror and picture frames\n- manufacture of handles for umbrellas, canes and similar\n- manufacture of blocks for the manufacture of smoking pipes"		"This class excludes:\n- manufacture of mats or matting of textile materials, see 13.93\n- manufacture of luggage, see 15.12\n- manufacture of wooden footwear or wooden parts of footwear, see 15.20\n- manufacture of matches, see 20.59\n- manufacture of clock cases, see 26.52\n- manufacture of wooden spools and bobbins that are part of textile machinery, see 28.94\n- manufacture of furniture, see 31.00\n- manufacture of wooden toys, see 32.40\n- manufacture of brooms and brushes, see 32.91\n- manufacture of coffins, see 32.99\n- manufacture of cork life preservers, see 32.99"
"1760"	"17"	"17"	"Manufacture of paper and paper products"	"C"	"C"	"2"		"This division includes the manufacture of pulp, paper, converted paper and the manufacture of products of recycled goods from wood, paper, cardboard and paperboard.\n\nThe manufacture of these products is grouped together because they constitute a series of vertically connected processes. More than one activity is often carried out in a single unit.\n\nThe manufacture of pulp involves separating the cellulose fibres from other matter in wood, or dissolving and de-inking of used paper, and mixing in small amounts of reagents to reinforce the binding of the fibres.\n\nConverted paper products are made from paper and other materials by various techniques.\n\nThe paper articles may be printed (for example, wallpaper, gift wrap), as long as the printing of information is not the main purpose.\n\nThe production of pulp, paper and paperboard in bulk is included in group 17.1, while the remaining classes include the production of further-processed paper and paper products."		
"1770"	"171"	"17.1"	"Manufacture of pulp, paper and paperboard"	"17"	"17"	"3"				
"1780"	"1711"	"17.11"	"Manufacture of pulp"	"171"	"17.1"	"4"		"This class includes:\n- manufacture of bleached, semi-bleached or unbleached paper pulp by mechanical, chemical (dissolving or non-dissolving) or semi-chemical processes\n- manufacture of cotton linter pulp\n- removal of ink and manufacture of pulp from waste paper"		
"1790"	"1712"	"17.12"	"Manufacture of paper and paperboard"	"171"	"17.1"	"4"		"This class includes:\n- manufacture of paper and paperboard intended for further industrial processing"	"This class also includes:\n- further processing of paper and paperboard:\n • colouring, coating, covering and impregnation of paper and paperboard\n • manufacture of crêpe or crinkled paper\n • manufacture of laminates and foils, if laminated with paper or paperboard\n- manufacture of handmade paper\n- manufacture of newsprint and other printing or writing paper\n- manufacture of cellulose wadding and webs of cellulose fibres\n- manufacture of carbon paper or stencil paper in rolls or large sheets"	"This class excludes:\n- manufacture of corrugated paper and paperboard, see 17.21\n- manufacture of further-processed articles of paper, paperboard or pulp, see 17.22 to 17.25\n- printing and service activities related to printing, see 18.1\n- manufacture of abrasive paper, see 23.91\n- publishing of books, newspapers and other publishing activities, except software publishing, see 58.1\n- manufacture of coated or impregnated paper where the coating or impregnation is the main ingredient, see class in which the manufacture of the coating or impregnation is classified"
"1800"	"172"	"17.2"	"Manufacture of articles of paper and paperboard"	"17"	"17"	"3"				
"1810"	"1721"	"17.21"	"Manufacture of corrugated paper, paperboard and containers of paper and paperboard"	"172"	"17.2"	"4"		"This class includes:\n- manufacture of corrugated paper and paperboard\n- manufacture of cartons, boxes and cases of corrugated paper or paperboard\n- manufacture of folding cartons, boxes and cases of non-corrugated paper or paperboard \n- manufacture of containers of solid paperboard\n- manufacture of other containers of paper and paperboard\n- manufacture of sacks and bags of paper\n- manufacture of office box files and similar articles"		"This class excludes:\n- manufacture of envelopes, see 17.23\n- manufacture of moulded or pressed articles of paper pulp (e.g. boxes for packing eggs, moulded pulp paper plates), see 17.25"
"1820"	"1722"	"17.22"	"Manufacture of household and sanitary goods and of toilet requisites"	"172"	"17.2"	"4"		"This class includes:\n- manufacture of household and personal hygiene paper and cellulose wadding products:\n • cleansing tissues\n • handkerchiefs, towels, serviettes\n • toilet paper\n • sanitary towels and tampons, napkins and napkin liners for babies\n • cups, dishes and trays\n- manufacture of textile wadding and articles of wadding: sanitary towels, tampons, etc."		"This class excludes:\n- manufacture of cellulose wadding, see 17.12"
"1830"	"1723"	"17.23"	"Manufacture of paper stationery"	"172"	"17.2"	"4"		"This class includes:\n- manufacture of printing and writing paper ready for use\n- manufacture of computer print-out paper ready for use\n- manufacture of self-copy paper ready for use\n- manufacture of duplicator stencils and carbon paper ready for use\n- manufacture of gummed or adhesive paper ready for use\n- manufacture of envelopes and letter cards\n- manufacture of educational and commercial stationery (notebooks, binders, registers, accounting books, business forms, etc.), when the printed information is not the main characteristic\n- manufacture of boxes, pouches, wallets and writing compendiums containing an assortment of paper stationery"		"This class excludes:\n- printing on paper products, see 18.1"
"1840"	"1724"	"17.24"	"Manufacture of wallpaper"	"172"	"17.2"	"4"		"This class includes:\n- manufacture of wallpaper and similar wall coverings, including vinyl-coated and textile wallpaper"		"This class excludes:\n- manufacture of paper or paperboard, see 17.12\n- manufacture of plastic wallpaper, see 22.26"
"1850"	"1725"	"17.25"	"Manufacture of other articles of paper and paperboard"	"172"	"17.2"	"4"		"This class includes:\n- manufacture of paper or paperboard labels\n- manufacture of filter paper and paperboard\n- manufacture of cigarette paper\n- manufacture of paper and paperboard bobbins, spools, cops, etc.\n- manufacture of egg trays and other moulded or pressed articles of paper pulp packaging products\n- manufacture of paper novelties\n- manufacture of paper or paperboard cards for use on Jacquard machines"		"This class excludes:\n- printing of labels, not self-manufactured, see 18.12\n- manufacture of playing cards, see 32.40\n- manufacture of games and toys of paper or paperboard, see 32.40\n- publishing of books, newspapers and other publishing activities, except software publishing, see 58.1"
"1860"	"18"	"18"	"Printing and reproduction of recorded media"	"C"	"C"	"2"		"This division includes printing of products (for example, newspapers, books, periodicals, business forms and greeting cards), printing on T-shirts and other types of material, and associated support activities (for example, bookbinding, plate-making services, data imaging). The support activities included here are an integral part of the printing industry, and a product (a printing plate, a bound book, or a computer disk or file) that is an integral part of the printing industry is almost always provided by these operations.\n\nThe ownership of the input material is irrelevant to the classification of printing and reproduction of recorded media activities. Division 18 covers explicitly the processing activities.\n\nProcesses used in printing include a variety of methods for transferring an image from a plate, screen or computer file to a medium (for example, paper, plastics, metal, textile articles, wood). The most prominent of these methods entails the transfer of the image from a plate or screen to the medium through lithographic, gravure, screen or flexographic printing. Often a computer file is used to directly drive the printing mechanism to create the image or electrostatic and other types of equipment (digital or non-impact printing).\n\nThough printing and publishing can be carried out by the same unit (for example, a newspaper), it is less and less the case that these distinct activities are carried out in the same physical location."	"This division also includes:\n- the reproduction of recorded media (e.g. compact discs, video recordings, software on discs or tapes, records)"	"This division excludes:\n- publishing activities, see section J\n- manufacture of products with a 3D printer, which are classified according to the product and material used"
"1870"	"181"	"18.1"	"Printing and service activities related to printing"	"18"	"18"	"3"		"This group includes the printing of products (for example, newspapers, books, periodicals, business forms and greeting cards), printing on T-shirts and other types of material, and associated support activities (for example, bookbinding, plate-making services, data imaging). Printing can be done using various techniques and on different materials."		
"1880"	"1811"	"18.11"	"Printing of newspapers"	"181"	"18.1"	"4"			"This class also includes:\n- printing of other periodicals, appearing at least four times a week"	"This class excludes:\n- photocopying activities, see 18.12\n- publishing of printed matter, see 58.1\n- operation of photocopying machines for photocopying as a self-service, see 82.10"
"1890"	"1812"	"18.12"	"Other printing"	"181"	"18.1"	"4"		"This class includes:\n- printing of magazines and other periodicals, appearing less than four times a week\n- printing of books and brochures, music and music manuscripts, maps, atlases, posters, advertising catalogues, prospectuses and other printed advertising, postage stamps, taxation stamps, documents of title, cheques and other security papers, smart cards, albums, diaries, calendars and other commercial printed matter, beer mats, personalised stationery and other printed matter by letterpress, offset, photogravure, flexographic, screen printing, and other printing presses, duplication machines, computer printers, embossers etc., including quick printing directly onto textiles, plastic, glass, metal, wood and ceramics\n- digital printing\n- silk-screen printing on textiles and wearing apparel\n- photocopying of documents\n- decorative printing, e.g. printing of gift wraps, wallpapers, materials for transfer\n- large format printing, e.g. printing of flags, banners, roll-ups, posters\n\nThe material printed is typically copyrighted.\n\nThis class covers exclusively printing service activities, not goods."	"This class also includes:\n- printing on labels or tags (for example, lithographic, gravure printing, flexographic printing, printing signs)\n- laser engraving on textiles\n- activities of printing photographs"	"This class excludes:\n- printing of textile fabrics as an intermediate process within the manufacture of textiles, see 13.30\n- manufacture of stationery (e.g. notebooks, binders, registers, accounting books, business forms), when the printed information is not the main characteristic, see 17.23\n- publishing of printed matter, see 58.1\n- advertising design activities, see 73.11\n- operation of photocopying machines for photocopying as a self-service, see 82.10\n- engraving onto metal, glass, wood, etc., see corresponding class according to the material used"
"1900"	"1813"	"18.13"	"Pre-press and pre-media services"	"181"	"18.1"	"4"		"This class includes:\n- composing, typesetting and phototypesetting, pre-press data input into a form suitable for use in various printing processes and representation in other visual media, including scanning and optical character recognition, electronic make-up\n- preparation of data files for multimedia (printing on paper, CD-ROM, the internet) applications\n- plate-making services, including image setting and plate setting (for letterpress and offset printing processes)\n- cylinder preparation: engraving or etching of cylinders for gravure printing\n- plate processing: computer-to-plate (CTP), also photopolymer plates\n- preparation of plates and dies for relief stamping or printing\n- preparation of:\n • artistic works of technical character (e.g. preparation of lithographic stones and wood blocks)\n • presentation media\n • sketches, layouts, dummies, etc.\n • production of proofs"		"This class excludes:\n- graphic designing of visual content for the communication of information not intended to be printed, see 74.1"
"1910"	"1814"	"18.14"	"Binding and related services"	"181"	"18.1"	"4"		"This class includes:\n- trade binding, sample mounting and post-press services in support of printing activities (e.g. trade binding and finishing of books, brochures, magazines, catalogues), by e.g. folding, cutting and trimming, assembling, stitching, thread sewing, adhesive binding, cutting and cover laying, gluing, collating, basting, gold stamping; spiral binding and plastic wire binding\n- binding and finishing of printed paper or printed cardboard, by folding, stamping, drilling, punching, perforating, embossing, sticking, gluing, laminating\n- finishing services for CD-ROMs\n- mailing finishing services (e.g. customisation, envelope preparation)\n- other finishing activities (e.g. die, sinking or stamping, Braille copying)"		
"1920"	"182"	"18.2"	"Reproduction of recorded media"	"18"	"18"	"3"				
"1930"	"1820"	"18.20"	"Reproduction of recorded media"	"182"	"18.2"	"4"		"This class includes:\n- reproduction from master copies of gramophone records, compact discs and tapes with music, or other sound recordings\n- reproduction from master copies of records, compact discs and tapes with motion pictures, and other video recordings\n- reproduction from master copies of software and data on discs and tapes"		"This class excludes:\n- reproduction of printed matter, see 18.11, 18.12\n- software publishing, see 58.2\n- production and distribution of motion pictures, videotapes and movies on discs or similar media, see 59.11, 59.12, 59.13\n- reproduction of motion picture film for theatrical distribution, see 59.12\n- production of master copies for records or audio material, see 59.20"
"1940"	"19"	"19"	"Manufacture of coke and refined petroleum products"	"C"	"C"	"2"		"This division includes the transformation of crude petroleum and coal into usable products. The dominant process is petroleum refining, which involves the separation of crude petroleum into component products through such techniques as cracking and distillation. \n\nThis division includes the manufacture of gases (for example, ethane, propane, butane) as products of petroleum refineries."	"This division also includes the manufacture for own account of characteristic products (for example, coke, butane, propane, petrol, kerosene, fuel oil) as well as processing services (for example, custom refining)."	"This division excludes the manufacture of such gases in other units (see 20.14), the manufacture of industrial gases (see 20.11), the extraction of natural gas (methane, ethane, butane or propane, see 06.20), and the manufacture of gases other than petroleum gases for the provision of gaseous fuels through a permanent supply network (for example, coal gas, water gas, producer gas, gasworks gas, see 35.21).\n\nThe manufacture of petrochemicals from refined petroleum and the manufacture of liquid biofuels are classified in division 20."
"1950"	"191"	"19.1"	"Manufacture of coke oven products"	"19"	"19"	"3"				
"1960"	"1910"	"19.10"	"Manufacture of coke oven products"	"191"	"19.1"	"4"		"This class includes:\n- operation of coke ovens\n- production of coke and semi-coke\n- production of pitch and pitch coke\n- production of coke oven gas\n- production of crude coal and lignite tars\n- agglomeration of coke"		"This class excludes:\n- manufacture of coal fuel briquettes, see 19.20"
"1970"	"192"	"19.2"	"Manufacture of refined petroleum products and fossil fuel products"	"19"	"19"	"3"				
"1980"	"1920"	"19.20"	"Manufacture of refined petroleum products and fossil fuel products"	"192"	"19.2"	"4"		"This class includes the manufacture of liquid or gaseous fuels or other products from crude petroleum, bituminous minerals or their fractionation products. Petroleum refining involves one or more of the following activities: fractionation; straight distillation of crude oil; cracking.\n\nThis class includes:\n- production of motor fuel: gasoline, kerosene, etc.\n- production of fuel: light, medium and heavy fuel oil, refinery gases (e.g. ethane, propane, butane)\n- manufacture of oil-based lubricating oils or greases, including from waste oil\n- manufacture of products for the petrochemical industry and for the manufacture of road coverings\n- manufacture of various refined petroleum products, white spirit, Vaseline, paraffin wax, petroleum jelly, etc.\n- manufacture of petroleum briquettes\n- blending of biofuels, i.e. blending of alcohols with petroleum (e.g. gasohol)\n- manufacture of products from petroleum waste materials (e.g. waste lubricating petroleum oils)"	"This class also includes:\n- manufacture of peat briquettes\n- manufacture of hard coal and lignite fuel briquettes"	"This class excludes:\n- manufacture of solid fuels from biomass, see 16.26\n- manufacture of liquid biofuels, see 20.51"
"1990"	"20"	"20"	"Manufacture of chemicals and chemical products"	"C"	"C"	"2"		"This division includes the transformation of organic and inorganic raw materials by a chemical process and the formation of products. It distinguishes the production of basic chemicals that constitute the first industry group from the production of intermediate and end-products produced by further processing of basic chemicals that make up the remaining industry classes."	"This division also includes:\n- manufacture of liquid biofuels"	
"2000"	"201"	"20.1"	"Manufacture of basic chemicals, fertilisers and nitrogen compounds, plastics and synthetic rubber in primary forms"	"20"	"20"	"3"		"This group includes the manufacture of basic chemical products, fertilisers and associated nitrogen compounds, as well as plastics and synthetic rubber in primary forms."		
"2010"	"2011"	"20.11"	"Manufacture of industrial gases"	"201"	"20.1"	"4"		"This class includes:\n- manufacture of liquefied or compressed selected inorganic industrial or medical gases:\n • elemental gases\n • liquid or compressed air\n • mixed industrial gases\n • inert gases (e.g. carbon dioxide)\n • isolating gases"	"This class also includes:\n- production of hydrogen, not for energy supply through a network"	"This class excludes:\n- extraction of methane, ethane, butane or propane, see 06.20\n- liquefaction and regasification of natural gas for the purpose of transport, done at the mine site, see 09.10\n- manufacture of fuel gases (e.g. ethane, butane or propane in a petroleum refinery), see 19.20\n- manufacture of refrigerant gases of halogenated hydrocarbons, see 20.14\n- manufacture of gaseous fuels from coal, waste, etc., see 35.21\n- manufacture of hydrogen for the provision as a gaseous fuel through a permanent supply network, see 35.21"
"2020"	"2012"	"20.12"	"Manufacture of dyes and pigments"	"201"	"20.1"	"4"		"This class includes:\n- manufacture of dyes and pigments from any source in basic form or as concentrate\n- manufacture of pure calcium oxide and calcium hydroxide"	"This class also includes:\n- manufacture of products, of a kind used as fluorescent brightening agents or as luminophores"	"This class excludes:\n- manufacture of prepared dyes and pigments, see 20.30"
"2030"	"2013"	"20.13"	"Manufacture of other inorganic basic chemicals"	"201"	"20.1"	"4"		"This class includes the manufacture of chemicals using basic processes. The output of these processes is usually separate chemical elements or separate chemically defined compounds.\n\nThis class includes:\n- manufacture of chemical elements (except industrial gases and basic metals)\n- manufacture of inorganic acids, except nitric acid\n- manufacture of alkalis, lyes and other inorganic bases, except ammonia\n- manufacture of other inorganic compounds\n- roasting of iron pyrites\n- manufacture of distilled water"	"This class also includes:\n- enrichment of uranium and thorium ores\n- manufacture of lithium hydroxide\n- manufacture of decolourising agents"	"This class excludes:\n- manufacture of industrial gases, see 20.11\n- manufacture of nitrogenous fertilisers and nitrogen compounds, see 20.15\n- manufacture of ammonia, see 20.15\n- manufacture of ammonium chloride, see 20.15\n- manufacture of nitrites and nitrates of potassium, see 20.15\n- manufacture of ammonium carbonates, see 20.15\n- manufacture of aromatic distilled water, see 20.59\n- manufacture of basic metals, see division 24"
"2040"	"2014"	"20.14"	"Manufacture of other organic basic chemicals"	"201"	"20.1"	"4"		"This class includes the manufacture of chemicals using basic processes (for example, thermal cracking, distillation). The output of these processes is usually separate chemically defined organic compounds.\n\nThis class includes:\n- manufacture of basic organic chemicals:\n • acyclic hydrocarbons, saturated and unsaturated\n • cyclic hydrocarbons, saturated and unsaturated\n • acyclic and cyclic alcohols\n • mono- and polycarboxylic acids, including acetic acid\n • other oxygen-function compounds, including aldehydes, ketones, quinones and dual or poly oxygen-function compounds\n • synthetic glycerol\n • nitrogen-function organic compounds, including amines\n • fermentation of sugar cane, corn or similar to produce alcohol and esters\n • other organic compounds, including wood distillation products (e.g. charcoal), etc.\n- manufacture of synthetic aromatic products\n- manufacture of methane, not for the provision as a gaseous fuel through a permanent supply network\n- distillation of coal tar\n- manufacture of ethyl alcohol, other than for bioethanol fuel\n- manufacture of refrigerant gases"		"This class excludes:\n- extraction of natural gas, consisting predominantly of methane, see 06.20\n- manufacture of plastics in primary forms, see 20.16\n- manufacture of synthetic rubber in primary forms, see 20.17\n- manufacture of crude glycerol, see 20.41\n- manufacture of liquid biofuels (e.g. bioethanol fuel), see 20.51\n- manufacture of natural essential oils, see 20.59\n- manufacture of salicylic and O-acetylsalicylic acids, see 21.10\n- manufacture of ethanol from biomass, see 20.51\n- production of methane for the provision as a gaseous fuel through a permanent supply network, see 35.21"
"2050"	"2015"	"20.15"	"Manufacture of fertilisers and nitrogen compounds"	"201"	"20.1"	"4"		"This class includes:\n- manufacture of fertilisers:\n • straight or complex nitrogenous, phosphatic or potassic fertilisers\n • urea, crude natural phosphates and crude natural potassium salts\n- manufacture of associated nitrogen products:\n • nitric and sulphonitric acids, ammonia, ammonium chloride, ammonium carbonate, nitrites and nitrates of potassium"	"This class also includes:\n- manufacture of potting soil mixtures of natural soil, peat, sand, clays and minerals, with nitrogen, phosphorus or potassium as an essential constituent\n- manufacture of other fertilisers by the mixing or chemical treatment of animal or vegetable products"	"This class excludes:\n- mining of guano, see 08.91\n- manufacture of agrochemical products (e.g. pesticides), see 20.20\n- manufacture of liming agents, see 20.59\n- production of waste compost, see 38.21"
"2060"	"2016"	"20.16"	"Manufacture of plastics in primary forms"	"201"	"20.1"	"4"		"This class includes the manufacture of resins, plastic materials and non-vulcanisable thermoplastic elastomers, the mixing and blending of resins on a custom basis, as well as the manufacture of non-customised synthetic resins.\n\nThis class includes:\n- manufacture of plastics in primary forms:\n • polymers, including those of ethylene, propylene, styrene, vinyl chloride, vinyl acetate and acrylics\n • polyamides\n • phenolic and epoxide resins and polyurethanes\n • alkyd and polyester resins and polyethers\n • ion exchangers based on polymers\n- manufacture of silicones in primary forms\n- plastic compounding activities"	"This class also includes:\n- manufacture of cellulose and its chemical derivatives\n- manufacture of plastic powders, granules or flakes by compounding or transforming plastic resins from recovered plastic waste\n- manufacture of recycled plastic in flakes or plastic granulates based on pretreated plastic waste following material recovery operations"	"This class excludes:\n- manufacture of artificial and synthetic fibres, filaments and yarn, see 20.60\n- processing, shredding, cleaning, grinding of plastic waste, see 38.21"
"2070"	"2017"	"20.17"	"Manufacture of synthetic rubber in primary forms"	"201"	"20.1"	"4"		"This class includes:\n- manufacture of synthetic rubber in primary forms:\n • synthetic rubber\n • factice\n- manufacture of mixtures of synthetic rubber and natural rubber or rubber-like gums (e.g. balata)"		"This class excludes:\n- sorting, shredding, cleaning, grinding and pelletising of rubber waste, see 38.21"
"2080"	"202"	"20.2"	"Manufacture of pesticides, disinfectants and other agrochemical products"	"20"	"20"	"3"				
"2090"	"2020"	"20.20"	"Manufacture of pesticides, disinfectants and other agrochemical products"	"202"	"20.2"	"4"		"This class includes:\n- manufacture of insecticides, rodenticides, fungicides, herbicides, acaricides, molluscicides, biocides\n- manufacture of anti-sprouting products, plant growth regulators\n- manufacture of disinfectants (for agricultural and other use)\n- manufacture of other agrochemical products n.e.c."		"This class excludes:\n- manufacture of fertilisers and nitrogen compounds, see 20.15"
"2100"	"203"	"20.3"	"Manufacture of paints, varnishes and similar coatings, printing ink and mastics"	"20"	"20"	"3"				
"2110"	"2030"	"20.30"	"Manufacture of paints, varnishes and similar coatings, printing ink and mastics"	"203"	"20.3"	"4"		"This class includes:\n- manufacture of paints and varnishes, enamels or lacquers\n- manufacture of prepared pigments and dyes, opacifiers and colours\n- manufacture of vitrifiable enamels and glazes, engobes and similar preparations\n- manufacture of mastics\n- manufacture of caulking compounds and similar non-refractory filling or surfacing preparations\n- manufacture of organic composite solvents and thinners\n- manufacture of prepared paint or varnish removers\n- manufacture of printing ink"		"This class excludes:\n- manufacture of dyes, tuffs and pigments, see 20.12\n- manufacture of writing and drawing ink, see 20.59"
"2120"	"204"	"20.4"	"Manufacture of washing, cleaning and polishing preparations"	"20"	"20"	"3"				
"2130"	"2041"	"20.41"	"Manufacture of soap and detergents, cleaning and polishing preparations"	"204"	"20.4"	"4"		"This class includes:\n- manufacture of organic surface-active agents\n- manufacture of paper, wadding, felt, etc., coated or covered with soap or detergent\n- manufacture of crude glycerol\n- manufacture of soap, except cosmetic soap\n- manufacture of surface-active preparations:\n • washing powders in solid or liquid form and detergents\n • dish-washing preparations\n • textile softeners\n- manufacture of cleaning and polishing products:\n • preparations for perfuming or deodorising rooms\n • artificial waxes and prepared waxes\n • polishes and creams for leather\n • polishes and creams for wood\n • polishes for coachwork, glass and metal\n • scouring pastes and powders, including paper, wadding, etc., coated or covered with these"		"This class excludes:\n- manufacture of separate, chemically defined compounds, see 20.13, 20.14\n- manufacture of glycerol, synthesised from petroleum products, see 20.14\n- manufacture of cosmetic soap, see 20.42"
"2140"	"2042"	"20.42"	"Manufacture of perfumes and toilet preparations"	"204"	"20.4"	"4"		"This class includes:\n- manufacture of perfume and toilet preparations:\n • perfume and toilet water\n • beauty and make-up preparations\n • sunburn prevention and suntan preparations\n • manicure and pedicure preparations\n • shampoos, hair lacquers, waving and straightening preparations\n • dentifrices and preparations for oral hygiene, including denture fixative preparations\n • shaving preparations, including pre-shave and aftershave preparations\n • deodorants and bath salts\n • depilatories\n- manufacture of cosmetic soap"		"This class excludes:\n- extraction and refining of natural essential oils, see 20.59"
"2150"	"205"	"20.5"	"Manufacture of other chemical products"	"20"	"20"	"3"		"This group includes the manufacture of liquid biofuels and chemical products n.e.c. (for example, explosives and pyrotechnic products, glues, essential oils, composite diagnostic preparations)."		
"2160"	"2051"	"20.51"	"Manufacture of liquid biofuels"	"205"	"20.5"	"4"		"This class includes:\n- manufacture of biodiesel\n- manufacture of ethanol from biomass\n- manufacture of mixtures of bioethanol and ethers partially derived from biomass\n- manufacture of liquid biofuels even if processes use waste as an input"		"This class excludes:\n- manufacture of solid fuels from vegetable biomass, see 16.26\n- manufacture of ethyl alcohol other than for bioethanol biofuels, see 20.14\n- manufacture of explosives, see 20.59"
"2170"	"2059"	"20.59"	"Manufacture of other chemical products n.e.c."	"205"	"20.5"	"4"		"This class includes:\n- manufacture of photographic plates, films, sensitised paper and other sensitised unexposed materials\n- manufacture of chemical preparations for photographic uses\n- manufacture of gelatine and its derivatives\n- manufacture of glues and prepared adhesives, including rubber-based glues and adhesives\n- manufacture of essential oils\n- manufacture of extracts of natural aromatic products\n- manufacture of resinoids\n- manufacture of mixtures of odoriferous products for the manufacture of perfumes or food\n- manufacture of propellant powders\n- manufacture of explosives and pyrotechnic products, including percussion caps, detonators, signalling flares, etc.\n- manufacture of e-liquids used in vaping devices\n- manufacture of various chemical products:\n • peptones, peptone derivatives, other protein substances and their derivatives n.e.c.\n • chemically modified oils and fats\n • materials used in the finishing of textiles and leather\n • powders and pastes used in soldering, brazing or welding\n • substances used to pickle metal\n • prepared additives for cements\n • activated carbon, lubricating oil additives, prepared rubber accelerators, catalysts and other chemical products for industrial use\n • anti-knock preparations, antifreeze preparations\n • liquids for hydraulic transmission\n • composite diagnostic or laboratory reagents\n • fuel additives (e.g. based on ethyl tertiary-butyl ether (ETBE) and methyl tertiary-butyl ether (MTBE))"	"This class also includes:\n- manufacture of writing and drawing ink\n- manufacture of matches"	"This class excludes:\n- manufacture of synthetic aromatic products, see 20.14\n- manufacture of printing ink, see 20.30\n- manufacture of perfume and toilet preparations, see 20.42\n- manufacture of liquid biofuels, see 20.51"
"2180"	"206"	"20.6"	"Manufacture of man-made fibres"	"20"	"20"	"3"				
"2190"	"2060"	"20.60"	"Manufacture of man-made fibres"	"206"	"20.6"	"4"		"This class includes:\n- manufacture of synthetic or artificial filament tow\n- manufacture of synthetic or artificial staple fibres, not carded, combed or otherwise processed for spinning\n- manufacture of synthetic or artificial filament yarn, including high-tenacity yarn\n- manufacture of synthetic or artificial monofilament or strip\n- manufacture of recycled fibres"		"This class excludes:\n- spinning of synthetic or artificial fibres, see 13.10\n- manufacture of yarns made of man-made staple, see 13.10\n- manufacture of carbon fibres, see 23.99"
"2200"	"21"	"21"	"Manufacture of basic pharmaceutical products and pharmaceutical preparations"	"C"	"C"	"2"		"This division includes the manufacture of basic pharmaceutical products and pharmaceutical preparations."	"This division also includes the manufacture of medicinal chemical and botanical products."	
"2210"	"211"	"21.1"	"Manufacture of basic pharmaceutical products"	"21"	"21"	"3"				
"2220"	"2110"	"21.10"	"Manufacture of basic pharmaceutical products"	"211"	"21.1"	"4"		"This class includes:\n- manufacture of active pharmaceutical ingredients to be used for their pharmacological properties in the manufacture of medical products (e.g. antibiotics, basic vitamins, salicylic and O-acetylsalicylic acids)\n- processing of blood"	"This class also includes:\n- manufacture of chemically pure sugars\n- manufacture of probiotics\n- processing of glands and manufacture of extracts of glands, etc."	"This class excludes:\n- manufacture of advance cell and gene therapy pharmaceutical preparations, see 21.20"
"2230"	"212"	"21.2"	"Manufacture of pharmaceutical preparations"	"21"	"21"	"3"				
"2240"	"2120"	"21.20"	"Manufacture of pharmaceutical preparations"	"212"	"21.2"	"4"		"This class includes:\n- manufacture of medicaments:\n • antisera and other blood fractions\n • vaccines\n • diverse medicaments, including homeopathic preparations\n- manufacture of chemical contraceptive products for external use and hormonal contraceptive medicaments\n- manufacture of medical diagnostic preparations, including pregnancy tests\n- manufacture of radioactive in-vivo diagnostic substances\n- manufacture of cell and gene advance therapy medical products"	"This class also includes:\n- manufacture of medical impregnated wadding, gauze, bandages, dressings, etc.\n- preparation of botanical products (grinding, grading, milling) for pharmaceutical use\n- manufacture of viral vector-based medicines or vaccines\n- manufacture of pharmaceutical preparations for veterinary medicines"	"This class excludes:\n- manufacture of herb infusions (mint, vervain, chamomile, etc.), see 10.83\n- manufacture of probiotics, see 21.10\n- manufacture of dental fillings and dental cement, see 32.50\n- manufacture of bone reconstruction cements, see 32.50\n- manufacture of surgical drapes, see 32.50\n- wholesale of pharmaceuticals, see 46.46\n- retail sale of pharmaceuticals, see 47.73\n- research and development for pharmaceuticals and other biotech products, see 72.10\n- packaging of pharmaceuticals, see 82.92"
"2250"	"22"	"22"	"Manufacture of rubber and plastic products"	"C"	"C"	"2"		"This division includes the manufacture of rubber and plastic products.\n\nThis division is characterised by the raw materials used in the manufacturing process. However, this does not imply that the manufacture of all products made of these materials is classified here."	"This division also includes the manufacture of products of composite materials in which plastic is the predominant material."	
"2260"	"221"	"22.1"	"Manufacture of rubber products"	"22"	"22"	"3"		"This group includes the manufacture of rubber products."		
"2270"	"2211"	"22.11"	"Manufacture, retreading and rebuilding of rubber tyres and manufacture of tubes"	"221"	"22.1"	"4"		"This class includes:\n- manufacture of rubber tyres for vehicles, equipment, mobile machinery, aircraft, toy, furniture and other uses:\n • pneumatic tyres\n • solid or cushion tyres\n- manufacture of inner tubes for tyres\n- manufacture of interchangeable tyre treads, tyre flaps, camelback strips for retreading tyres, etc.\n- tyre rebuilding and retreading"		"This class excludes:\n- manufacture of tube repair materials, see 22.12\n- tyre and tube repair, fitting or replacement, see 95.3"
"2280"	"2212"	"22.12"	"Manufacture of other rubber products"	"221"	"22.1"	"4"		"This class includes:\n- manufacture of other products of natural or synthetic rubber, unvulcanised, vulcanised or hardened:\n • rubber plates, sheets, strip, rods, profile shapes\n • tubes, pipes and hoses\n • rubber conveyor or transmission belts or belting\n • rubber hygienic articles: sheath contraceptives, teats, hot-water bottles, etc.\n • rubber articles of apparel\n • rubber thread and rope\n • rubberised yarn and fabrics\n • rubber rings, fittings and seals\n • rubber roller coverings\n • inflatable rubber mattresses\n • inflatable balloons\n- manufacture of rubber brushes\n- manufacture of hard rubber pipe stems\n- manufacture of hard rubber combs, hairpins, hair rollers, and similar\n- manufacture of rubber expansion joints for the construction industry\n- manufacture of cellular rubber latex\n- manufacture of rubber floor coverings"	"This class also includes:\n- manufacture of rubber repair materials\n- manufacture of textile fabric impregnated, coated, covered or laminated with rubber\n- manufacture of rubber waterbed mattresses\n- manufacture of rubber bathing caps and aprons\n- manufacture of rubber wetsuits and diving suits\n- manufacture of rubber sex articles\n- manufacture of apparel made of latex"	"This class excludes:\n- manufacture of tyre cord fabrics, see 13.96\n- manufacture of apparel of elastic fabrics, see 14.22, 14.29\n- rubber sole and other rubber parts of footwear, see 15.20\n- manufacture of glues and adhesives based on rubber, see 20.59\n- manufacture of camelback strips, see 22.11\n- manufacture of inflatable rafts and boats, see 30.11, 30.12, 30.13\n- manufacture of mattresses of uncovered cellular rubber, see 31.00\n- manufacture of rubber sports requisites (e.g. swimming and paddling pools), except apparel, see 32.30\n- manufacture of rubber games and toys (including children’s wading pools, inflatable children’s rubber boats, inflatable rubber animals, balls, etc.), see 32.40\n- reclaiming of rubber, see 38.21"
"2290"	"222"	"22.2"	"Manufacture of plastic products"	"22"	"22"	"3"		"This group comprises processing new or spent (in other words, recycled) plastic resins into intermediate or final products, using processes such as compression moulding; extrusion moulding; injection moulding; blow moulding; casting. For most of these, the production process is such that a wide variety of products can be made."		"This group excludes:\n- production of plastic parts or accessories which are suitable for use solely or principally for motor vehicles, see 29.3"
"2300"	"2221"	"22.21"	"Manufacture of plastic plates, sheets, tubes and profiles"	"222"	"22.2"	"4"		"This class includes:\n- manufacture of semi-manufactures of plastic products:\n • plates, sheets, blocks, film, foil, strip, etc.\n- manufacture of finished plastic products:\n • tubes, pipes and hoses; hose and pipe fittings\n • cellophane film or sheet\n- manufacture of flexible or rigid plates and sheets of cellular polyurethane\n- manufacture of plastic plates, sheets, film, foil and strip, reinforced, laminated, supported or similarly combined with other materials\n- manufacture of self-adhesive plates, sheets, film, foil, tapes and strip of plastic"		"This class excludes:\n- manufacture of plastics in primary forms, see 20.16\n- manufacture of articles of synthetic or natural rubber, see 22.1\n- embedding of metal pipes with polyurethane foam and encasing with a plastic pipe (e.g. for steam and hot water supply services), see 22.25"
"2310"	"2222"	"22.22"	"Manufacture of plastic packing goods"	"222"	"22.2"	"4"		"This class includes:\n- manufacture of plastic articles for the packing of goods:\n • plastic bags, sacks, containers, boxes, cases, carboys, bottles, etc."		"This class excludes:\n- manufacture of luggage and handbags of plastic, see 15.12"
"2320"	"2223"	"22.23"	"Manufacture of doors and windows of plastic"	"222"	"22.2"	"4"		"This class includes:\n- manufacture of doors, windows and their frames of plastic\n- manufacture of multi-material doors and windows with the frame made of plastic\n- manufacture of shutters, blinds (including venetian blinds) and similar articles, and parts thereof, made of plastic\n- manufacture of multi-material shutters for doors and windows with the frame made of plastic"		
"2330"	"2224"	"22.24"	"Manufacture of builders’ ware of plastic"	"222"	"22.2"	"4"		"This class includes:\n- manufacture of builders’ plastics ware:\n • skirting boards\n • tanks, reservoirs\n • plastic floor, wall or ceiling coverings in rolls or in the form of tiles, etc.\n • plastic sanitaryware like plastic baths, shower baths, washbasins, lavatory pans, flushing cisterns, etc.\n- manufacture of resilient floor coverings (e.g. vinyl, linoleum)"	"This class also includes:\n- manufacture of sanitaryware made out of a mixture of plastics and minerals, with the minerals serving as a filler"	"This class excludes:\n- manufacture of rubber floors, see 22.12\n- manufacture of doors and windows of plastic, see 22.23"
"2340"	"2225"	"22.25"	"Processing and finishing of plastic products"	"222"	"22.2"	"4"		"This class includes general activities for the processing and finishing of plastic products, typically carried out on a fee or contract basis:\n- processing of plastics (e.g. by cutting, chamfering, turning, milling, drilling, threading by computer numerical control (CNC) or other machineries)\n- bending, gluing and welding of plastic materials\n- processing of plastic surfaces (e.g. by engraving, sandblasting, microblasting, polishing)\n- coating of plastic surfaces (e.g. painting, varnishing and metallisation of plastics)"	"This class also includes:\n- cladding of metal pipes with plastics\n- welding of plastic tanks and pipes\n- metal coating of plastics"	"This class excludes:\n- plastic coating of metal surfaces, see 25.51"
"2350"	"2226"	"22.26"	"Manufacture of other plastic products"	"222"	"22.2"	"4"		"This class includes:\n- manufacture of plastic tableware, kitchenware and toilet articles\n- manufacture of diverse plastic products, e.g.:\n • plastic headgear excluding safety headgear, insulating fittings, parts of light fittings, office or school supplies, articles of apparel, fittings for furniture, statuettes, transmission and conveyer belts, plastic shoe-lasts, plastic cigar and cigarette holders, combs, plastic hair curlers, plastic novelties\n- manufacture of products from polymer clay"	"This class also includes:\n- manufacture of plastic equipment for cleaning"	"This class excludes:\n- manufacture of plastic luggage, see 15.12\n- manufacture of plastic footwear, see 15.20\n- manufacture of plastic furniture, see 31.00\n- manufacture of mattresses of uncovered cellular plastic, see 31.00\n- manufacture of plastic sports requisites, see 32.30\n- manufacture of plastic games and toys, see 32.40\n- manufacture of plastic medical and dental appliances, see 32.50\n- manufacture of plastic ophthalmic goods, see 32.50\n- manufacture of plastic safety headgear and other personal safety equipment of plastics, see 32.99"
"2360"	"23"	"23"	"Manufacture of other non-metallic mineral products"	"C"	"C"	"2"		"This division includes manufacturing activities related to a single substance of mineral origin. This division includes the manufacture of glass and glass products (for example, flat glass, hollow glass, fibres, technical glassware), ceramic products, tiles and baked clay products, cement, concrete and plaster, from raw materials to finished articles."	"The manufacture of shaped and finished stone and other mineral products is also included in this division.\n\nThis division also includes the manufacture of products of composite materials in which glass and non-metallic minerals (for example, sand, gravel, stone or clay) are the predominant material."	
"2370"	"231"	"23.1"	"Manufacture of glass and glass products"	"23"	"23"	"3"		"This group includes glass in all its forms, made by any process, and articles of glass."		
"2380"	"2311"	"23.11"	"Manufacture of flat glass"	"231"	"23.1"	"4"		"This class includes:\n- manufacture of flat glass (e.g. cast, rolled, drawn or blown), surface ground or polished glass in sheets and sheets of float glass, opacified, flashed or having an absorbent, reflecting or non-reflecting layer, including wired, coloured throughout the mass, or tinted flat glass"	"This class also includes:\n- shaping and processing done as part of the manufacturing process"	"This class excludes:\n- shaping and processing of flat glass sheets (e.g. bending, engraving, laminating, tempering), see 23.12"
"2390"	"2312"	"23.12"	"Shaping and processing of flat glass"	"231"	"23.1"	"4"		"This class includes:\n- manufacture of bent, edgeworked, engraved, drilled or enamelled glass sheets or profiles\n- manufacture of toughened or laminated safety glass\n- manufacture of glass mirrors\n- manufacture of multiple-walled insulating glass and units of glass\n- manufacture of coated glass\n- surface treatment of flat glass"		"This class excludes:\n- printing onto glass, see 18.12\n- manufacture of vehicle mirrors, see 29.32"
"2400"	"2313"	"23.13"	"Manufacture of hollow glass"	"231"	"23.1"	"4"		"This class includes:\n- manufacture of bottles and other containers of glass or crystal\n- manufacture of drinking glasses, glassware for table or kitchen purposes and other domestic glass or crystal articles"	"This class also includes:\n- manufacture of glass inners for vacuum vessels\n- cutting or otherwise decorating drinking glasses"	"This class excludes:\n- printing onto glass, see 18.12\n- manufacture of glass toys, see 32.40"
"2410"	"2314"	"23.14"	"Manufacture of glass fibres"	"231"	"23.1"	"4"		"This class includes:\n- manufacture of glass fibres, including glass wool and non-woven products thereof\n- manufacture of products from glass fibres"		"This class excludes:\n- manufacture of woven fabrics of glass yarn, see 13.96\n- manufacture of slag wool, rock wool and similar mineral wools, see 23.99\n- manufacture of fibre-optic cables for data transmission or live transmission of images, see 27.31"
"2420"	"2315"	"23.15"	"Manufacture and processing of other glass, including technical glassware"	"231"	"23.1"	"4"		"This class includes:\n- manufacture of laboratory, hygienic or pharmaceutical glassware\n- manufacture of clock or watch glass, optical glass and optical elements not optically worked\n- manufacture of glassware used in imitation jewellery\n- manufacture of glass insulators and glass insulating fittings\n- manufacture of glass envelopes for lamps\n- manufacture of glass figurines\n- manufacture of glass blocks and bricks, slabs, squares and tiles, of a kind used for building or construction purposes, and multicellular or foam glass in blocks, panels, plates, shells or similar forms\n- manufacture of glass in rods or tubes"	"This class also includes:\n- manufacture of glass doors, walls, etc.\n- finishing of other glass, including technical glass (e.g. cutting or mechanically polishing glassware)"	"This class excludes:\n- manufacture of optical elements optically worked, see 26.70\n- manufacture of syringes and other medical laboratory equipment, see 32.50"
"2430"	"232"	"23.2"	"Manufacture of refractory products"	"23"	"23"	"3"				
"2440"	"2320"	"23.20"	"Manufacture of refractory products"	"232"	"23.2"	"4"		"This class includes:\n- manufacture of intermediate products from mined or quarried non-metallic minerals (e.g. gravel, stone or clay)\n- manufacture of refractory mortars, concretes, etc.\n- manufacture of refractory ceramic goods, e.g.:\n • heat-insulating ceramic goods of siliceous fossil meals\n • refractory bricks, blocks and tiles, etc.\n • retorts, crucibles, muffles, nozzles, tubes, pipes, etc."	"This class also includes:\n- manufacture of refractory articles containing magnesium oxide, calcium magnesium oxide or chromite"	
"2450"	"233"	"23.3"	"Manufacture of clay building materials"	"23"	"23"	"3"				
"2460"	"2331"	"23.31"	"Manufacture of ceramic tiles and flags"	"233"	"23.3"	"4"		"This class includes:\n- manufacture of non-refractory ceramic hearth or wall tiles, mosaic cubes, etc.\n- manufacture of non-refractory ceramic flags and paving"		"This class excludes:\n- manufacture of refractory ceramic products, see 23.20\n- manufacture of ceramic bricks and roofing tiles, see 23.32\n- manufacture of artificial stone articles for use in construction, see 23.61"
"2470"	"2332"	"23.32"	"Manufacture of bricks, tiles and construction products, in baked clay"	"233"	"23.3"	"4"		"This class includes:\n- manufacture of structural non-refractory ceramic articles, obtained by firing clay building materials (e.g. ceramic bricks, roofing tiles, chimney pots, pipes, conduits)\n- manufacture of flooring blocks in baked clay"		"This class excludes:\n- manufacture of refractory ceramic products, see 23.20\n- manufacture of non-structural non-refractory ceramic products, see 23.4"
"2480"	"234"	"23.4"	"Manufacture of other porcelain and ceramic products"	"23"	"23"	"3"		"This group includes the manufacture of final products from mined or quarried non-metallic minerals (for example, sand, gravel, stone or clay)."		
"2490"	"2341"	"23.41"	"Manufacture of ceramic household and ornamental articles"	"234"	"23.4"	"4"		"This class includes:\n- manufacture of ceramic tableware, kitchenware, household articles, toilet articles, statuettes and other ornamental articles of ceramics (e.g. porcelain, china, common pottery, stoneware, earthenware or fine pottery)"		"This class excludes:\n- manufacture of imitation jewellery, see 32.13\n- manufacture of ceramic toys, see 32.40"
"2500"	"2342"	"23.42"	"Manufacture of ceramic sanitary fixtures"	"234"	"23.4"	"4"		"This class includes:\n- manufacture of ceramic sanitary fixtures (e.g. sinks, washbasins, washbasin pedestals, baths, bidets, water closet pans, flushing cisterns)"		"This class excludes:\n- manufacture of refractory ceramic goods, see 23.20\n- manufacture of ceramic building materials, see 23.3"
"2510"	"2343"	"23.43"	"Manufacture of ceramic insulators and insulating fittings"	"234"	"23.4"	"4"		"This class includes:\n- manufacture of electrical insulators and insulating fittings for electrical purposes, of ceramics"		"This class excludes:\n- manufacture of refractory ceramic goods, see 23.20"
"2520"	"2344"	"23.44"	"Manufacture of other technical ceramic products"	"234"	"23.4"	"4"		"This class includes:\n- manufacture of permanent magnets and articles intended to become permanent magnets after magnetisation, of materials other than metal (e.g. agglomerated ferrite)\n- manufacture of ceramic wares for laboratory, chemical or other technical uses"		"This class excludes:\n- manufacture of refractory ceramic goods, see 23.20\n- manufacture of ceramic building materials, see 23.3\n- manufacture of artificial stone (e.g. cultured marble), see 23.66"
"2530"	"2345"	"23.45"	"Manufacture of other ceramic products"	"234"	"23.4"	"4"		"This class includes:\n- manufacture of ceramic pots, jars and similar articles, of a kind used for conveyance or packing of goods\n- manufacture of ceramic troughs, tubs and similar receptacles, of a kind used in agriculture\n- manufacture of ceramic products n.e.c."		"This class excludes:\n- manufacture of ceramic sanitary fixtures, see 23.42\n- manufacture of artificial teeth, see 32.50"
"2540"	"235"	"23.5"	"Manufacture of cement, lime and plaster"	"23"	"23"	"3"				
"2550"	"2351"	"23.51"	"Manufacture of cement"	"235"	"23.5"	"4"		"This class includes:\n- manufacture of clinker and hydraulic cements, including Portland cement, aluminous cement, slag cement, supersulphate cement and similar hydraulic cements, whether or not coloured or in the form of clinker"		"This class excludes:\n- manufacture of refractory mortars, concrete, etc., see 23.20\n- manufacture of ready-mixed and dry-mix concrete and mortars, see 23.63, 23.64\n- manufacture of articles of cement, see 23.65, 23.66\n- manufacture of cements used in dentistry, see 32.50"
"2560"	"2352"	"23.52"	"Manufacture of lime and plaster"	"235"	"23.5"	"4"		"This class includes:\n- manufacture of quicklime, slaked lime and hydraulic lime\n- manufacture of plasters of calcined gypsum or calcium sulphate"	"This class also includes:\n- manufacture of calcined or sintered dolomite"	"This class excludes:\n- manufacture of pure calcium oxide and calcium hydroxide, see 20.12\n- manufacture of articles of plaster, see 23.62, 23.66"
"2570"	"236"	"23.6"	"Manufacture of articles of concrete, cement and plaster"	"23"	"23"	"3"				
"2580"	"2361"	"23.61"	"Manufacture of concrete products for construction purposes"	"236"	"23.6"	"4"		"This class includes:\n- manufacture of precast concrete, cement or artificial stone articles for use in construction:\n • tiles, flagstones, building blocks, bricks, boards, sheets, panels, pipes, posts, etc.\n- manufacture of prefabricated structures and structural components for building or civil engineering, traffic control and obstruction, of cement, concrete or artificial stone\n- manufacture of prefabricated factory-made elements of brick for construction of prefabricated structures to be used in landscaping and retaining wall, wastewater and stormwater management, and underground utilities\n- manufacture of factory-made elements with concrete\n- manufacture of prefabricated concrete pipes for drinking water"	"This class also includes:\n- manufacture of calcium silicate masonry units\n- manufacture of autoclaved aerated concrete masonry units"	"This class excludes:\n- manufacture of other articles of concrete, cement and plaster not for use in construction, see 23.66"
"2590"	"2362"	"23.62"	"Manufacture of plaster products for construction purposes"	"236"	"23.6"	"4"		"This class includes:\n- manufacture of articles of plaster or compositions based on plaster for use in construction:\n • boards, sheets, panels, tiles and similar articles, not ornamented"		
"2600"	"2363"	"23.63"	"Manufacture of ready-mixed concrete"	"236"	"23.6"	"4"		"This class includes:\n- manufacture of concrete ready to pour, i.e. to which water has already been added and which is usually transported in concrete mixer lorries"		"This class excludes:\n- manufacture of refractory cements, see 23.20"
"2610"	"2364"	"23.64"	"Manufacture of mortars"	"236"	"23.6"	"4"		"This class includes:\n- manufacture of non-refractory mortars and of concrete not yet mixed with water"		"This class excludes:\n- manufacture of refractory mortars, see 23.20\n- manufacture of ready-mixed concrete and concrete ready to pour, see 23.63"
"2620"	"2365"	"23.65"	"Manufacture of fibre cement"	"236"	"23.6"	"4"		"This class includes:\n- manufacture of panels, boards, tiles, blocks and similar articles of vegetable substances (e.g. wood wool, straw, reeds, rushes) agglomerated with cement, plaster or other mineral binders\n- manufacture of articles of asbestos cement or cellulose fibre cement, e.g.:\n • corrugated sheets, other sheets, panels, tiles, tubes, pipes, reservoirs, troughs, basins, sinks, jars, window frames"		"This class excludes:\n- manufacture of insulating fibreboards of wood or other ligneous fibres, whether or not bonded with resins or other organic substances, see 16.21"
"2630"	"2366"	"23.66"	"Manufacture of other articles of concrete, cement and plaster"	"236"	"23.6"	"4"		"This class includes:\n- manufacture of other articles of concrete, plaster or of compositions based on plaster, cement or artificial stone (e.g. statuary, bas- and haut-reliefs, vases, flowerpots)"	"This class also includes:\n- manufacture of ornamented boards or panels of plaster or of compositions based on plaster\n- other articles of calcium silicate\n- other articles of autoclaved aerated concrete"	"This class excludes:\n- manufacture of precast concrete, cement or artificial stone articles for use in construction, see 23.61"
"2640"	"237"	"23.7"	"Cutting, shaping and finishing of stone"	"23"	"23"	"3"				
"2650"	"2370"	"23.70"	"Cutting, shaping and finishing of stone"	"237"	"23.7"	"4"		"This class includes:\n- cutting, shaping and finishing of stone (e.g. for use in construction, in cemeteries, on roads, as roofing)\n- manufacture of stone furniture"		"This class excludes:\n- activities carried out by operators of quarries (e.g. production of rough-cut stone), see 08.11\n- production of millstones, abrasive stones and similar products, see 23.9"
"2660"	"239"	"23.9"	"Manufacture of abrasive products and non-metallic mineral products n.e.c."	"23"	"23"	"3"				
"2670"	"2391"	"23.91"	"Manufacture of abrasive products"	"239"	"23.9"	"4"		"This class includes:\n- manufacture of millstones, grindstones, grinding wheels, etc., without frameworks, for grinding, sharpening, trueing or cutting, hand sharpening or polishing stones"	"This class also includes:\n- manufacture of natural or artificial abrasive powder or grain, on a base of textile material, of paper, of paperboard or of other materials, whether or not cut to shape or sewn or otherwise made"	
"2680"	"2399"	"23.99"	"Manufacture of other non-metallic mineral products n.e.c."	"239"	"23.9"	"4"		"This class includes:\n- manufacture of friction material and unmounted articles thereof with a base of mineral substances or of cellulose\n- manufacture of mineral insulating materials, e.g.:\n • slag wool, rock wool and similar mineral wools; exfoliated vermiculite, expanded clays and similar heat-insulating, sound-insulating or sound-absorbing materials\n- manufacture of articles of diverse mineral substances, e.g.:\n • worked mica and articles of mica, of peat, of graphite (other than electrical articles)\n- manufacture of articles of asphalt or similar material (e.g. petroleum bitumen or coal tar pitch)\n- manufacture of carbon and graphite fibres and products (except electrodes and electrical applications)\n- manufacture of artificial corundum"		"This class excludes:\n- manufacture of glass wool and non-woven glass wool products, see 23.14\n- manufacture of graphite electrodes, see 27.90\n- manufacture of carbon or graphite gaskets, see 28.29"
"2690"	"24"	"24"	"Manufacture of basic metals"	"C"	"C"	"2"		"This division includes the activities of smelting and/or refining ferrous and non-ferrous metals from ore, pig, metal waste or scrap, using electro-metallurgic and other metallurgical process techniques."	"This division also includes the manufacture of metal alloys and super-alloys by introducing other chemical elements to pure metals. The output of smelting and refining, usually in ingot form, is used in rolling, drawing and extruding operations to make, for example, plate, sheet, strip, bars, rods, wire or tubes, pipes and hollow profiles and other basic metal products, and in molten form to make castings."	
"2700"	"241"	"24.1"	"Manufacture of basic iron and steel and of ferro-alloys"	"24"	"24"	"3"				
"2710"	"2410"	"24.10"	"Manufacture of basic iron and steel and of ferro-alloys"	"241"	"24.1"	"4"		"This class includes activities such as the direct reduction of iron ore, production of pig iron in molten or solid form, conversion of pig iron into steel, manufacture of ferro-alloys and manufacture of steel products.\n\nThis class includes:\n- operation of blast furnaces, steel converters, rolling and finishing mills\n- production of pig iron and spiegeleisen in pigs, blocks or other primary forms\n- production of ferro-alloys\n- production of ferrous products by direct reduction of iron and other spongy ferrous products\n- production of iron of exceptional purity by electrolysis or other chemical processes\n- remelting of scrap ingots of iron or steel\n- production of granular iron and iron powder\n- production of iron and steel in ingots or other primary forms\n- production of semi-finished products of iron or steel\n- manufacture of hot-rolled and cold-rolled flat-rolled products of iron or steel\n- manufacture of hot-rolled bars and rods of iron or steel\n- manufacture of hot-rolled open sections of iron or steel\n- manufacture of sheet piling of steel and welded open sections of iron or steel\n- manufacture of railway track materials (unassembled rails) of iron or steel\n- production of blast furnace gas"	"This class also includes:\n- manufacture of coated or uncoated flat-rolled steel products in coils or in straight lengths of a width of 600 mm or more by cold re-rolling of hot-rolled flat products or of steel rods"	"This class excludes:\n- cold drawing of bars, see 24.31"
"2720"	"242"	"24.2"	"Manufacture of tubes, pipes, hollow profiles and related fittings, of steel"	"24"	"24"	"3"				
"2730"	"2420"	"24.20"	"Manufacture of tubes, pipes, hollow profiles and related fittings, of steel"	"242"	"24.2"	"4"		"This class includes:\n- manufacture of seamless tubes and pipes of circular or non-circular cross section and of blanks of circular cross section, for further processing, by hot rolling, hot extrusion or by other hot processes of an intermediate product, which can be a bar or a billet obtained by hot rolling or continuous casting\n- manufacture of precision and non-precision seamless tubes and pipes from hot-rolled or hot-extruded blanks by further processing, by cold drawing or cold rolling of tubes and pipes of circular cross section and by cold drawing only for tubes and pipes of non-circular cross section and hollow profiles\n- manufacture of welded tubes and pipes of an external diameter exceeding 406,4 mm, cold formed from hot-rolled flat products and longitudinally or spirally welded\n- manufacture of welded tubes and pipes of an external diameter of 406,4 mm or less of circular cross section by continuous cold or hot forming of hot- or cold-rolled flat products and longitudinally or spirally welded and of non-circular cross section by hot or cold forming into shape from hot- or cold-rolled strip longitudinally welded\n- manufacture of welded precision tubes and pipes of an external diameter of 406,4 mm or less by hot or cold forming of hot- or cold-rolled strip and longitudinally welded delivered as welded or further processed, by cold drawing or cold rolling or cold formed into shape for tube and pipe of non-circular cross section\n- manufacture of flat flanges and flanges with forged collars by processing of hot-rolled flat products of steel\n- manufacture of butt-welding fittings (e.g. elbows and reductions), by forging of hot-rolled seamless tubes of steel\n- threaded and other tube or pipe fittings of steel"		"This class excludes:\n- manufacture of seamless tubes and pipes of steel by centrifugally casting, see 24.52"
"2740"	"243"	"24.3"	"Manufacture of other products of first processing of steel"	"24"	"24"	"3"		"This group includes manufacturing other products by cold processing of steel."		
"2750"	"2431"	"24.31"	"Cold drawing of bars"	"243"	"24.3"	"4"		"This class includes:\n- manufacture of steel bars, rods, and solid sections of steel by cold drawing, grinding or cold-finishing"		"This class excludes:\n- cold drawing of wire, see 24.34"
"2760"	"2432"	"24.32"	"Cold rolling of narrow strip"	"243"	"24.3"	"4"		"This class includes:\n- manufacture of coated or uncoated flat-rolled steel products in coils or in straight lengths of a width less than 600 mm by cold re-rolling of hot-rolled flat products or of steel rods"		"This class excludes:\n- manufacture of coated or uncoated flat-rolled steel products in coils or in straight lengths of a width of 600 mm or more by cold re-rolling of hot-rolled flat products or of steel rods, see 24.10"
"2770"	"2433"	"24.33"	"Cold forming or folding"	"243"	"24.3"	"4"		"This class includes:\n- manufacture of open sections by progressive cold forming on a roll mill or folding on a press of flat-rolled products of steel\n- manufacture of cold-formed or cold-folded, ribbed sheets and sandwich panels"		
"2780"	"2434"	"24.34"	"Cold drawing of wire"	"243"	"24.3"	"4"		"This class includes:\n- manufacture of drawn steel wire, by cold drawing of steel wire rod"		"This class excludes:\n- drawing of bars and solid sections of steel, see 24.31\n- manufacture of derived wire products, see 25.93"
"2790"	"244"	"24.4"	"Manufacture of basic precious and other non-ferrous metals"	"24"	"24"	"3"				
"2800"	"2441"	"24.41"	"Precious metals production"	"244"	"24.4"	"4"		"This class includes:\n- production of basic precious metals:\n • production and refining of unwrought or wrought precious metals: gold, silver, platinum, etc., from ore and scrap\n- production of precious metal alloys\n- production of precious metal in semi-manufactured or in powder forms\n- cladding of base metals with a covering of silver, gold or platinum, affixed by soldering, brazing, welding, hot-rolling or similar mechanical means"	"This class also includes:\n- manufacture of wire of precious metals by drawing\n- manufacture of precious metal plates, sheets, strips and foil laminates\n- silver recovery from waste and scrap by electrolytic refining\n- melting and casting of precious metal into ingots, blocks or similar forms"	"This class excludes:\n- casting of copper, zinc and other non-ferrous metals, see 24.54\n- manufacture of precious metal jewellery, see 32.12"
"2810"	"2442"	"24.42"	"Aluminium production"	"244"	"24.4"	"4"		"This class includes:\n- production of unwrought aluminium, alloyed or not alloyed, from alumina or from aluminium waste and scrap\n- manufacture of aluminium bars, rods, profiles and wire\n- manufacture of aluminium tubes, pipes, tube and pipe fittings\n- manufacture of aluminium plates, sheets and strip, whether or not painted, varnished or coated with plastics\n- manufacture of aluminium foil, whether or not printed or backed with paper, paperboard, plastics or similar backing materials"	"This class also includes:\n- production of aluminium oxide (alumina)"	"This class excludes:\n- casting of aluminium and other light metals, see 24.53\n- shredding of aluminium waste and scrap, see 38.21"
"2820"	"2443"	"24.43"	"Lead, zinc and tin production"	"244"	"24.4"	"4"		"This class includes:\n- production of unwrought lead, zinc and tin, alloyed or not alloyed, from ores or from lead, zinc or tin waste and scrap\n- manufacture of bars, rods, profiles, wire, plates, sheets, strip and foil of lead, zinc or tin"	"This class also includes:\n- manufacture of zinc powder by atomisation of molten zinc"	"This class excludes:\n- casting of lead, zinc or tin, see 24.54\n- shredding of lead, zinc or tin waste and scrap, see 38.21"
"2830"	"2444"	"24.44"	"Copper production"	"244"	"24.4"	"4"		"This class includes:\n- manufacture of unrefined or refined unwrought copper, alloyed or not alloyed, from ores or from copper waste and scrap\n- manufacture of bars, rods, profiles, plates, sheets and strip of copper and copper alloys\n- manufacture of wire of copper and copper alloys\n- manufacture of tubes, pipes, tube and pipe fittings of copper and copper alloys\n- manufacture of copper foil, whether or not printed or backed with paper, paperboard, plastics or similar backing materials"	"This class also includes:\n- manufacture of bars, rods, profiles, plates, sheets, strip, wire, tubes and pipes of brass"	"This class excludes:\n- casting of copper, see 24.54\n- shredding of copper waste and scrap, see 38.21"
"2840"	"2445"	"24.45"	"Other non-ferrous metal production"	"244"	"24.4"	"4"		"This class includes:\n- production of unwrought chrome, manganese, nickel, etc., alloyed or not alloyed, from ores or oxides or from electrolytic and aluminothermic refining of chrome, manganese, nickel, etc., waste and scrap\n- manufacture of bars, rods, profiles and wire of chrome, manganese, nickel, etc.\n- manufacture of plates, sheets, strip and foil of chrome, manganese, nickel, etc.\n- production of mattes of nickel\n- production of other non-ferrous metals"		"This class excludes:\n- casting of non-ferrous metals, see 24.53, 24.54\n- shredding of non-ferrous metal waste and scrap, see 38.21"
"2850"	"2446"	"24.46"	"Processing of nuclear fuel"	"244"	"24.4"	"4"		"This class includes:\n- production of natural uranium metal and its compounds from pitchblende or other ores\n- manufacture of alloys of natural uranium, dispersions (including cermets), ceramic products and mixtures containing natural uranium or natural uranium compounds\n- smelting and refining of natural uranium"		"This class excludes:\n- enrichment of uranium and thorium ores, see 20.13"
"2860"	"245"	"24.5"	"Casting of metals"	"24"	"24"	"3"		"This group includes activities of foundries employing different casting processes to produce castings with all ferrous and non-ferrous metal alloys. Subsequent trimming or descaling of the castings might be included, but without any further processing.\n\nThis group includes the manufacture of castings used in various industries."		"This group excludes:\n- manufacture of products obtained by production processes other than from castings (e.g. as forged, pressed, drawn and stamped parts, rolled rings or powder metallurgy products), see division 25\n- manufacture of finished products by further processing of castings, e.g.:\n • boilers and radiators, see 25.21\n • cast household items, anchors, ships’ propellers and bells, see 25.99"
"2870"	"2451"	"24.51"	"Casting of iron"	"245"	"24.5"	"4"		"This class includes activities of iron foundries.\n\nThis class includes:\n- manufacture of castings made of grey iron castings\n- manufacture of castings made of ductile iron castings (including casting of spheroidal graphite iron castings and malleable iron castings)\n- manufacture of castings made of other special iron alloys castings"		
"2880"	"2452"	"24.52"	"Casting of steel"	"245"	"24.5"	"4"		"This class includes:\n- manufacture of castings made of alloy or common steel castings\n- manufacture of castings made of carbon or commercial steel castings\n- manufacture of castings made of alloy and high alloy castings\n- manufacture of castings made of stainless-steel castings"		
"2890"	"2453"	"24.53"	"Casting of light metals"	"245"	"24.5"	"4"		"This class includes:\n- activities of foundries of light metal\n- manufacture of castings made of aluminium\n- manufacture of castings made of magnesium\n- manufacture of castings made of titanium"	"This class also includes:\n- casting of dental implements, etc., of light metals"	"This class excludes:\n- casting of metals not considered light metals, see 24.51, 24.52, 24.54"
"2900"	"2454"	"24.54"	"Casting of other non-ferrous metals"	"245"	"24.5"	"4"		"This class includes:\n- activities of foundries of other non-ferrous metals\n- manufacture of castings made of copper, zinc, lead or nickel alloys\n- manufacture of castings made of other non-ferrous metals alloys"	"This class also includes:\n- casting of dental implements, etc., of other non-ferrous metals"	
"2910"	"25"	"25"	"Manufacture of fabricated metal products, except machinery and equipment"	"C"	"C"	"2"		"This division includes the manufacture of pure metal products (for example, parts, containers, structures), usually with a static, immovable function. This is in contrast to divisions 26 to 30, which cover the manufacture of combinations or assemblies of such metal products (sometimes with other materials) into more complex units that – unless they are purely electrical, electronic or optical – work with moving parts."	"This division also includes the manufacture of products of composite materials in which metals are the predominant material.\n\nThe manufacture of weapons and ammunition is also included in this division."	"This division excludes:\n- specialised repair and maintenance activities of fabricated metal products, machinery and equipment, see 33.1\n- specialised installation of manufactured goods produced in this division in buildings (e.g. central heating boilers), see 43.22"
"2920"	"251"	"25.1"	"Manufacture of structural metal products"	"25"	"25"	"3"		"This group includes the manufacture of structural metal products (for example, metal frameworks or metal parts for parts of structures)."		
"2930"	"2511"	"25.11"	"Manufacture of metal structures and parts of structures"	"251"	"25.1"	"4"		"This class includes:\n- manufacture of metal frameworks or skeletons for construction and parts thereof (towers, lattice masts, trusses, bridges, bridge sections, etc.)\n- manufacture of equipment for scaffolding, shuttering, propping or pit-propping\n- manufacture of industrial frameworks in metal (frameworks for blast furnaces, lifting and handling equipment, etc.)\n- manufacture of prefabricated buildings mainly of metal:\n • site huts, modular exhibition elements, etc."	"This class also includes:\n- manufacture of supporting structures of metal (e.g. for lights or loudspeakers)"	"This class excludes:\n- manufacture of parts for marine or power boilers, see 25.21\n- manufacture of assembled railway track fixtures, see 25.99\n- manufacture of coachwork, see 29.20\n- manufacture of sections of ships, see 30.11, 30.13"
"2940"	"2512"	"25.12"	"Manufacture of doors and windows of metal"	"251"	"25.1"	"4"		"This class includes:\n- manufacture of metal doors, windows and their frames, thresholds for doors, shutters and gates\n- metal room partitions for floor attachment\n- manufacture of metal blinds, metal sunblinds and insect screens"	"This class also includes:\n- manufacture of temporary spatial extensions made of metal"	
"2950"	"252"	"25.2"	"Manufacture of tanks, reservoirs and containers of metal"	"25"	"25"	"3"		"This group includes the manufacture of metal tanks, central heating radiators, steam or other vapour generating boilers (other than central heating boilers)."		
"2960"	"2521"	"25.21"	"Manufacture of central heating radiators, steam generators and boilers"	"252"	"25.2"	"4"		"This class includes:\n- manufacture of radiators for central heating, non-electrically heated\n- manufacture of steam or other vapour generating boilers\n- manufacture of auxiliary plant for use with steam or other vapour generating boilers (e.g. economisers, super heaters, steam collectors and accumulators)\n- manufacture of condensers for steam or other vapour power units\n- manufacture of nuclear reactors, except isotope separators\n- manufacture of marine or power boilers"		"This class excludes:\n- manufacture of electrical ovens and water heaters, see 27.51\n- manufacture of boiler turbine sets, see 28.11\n- manufacture of household heating equipment, see 28.21\n- manufacture of isotope separators, see 28.99"
"2970"	"2522"	"25.22"	"Manufacture of other tanks, reservoirs and containers of metal"	"252"	"25.2"	"4"		"This class includes:\n- manufacture of reservoirs, tanks, vats and similar containers of metal of a capacity exceeding 300 litres, whether or not lined or heat-insulated\n- manufacture of metal containers for compressed or liquefied gas"		"This class excludes:\n- manufacture of metal casks, drums, cans, pails, boxes, etc., of a kind normally used for carrying and packing of goods, of a capacity not exceeding 300 litres, see 25.91, 25.92\n- manufacture of transport containers, see 29.20\n- manufacture of tanks (armoured military vehicles), see 30.40"
"2980"	"253"	"25.3"	"Manufacture of weapons and ammunition"	"25"	"25"	"3"				
"2990"	"2530"	"25.30"	"Manufacture of weapons and ammunition"	"253"	"25.3"	"4"		"This class includes:\n- manufacture of military weapons (e.g. artillery weapons, rocket launchers, flame-throwers, grenade launchers, torpedo tubes and similar projectors, machine guns)\n- manufacture of pistols, shotguns and rifles\n- manufacture of spring, air or gas guns and pistols, etc.\n- manufacture of war ammunition\n- manufacture of cartridges for shotguns, revolvers and pistols\n- manufacture of bombs, grenades, torpedoes, mines, missiles and similar munitions of war"	"This class also includes:\n- manufacture of hunting, sporting or protective firearms and ammunition"	"This class excludes:\n- manufacture of percussion caps, detonators or signalling flares, see 20.59\n- manufacture of cutlasses, swords, bayonets, etc., see 25.61\n- manufacture of optical gun-sighting equipment, see 26.70\n- manufacture of bodies for armoured vehicles, see 29.20\n- building of military ships and vessels, see 30.13\n- manufacture of military air and spacecraft, see 30.32\n- manufacture of tanks and other armoured and motorised fighting vehicles, see 30.40"
"3000"	"254"	"25.4"	"Forging and shaping metal and powder metallurgy"	"25"	"25"	"3"				
"3010"	"2540"	"25.40"	"Forging and shaping metal and powder metallurgy"	"254"	"25.4"	"4"		"This class includes general activities for the forming of metal.\n\nThis class includes:\n- forging, pressing, stamping and roll-forming of metal\n- production of metal objects directly from metal powders by heat treatment (sintering) or under pressure, i.e. powder metallurgy"	"This class also includes:\n- subsequent trimming or descaling of the metal, without any further processing"	"This class excludes:\n- production of metal powder, see 24.10, 24.4"
"3020"	"255"	"25.5"	"Treatment and coating of metals; machining"	"25"	"25"	"3"		"This group includes general activities for the treatment of metal (for example, plating, coating, engraving, boring, polishing or welding), which are typically carried out on a fee or contract basis."		
"3030"	"2551"	"25.51"	"Coating of metals"	"255"	"25.5"	"4"		"This class includes:\n- galvanising, including general (batch) hot-dip galvanising\n- phosphate or chromate conversion coating\n- cladding, electroplating, anodising, etc., of metals\n- colouring of metals\n- non-metallic coating of metals, e.g.:\n • powder or plastic coating, enamelling, lacquering"		"This class excludes:\n- activities of farriers, see 01.62\n- printing onto metals, see 18.12\n- metal coating of plastics, see 22.25\n- cladding of base metals with a covering of silver, gold or platinum, see 24.41\n- heat treatment of metals, see 25.52\n- hardening of metals, see 25.52\n- painting of metals on buildings and civil engineering structures, see 43.34\n- ‘while-you-wait’ engraving services, see 95.29"
"3040"	"2552"	"25.52"	"Heat treatment of metals"	"255"	"25.5"	"4"		"This class includes:\n- general activities for the heat treatment of metals\n- thermomechanical heat treatment of metals (e.g. preheating, annealing, hardening, tempering, quenching, deep freezing of metal)\n- thermochemical heat treatment of metals (e.g. carburising, carbonitriding, nitrocarburising, nitriding, oxidising, sulphidising, boriding)"		
"3050"	"2553"	"25.53"	"Machining of metals"	"255"	"25.5"	"4"		"This class includes:\n- boring, turning, milling, eroding, planing, lapping, broaching, levelling, sawing, grinding, sharpening, deburring, sandblasting, tumbling, polishing, buffing, welding, splicing, etc., of metalwork pieces\n- cutting of and engraving or writing on metals by means of laser beams"		"This class excludes:\n- activities of farriers, see 01.62"
"3060"	"256"	"25.6"	"Manufacture of cutlery, tools and general hardware"	"25"	"25"	"3"		"This group includes the manufacture of cutlery, metal hand tools and general hardware."		
"3070"	"2561"	"25.61"	"Manufacture of cutlery"	"256"	"25.6"	"4"		"This class includes:\n- manufacture of domestic cutlery (e.g. knives, forks, spoons)\n- manufacture of other articles of cutlery, e.g.:\n • cleavers and choppers\n • razors and razor blades\n • scissors and hair clippers\n- manufacture of cutlasses, swords, bayonets, etc."		"This class excludes:\n- manufacture of knives and cutting blades for industrial machines, see 25.63\n- manufacture of hollowware (pots, kettles, etc.), dinnerware (bowls, platters, etc.), or flatware (plates, saucers, etc.), see 25.99\n- manufacture of cutlery of precious metal, see 32.12"
"3080"	"2562"	"25.62"	"Manufacture of locks and hinges"	"256"	"25.6"	"4"		"This class includes:\n- manufacture of hardware, such as padlocks, locks, keys, hinges (e.g. base metal mountings, fittings and similar articles for buildings, furniture, vehicles)"		"This class excludes:\n- lock repair and provision of key duplication services, see 95.29"
"3090"	"2563"	"25.63"	"Manufacture of tools"	"256"	"25.6"	"4"		"This class includes:\n- manufacture of knives and cutting blades for machines or for mechanical appliances\n- manufacture of hand tools (e.g. pliers, screwdrivers)\n- manufacture of non-power-driven agricultural hand tools\n- manufacture of saws and saw blades, including circular saw blades and chainsaw blades\n- manufacture of interchangeable tools for hand tools, whether or not power-operated, or for machine tools (e.g. drills, punches, milling cutters)\n- manufacture of press tools\n- manufacture of blacksmiths’ tools (e.g. forges, anvils)\n- manufacture of moulding boxes and moulds (except ingot moulds)\n- manufacture of vices, clamps"		"This class excludes:\n- manufacture of power-driven hand tools, see 28.24\n- manufacture of ingot moulds, see 28.91"
"3100"	"259"	"25.9"	"Manufacture of other fabricated metal products"	"25"	"25"	"3"		"This group includes the manufacture of a variety of metal products (for example, cans, buckets; nails, bolts and nuts; metal household articles; metal fixtures; ships propellers and anchors; assembled railway track fixtures, etc.) for a variety of household and industrial uses."		
"3110"	"2591"	"25.91"	"Manufacture of steel drums and similar containers"	"259"	"25.9"	"4"		"This class includes:\n- manufacture of iron or steel tanks, cans, drums, buckets, boxes and similar containers, of a capacity not exceeding 300 litres"		"This class excludes:\n- manufacture of containers of metal, for compressed or liquefied gas, of a capacity exceeding 300 litres, see 25.22"
"3120"	"2592"	"25.92"	"Manufacture of light metal packaging"	"259"	"25.9"	"4"		"This class includes:\n- manufacture of iron or steel cans which are to be closed by soldering or crimping, of a capacity of less than 50 litres\n- manufacture of aluminium casks, drums, cans, boxes and similar containers, of a capacity not exceeding 300 litres\n- manufacture of tins and cans for food products, collapsible tubes and boxes\n- manufacture of metallic closures"		"This class excludes:\n- manufacture of containers of metal, for compressed or liquefied gas, of a capacity exceeding 300 litres, see 25.22"
"3130"	"2593"	"25.93"	"Manufacture of wire products, chain and springs"	"259"	"25.9"	"4"		"This class includes:\n- manufacture of metal cable, plaited bands and similar articles\n- manufacture of uninsulated metal cable or insulated cable not capable of being used as a conductor of electricity\n- manufacture of coated or cored wire\n- manufacture of articles made of wire (e.g. barbed wire, wire fencing, grill, netting, cloth)\n- coated electrodes for electric arc welding\n- manufacture of nails and pins\n- manufacture of springs (except watch springs), e.g.:\n • leaf springs, helical springs, torsion bar springs\n • leaves for springs\n- manufacture of chain, except power transmission chain"		"This class excludes:\n- manufacture of clock or watch springs, see 26.52\n- manufacture of wire and cable for electricity transmission, see 27.32\n- manufacture of power transmission chain, see 28.15"
"3140"	"2594"	"25.94"	"Manufacture of fasteners and screw machine products"	"259"	"25.9"	"4"		"This class includes:\n- manufacture of rivets, washers and similar non-threaded products\n- manufacture of screw machine products\n- manufacture of bolts, screws, nuts and similar threaded products"		
"3150"	"2599"	"25.99"	"Manufacture of other fabricated metal products n.e.c."	"259"	"25.9"	"4"		"This class includes:\n- manufacture of metal household articles:\n • flatware: plates, saucers, etc.\n • hollowware: pots, kettles, etc.\n • dinnerware: bowls, platters, etc.\n • saucepans, frying pans and other non-electrical utensils for use at the table or in the kitchen\n • small hand-operated kitchen appliances and accessories\n • metal scouring pads\n- manufacture of building components of zinc: gutters, roof capping, baths, sinks, washbasins and similar articles\n- manufacture of metal goods for office use, except furniture\n- manufacture of safes, strongboxes, armoured doors, etc.\n- manufacture of various metal articles:\n • ship propellers and blades thereof\n • anchors\n • bells\n • assembled railway track fixtures\n • clasps, buckles, hooks\n • metal ladders\n • metal signs, including road signs\n- manufacture of foil bags\n- manufacture of permanent metallic magnets\n- manufacture of metal badges and metal military insignia\n- manufacture of metal hair curlers, metal umbrella handles and frames, combs"		"This class excludes:\n- manufacture of swords, bayonets, see 25.61\n- manufacture of shopping carts, see 30.99\n- manufacture of metal furniture, see 31.00\n- manufacture of sports goods, see 32.30\n- manufacture of games and toys, see 32.40"
"3160"	"26"	"26"	"Manufacture of computer, electronic and optical products"	"C"	"C"	"2"		"This division includes the manufacture of computers, computer peripherals, communication equipment, and similar electronic products, as well as the manufacture of components for such products. Production processes of this division are characterised by the design and use of integrated circuits and the application of highly specialised miniaturisation technologies."	"The division also contains the manufacture of consumer electronics, measuring, testing and navigating equipment, irradiation, electromedical and electrotherapeutic equipment, optical instruments and equipment, and the manufacture of magnetic and optical media."	"This division excludes the manufacture of conductors for electronic use and of optical fibre cables, see division 27."
"3170"	"261"	"26.1"	"Manufacture of electronic components and boards"	"26"	"26"	"3"				
"3180"	"2611"	"26.11"	"Manufacture of electronic components"	"261"	"26.1"	"4"		"This class includes the manufacture of semiconductors and other components for electronic applications.\n\nThis class includes:\n- manufacture of capacitors, electronic\n- manufacture of resistors, electronic\n- manufacture of microprocessors\n- manufacture of electron tubes\n- manufacture of cables, printer cables, monitor cables, universal serial bus (USB) cables\n- manufacture of bare printed circuit boards, consisting only of conductor elements and contacts\n- manufacture of integrated circuits (analogue, digital or hybrid)\n- manufacture of diodes, transistors and related discrete devices\n- manufacture of inductors (e.g. chokes, coils, transformers), electronic component-type transformers\n- manufacture of electronic crystals and crystal assemblies\n- manufacture of solenoids, switches and transducers for electronic applications\n- manufacture of dice or wafers – which consist of chemical elements (e.g. silicon) – that are selectively doped or diffused to create discrete regions for the purposes of their applications in the field of electronics\n- manufacture of display components (plasma, polymer, liquid crystal displays (LCDs))\n- manufacture of light-emitting diodes (LEDs)\n- manufacture of photovoltaic cells, modules and panels"		"This class excludes:\n- printing of smart cards, see 18.12\n- manufacture of printed circuits consisting of conductor elements, contacts and other passive elements, see 26.12\n- manufacture of computer and television displays, see 26.20, 26.40\n- manufacture of modems (carrier equipment), see 26.30\n- manufacture of X-ray tubes and similar irradiation devices, see 26.60\n- manufacture of optical equipment and instruments, see 26.70\n- manufacture of similar devices for electrical applications, see division 27\n- manufacture of fluorescent ballasts, see 27.11\n- manufacture of solar generators, which can be used directly to supply power to, e.g. a motor or an electrolyser, see 27.11\n- manufacture of electrical relays, see 27.12\n- manufacture of electrical wiring devices, see 27.33\n- manufacture of assembled electric conductors, insulated and fitted with connectors, see 27.90\n- manufacture of solar water heaters, see 28.21\n- installation of solar panels, see 43.21\n- installation of solar heating systems, see 43.22"
"3190"	"2612"	"26.12"	"Manufacture of loaded electronic boards"	"261"	"26.1"	"4"		"This class includes:\n- manufacture of loaded printed circuit boards consisting of conductor elements, contacts and other passive elements\n- loading of passive elements (components) onto printed circuit boards\n- manufacture of interface cards (e.g. sound, video, controllers, network, modems) loaded with passive elements"		"This class excludes:\n- printing of smart cards, see 18.12\n- manufacture of bare printed circuit boards, consisting only of conductor elements and contacts, see 26.11"
"3200"	"262"	"26.2"	"Manufacture of computers and peripheral equipment"	"26"	"26"	"3"				
"3210"	"2620"	"26.20"	"Manufacture of computers and peripheral equipment"	"262"	"26.2"	"4"		"This class includes the manufacture and/or assembly of electronic computers (for example, mainframes, desktop computers, laptops, computer servers); computer peripheral equipment (for example, storage devices, input/output devices, such as printers, monitors, keyboards). Computers can be analogue, digital, or hybrid. Digital computers, the most common type, are devices that do all of the following: (1) store the processing program or programs and the data immediately necessary for the execution of a program, (2) can be freely programmed in accordance with the requirements of the user, (3) perform arithmetical computations specified by the user and (4) execute, without human intervention, a processing program that requires the computer to modify its execution by logical decision during the processing run. Analogue computers are capable of simulating mathematical models and comprise at least analogue control and programming elements.\n\nThis class includes:\n- manufacture of desktop computers\n- manufacture of laptop computers\n- manufacture of mainframe computers\n- manufacture of handheld computers\n- manufacture of magnetic disk drives, flash drives and other storage devices\n- manufacture of optical disc drives for computers\n- manufacture of printers\n- manufacture of monitors\n- manufacture of keyboards\n- manufacture of all types of mice, joysticks, and trackball accessories\n- manufacture of dedicated computer terminals\n- manufacture of computer servers\n- manufacture of scanners, including barcode scanners\n- manufacture of smart card readers\n- manufacture of computer projectors (video beamers)\n- manufacture of toner cartridges"	"This class also includes:\n- manufacture of computer terminals, like automatic teller machines (ATMs) and point-of-sale (POS) terminals, not mechanically operated\n- manufacture of multifunction office equipment performing two or more of the following functions (e.g. printing, scanning, copying, telefaxing)\n- refilling of ink cartridges"	"This class excludes:\n- reproduction of recorded media (computer media, sound, video, etc.), see 18.20\n- manufacture of electronic components and electronic assemblies used in computers and peripherals, see 26.1\n- manufacture of computer modems, see 26.12\n- manufacture of interface cards, modules and assemblies, see 26.12\n- manufacture of printed circuit boards loaded with passive elements, see 26.12\n- manufacture of modems, carrier equipment, see 26.30\n- manufacture of digital communication switches, data communication equipment (e.g. bridges, routers, gateways), see 26.30\n- manufacture of consumer electronic devices (e.g. CD players, DVD players, Blu-ray players), see 26.40\n- manufacture of television monitors and displays, see 26.40\n- manufacture of video game consoles, see 26.40\n- manufacture of blank optical and magnetic media for use with computers or other devices, see 26.70\n- refilling of ink and toner cartridges by retail sellers, see 47.40"
"3220"	"263"	"26.3"	"Manufacture of communication equipment"	"26"	"26"	"3"				
"3230"	"2630"	"26.30"	"Manufacture of communication equipment"	"263"	"26.3"	"4"		"This class includes the manufacture of telephone and data communication equipment used to move signals electronically through wired or wireless networks (for example, radio and television broadcasts, wireless communication equipment).\n\nThis class includes:\n- manufacture of central office switching equipment\n- manufacture of cordless telephones\n- manufacture of private branch exchange (PBX) equipment\n- manufacture of telephone and facsimile equipment, including telephone answering machines\n- manufacture of data communication equipment (e.g. bridges, routers, gateways)\n- manufacture of transmitting and receiving antenna\n- manufacture of cable television equipment\n- manufacture of pagers\n- manufacture of mobile telephones\n- manufacture of mobile communication equipment\n- manufacture of radio and television studio and broadcasting equipment, including television cameras\n- manufacture of modems, carrier equipment\n- manufacture of radio and television transmitters\n- manufacture of communication devices using infra-red signals (e.g. remote controls)"	"This class also includes:\n- manufacture of smartwatches"	"This class excludes:\n- manufacture of electronic components and sub-assemblies used in communication equipment, including computer modems, see 26.12\n- manufacture of printed circuit boards loaded with passive elements, see 26.12\n- manufacture of computers and computer peripheral equipment, see 26.20\n- manufacture of consumer audio and video equipment, see 26.40\n- manufacture of burglar- and fire-alarm systems, sending signals to a control station, see 26.51\n- manufacture of global positioning system (GPS) devices, see 26.51\n- manufacture of electronic scoreboards, see 27.90\n- manufacture of traffic lights, see 27.90"
"3240"	"264"	"26.4"	"Manufacture of consumer electronics"	"26"	"26"	"3"				
"3250"	"2640"	"26.40"	"Manufacture of consumer electronics"	"264"	"26.4"	"4"		"This class includes the manufacture of electronic audio and video equipment for home entertainment, motor vehicle, public address systems and musical instrument amplification.\n\nThis class includes:\n- manufacture of video recorders and duplicating equipment\n- manufacture of televisions\n- manufacture of television monitors and displays\n- manufacture of audio recording and duplicating equipment\n- manufacture of multimedia projectors suitable for use only or principally with transmission and reception apparatus for television broadcasting\n- manufacture of stereo equipment\n- manufacture of radio receivers\n- manufacture of speaker systems\n- manufacture of household-type video cameras\n- manufacture of jukeboxes\n- manufacture of amplifiers for musical instruments and public address systems\n- manufacture of microphones\n- manufacture of optical media players with optical reading systems\n- manufacture of karaoke machines\n- manufacture of headphones (e.g. for radio, stereo, computer)\n- manufacture of video game consoles\n- manufacture of personal audio and video headsets, including virtual reality headsets\n- manufacture of home theatre audio and video equipment"		"This class excludes:\n- reproduction of recorded media (computer media, sound, video, etc.), see 18.20\n- manufacture of computer peripheral devices and computer monitors, see 26.20\n- manufacture of telephone answering machines, see 26.30\n- manufacture of pagers, see 26.30\n- manufacture of remote-controlled devices (radio and infra-red), see 26.30\n- manufacture of broadcast and studio equipment (e.g. reproduction equipment, transmitting and receiving antennas, commercial video cameras), see 26.30 \n- manufacture of antennas, see 26.30\n- manufacture of digital cameras, see 26.70\n- manufacture of electronic games with fixed (non-replaceable) software, see 32.40"
"3260"	"265"	"26.5"	"Manufacture of measuring testing instruments, clocks and watches"	"26"	"26"	"3"		"This group includes the manufacture of sensing, measuring, testing and navigating equipment for various industrial and non-industrial purposes, including time-based measuring devices (for example, watches and clocks) and related devices."		
"3270"	"2651"	"26.51"	"Manufacture of instruments and appliances for measuring, testing and navigation"	"265"	"26.5"	"4"		"This class comprises the manufacture of search, detection, navigation, guidance, aeronautical and nautical systems and instruments; automatic controls and regulators for applications (for example, heating, air conditioning, refrigeration and appliances); instruments and devices for measuring, displaying, indicating, recording, transmitting and controlling temperature, humidity, pressure, vacuum, combustion, flow, level, viscosity, density, acidity, concentration and rotation; totalising (in other words, registering) fluid meters and counting devices; instruments for measuring and testing the characteristics of electricity and electrical signals; instruments and instrumentation systems for laboratory analysis of the chemical/physical composition or concentration of samples of solid, fluid, gaseous or composite materials; other measuring and testing instruments; and parts thereof.\n\nThe manufacture of non-electric measuring, testing and navigating equipment (except simple mechanical tools) is included here.\n\nThis class includes:\n- manufacture of aircraft engine instruments\n- manufacture of automotive emissions testing equipment\n- manufacture of meteorological instruments\n- manufacture of physical properties testing and inspection equipment\n- manufacture of polygraph machines\n- manufacture of radiation detection and monitoring instruments\n- manufacture of surveying instruments\n- manufacture of thermometers liquid-in-glass and bi-metal types (except medical)\n- manufacture of humidistats\n- manufacture of hydronic limit controls\n- manufacture of flame and burner control\n- manufacture of spectrometers\n- manufacture of pneumatic gauges\n- manufacture of consumption meters (e.g. water, gas, electricity)\n- manufacture of flow meters and counting devices\n- manufacture of tally counters\n- manufacture of mine detectors, pulse (signal) generators; metal detectors\n- manufacture of search, detection, navigation, aeronautical and nautical equipment, including sonobuoys\n- manufacture of radar equipment\n- manufacture of global positioning system (GPS) devices\n- manufacture of burglar- and fire-alarm systems, sending signals to a control station\n- manufacture of environmental controls and automatic controls for appliances\n- manufacture of measuring and recording equipment (e.g. flight recorders)\n- manufacture of motion detectors\n- manufacture of radars\n- manufacture of laboratory analytical instruments (e.g. blood analysis equipment) \n- manufacture of laboratory scales, balances, incubators and miscellaneous laboratory apparatus for measuring, testing, etc.\n- manufacture of sensors and sensing equipment"		"This class excludes:\n- manufacture of telephone answering machines, see 26.30\n- manufacture of irradiation equipment, see 26.60\n- manufacture of optical positioning equipment, see 26.70\n- manufacture of dictating machines, see 28.23\n- manufacture of weighing machinery (other than sensitive laboratory balances), levels, tape measures, etc., see 28.29\n- manufacture of medical thermometers, see 32.50\n- installation of industrial process control equipment, see 33.20"
"3280"	"2652"	"26.52"	"Manufacture of watches and clocks"	"265"	"26.5"	"4"		"This class includes the manufacture of watches, clocks and timing mechanisms, and parts thereof.\n\nThis class includes:\n- manufacture of watches and clocks of all kinds, including instrument panel clocks\n- manufacture of watch and clock cases, including cases of precious metals\n- manufacture of time-recording equipment and equipment for measuring, recording and otherwise displaying intervals of time with a watch or clock movement or with synchronous motor, e.g.:\n • parking meters\n • time clocks\n • time/date stamps\n • process timers\n- manufacture of time switches and other releases with a watch or clock movement or with synchronous motor:\n • time locks\n- manufacture of components for clocks and watches, e.g.:\n • movements of all kinds for watches and clocks\n • springs, jewels, dials, hands, plates, bridges and other parts\n • watch and clock cases and housings of all materials"		"This class excludes:\n- manufacture of non-metallic watch bands (e.g. fabric, leather, plastic), see 15.12\n- manufacture of smartwatches, see 26.30\n- manufacture of watch bands of precious metal, see 32.12\n- manufacture of watch bands of non-precious metal, see 32.13"
"3290"	"266"	"26.6"	"Manufacture of irradiation, electromedical and electrotherapeutic equipment"	"26"	"26"	"3"				
"3300"	"2660"	"26.60"	"Manufacture of irradiation, electromedical and electrotherapeutic equipment"	"266"	"26.6"	"4"		"This class includes:\n- manufacture of irradiation apparatus and tubes (e.g. industrial, medical diagnostic, medical therapeutic, research, scientific):\n • alpha, beta, gamma, X-ray or other radiation equipment\n- manufacture of computed tomography (CT) scanners\n- manufacture of positron emission tomography (PET) scanners\n- manufacture of magnetic resonance imaging (MRI) equipment\n- manufacture of medical ultrasound equipment\n- manufacture of electrocardiographs\n- manufacture of electromedical endoscopic equipment\n- manufacture of medical laser equipment\n- manufacture of artificial respiration or therapeutic respiration apparatus\n- manufacture of pacemakers\n- manufacture of hearing aids"	"This class also includes:\n- manufacture of food and milk irradiation equipment"	"This class excludes:\n- manufacture of tanning beds, see 27.90"
"3310"	"267"	"26.7"	"Manufacture of optical instruments, magnetic and optical media and photographic equipment"	"26"	"26"	"3"				
"3320"	"2670"	"26.70"	"Manufacture of optical instruments, magnetic and optical media and photographic equipment"	"267"	"26.7"	"4"		"This class includes the manufacture of optical instruments and lenses (for example, binoculars, microscopes (except electron, proton), telescopes, prisms, lenses (except ophthalmic)); the coating or polishing of lenses (except ophthalmic); the mounting of lenses (except ophthalmic); the manufacture of photographic equipment (for example, cameras and the manufacture of light meters).\n\nThis class includes:\n- manufacture of optical mirrors\n- manufacture of optical gun-sighting equipment\n- manufacture of optical positioning equipment\n- manufacture of optical magnifying instruments\n- manufacture of optical machinist’s precision tools\n- manufacture of optical comparators\n- manufacture of film cameras and digital cameras\n- manufacture of motion picture and slide projectors\n- manufacture of overhead transparency projectors\n- manufacture of optical measuring and checking devices and instruments (e.g. fire control equipment, photographic light meters, rangefinders)\n- manufacture of lenses, optical microscopes, binoculars and telescopes\n- manufacture of objective lenses for cameras, projectors or photographic enlargers or reducers\n- manufacture of laser assemblies\n- manufacture of unrecorded magnetic audio and videotapes\n- manufacture of unrecorded optical disks"		"This class excludes:\n- reproduction of recorded media (computer media, sound, video, etc.), see 18.20\n- manufacture of computer projectors, see 26.20\n- manufacture of television studio and broadcasting equipment, including television cameras, see 26.30\n- manufacture of household-type video cameras, see 26.40\n- manufacture of fire alarms, see 26.51\n- manufacture of complete equipment using laser components, see manufacturing class by type of machinery (e.g. medical laser equipment), see 26.60\n- manufacture of photocopy machines, see 28.23\n- manufacture of ophthalmic goods, see 32.50"
"3330"	"27"	"27"	"Manufacture of electrical equipment"	"C"	"C"	"2"		"This division includes the manufacture of products that generate, distribute and use electrical power."	"Also included is the manufacture of electrical lighting, signalling equipment and electric household appliances."	"This division excludes the manufacture of electronic products (see division 26)."
"3340"	"271"	"27.1"	"Manufacture of electric motors, generators, transformers and electricity distribution and control apparatus"	"27"	"27"	"3"		"This group comprises the manufacture of power, distribution and specialty transformers; electric motors, generators and motor generator sets."		
"3350"	"2711"	"27.11"	"Manufacture of electric motors, generators and transformers"	"271"	"27.1"	"4"		"This class includes the manufacture of all electric motors and transformers: AC, DC and AC/DC.\n\nThis class includes:\n- manufacture of electric motors, except for motor vehicles\n- manufacture of distribution transformers, electric\n- manufacture of arc welding transformers\n- manufacture of ballasts for discharge lamps or tubes (i.e. transformers)\n- manufacture of substation transformers for electric power distribution\n- manufacture of transmission and distribution-voltage regulators\n- manufacture of inverters, rectifiers and converters\n- manufacture of electric linear actuators\n- manufacture of prime mover generator sets (except turbine generator sets)\n- manufacture of power generators (except battery charging alternators for internal combustion engines)\n- manufacture of motor generator sets (except turbine generator sets)\n- rewinding of armatures on a factory basis\n- manufacture of solar generators, which can be used directly to supply power to, e.g. a motor or an electrolyser"		"This class excludes:\n- manufacture of electronic component-type transformers and switches, see 26.11\n- manufacture of photovoltaic cells, modules and panels, see 26.11\n- manufacture of electric welding and soldering equipment, see 27.90\n- manufacture of turbine generator sets, see 28.11\n- manufacture of electric motors for motor vehicles, see 29.10\n- manufacture of starting motors and generators for internal combustion engines, see 29.31"
"3360"	"2712"	"27.12"	"Manufacture of electricity distribution and control apparatus"	"271"	"27.1"	"4"		"This class includes:\n- manufacture of power circuit breakers\n- manufacture of surge suppressors (for distribution-level voltage)\n- manufacture of control panels for electric power distribution\n- manufacture of electrical relays\n- manufacture of duct for electrical switchboard apparatus\n- manufacture of electric fuses\n- manufacture of power switching equipment\n- manufacture of electric power switches (except push-button, snap, solenoid, tumbler)"		"This class excludes:\n- manufacture of environmental controls and industrial process control instruments, see 26.51\n- manufacture of motor generator sets (except turbine generator sets), see 27.11\n- manufacture of switches for electrical circuits (e.g. push-button and snap switches), see 27.33"
"3370"	"272"	"27.2"	"Manufacture of batteries and accumulators"	"27"	"27"	"3"				
"3380"	"2720"	"27.20"	"Manufacture of batteries and accumulators"	"272"	"27.2"	"4"		"This class includes the manufacture of non-rechargeable and rechargeable batteries.\n\nThis class includes:\n- manufacture of primary cells and primary batteries\n • cells containing manganese dioxide, mercuric dioxide, silver oxide, etc.\n- manufacture of electric accumulators, including parts thereof:\n • separators, containers, covers\n- manufacture of lead acid batteries\n- manufacture of nickel–cadmium (NiCad) batteries\n- manufacture of nickel–metal hydride (NiMH) batteries\n- manufacture of lithium batteries\n- manufacture of dry cell batteries\n- manufacture of wet cell batteries\n- manufacture of batteries for vehicles, bicycles and other cycles\n- manufacture of battery energy storage systems"		"This class excludes:\n- manufacture of charging facilities for cars, see 27.90\n- installation of electric storage systems for buildings, see 43.21"
"3390"	"273"	"27.3"	"Manufacture of wiring and wiring devices"	"27"	"27"	"3"		"This group includes the manufacture of current-carrying wiring devices and non-current-carrying wiring devices for wiring electrical circuits regardless of material."	"This group also includes the insulating of wire and the manufacture of fibre-optic cables."	
"3400"	"2731"	"27.31"	"Manufacture of fibre optic cables"	"273"	"27.3"	"4"		"This class includes:\n- manufacture of fibre-optic cables for data transmission or live transmission of images, whether or not fitted with connectors"		"This class excludes:\n- manufacture of glass fibres or strand, see 23.14\n- manufacture of connectors for optical fibres, optical fibre bundles and cables, see 27.33\n- installation of fibre-optic and other cables for buildings, see 43.21"
"3410"	"2732"	"27.32"	"Manufacture of other electronic and electric wires and cables"	"273"	"27.3"	"4"		"This class includes:\n- manufacture of insulated wire and cable, made of steel, copper, aluminium"		"This class excludes:\n- manufacture (drawing) of wire, see 24.34, 24.41, 24.42, 24.43, 24.44, 24.45\n- manufacture of electrical cord sets with insulated wire and connectors, see 27.90\n- manufacture of cable sets, wiring harnesses and similar cable sets or assemblies for automotive applications, see 29.31"
"3420"	"2733"	"27.33"	"Manufacture of wiring devices"	"273"	"27.3"	"4"		"This class includes the manufacture of current-carrying and non-current-carrying wiring devices for electrical circuits regardless of material.\n\nThis class includes:\n- manufacture of bus bars, electrical conductors (except switchgear-type)\n- manufacture of ground fault circuit interrupters (GFCIs)\n- manufacture of lamp-holders\n- manufacture of lightning arrestors and coils\n- manufacture of switches for electrical wiring (e.g. pressure, push-button, snap, tumbler switches)\n- manufacture of electrical plugs or sockets\n- manufacture of boxes for electrical wiring (e.g. junction, outlet, switch boxes)\n- manufacture of electrical conduit and fitting\n- manufacture of transmission pole and line hardware\n- manufacture of plastic non-current-carrying wiring devices, including plastic junction boxes, faceplates and similar, plastic pole line fittings and switch covers"		"This class excludes:\n- manufacture of ceramic insulators, see 23.43"
"3430"	"274"	"27.4"	"Manufacture of lighting equipment"	"27"	"27"	"3"				
"3440"	"2740"	"27.40"	"Manufacture of lighting equipment"	"274"	"27.4"	"4"		"This class includes the manufacture of electric light bulbs and tubes, and parts and components thereof (except glass blanks for electric light bulbs), electric lighting and other fixtures, and lighting fixture components (except current-carrying wiring devices).\n\nThis class includes:\n- manufacture of lamps, fixtures and bulbs (e.g. discharge, incandescent, fluorescent, ultraviolet, infra-red, light-emitting diode (LED))\n- manufacture of ceiling or wall lighting fixtures (e.g. chandeliers)\n- manufacture of table or floor-standing lamps (i.e. lighting fixtures)\n- manufacture of light chains\n- manufacture of electric fireplace logs \n- manufacture of flashlights\n- manufacture of electric insect lamps\n- manufacture of lanterns (e.g. carbide, electric, gas, gasoline, kerosene)\n- manufacture of spotlights\n- manufacture of street lighting fixtures (except traffic signals)\n- manufacture of lighting equipment for transport equipment (e.g. for motor vehicles, aircraft, boats)\n- manufacture of solar lighting equipment"		"This class excludes:\n- manufacture of glassware and glass parts for lighting fixtures, see 23.15\n- manufacture of light-emitting diodes (LEDs), see 26.11\n- manufacture of current-carrying and non-current-carrying wiring devices for lighting fixtures, see 27.33\n- manufacture of ceiling fans or bath fans with integrated lighting fixtures, see 27.51\n- manufacture of electrical signalling equipment (e.g. traffic lights and pedestrian signalling equipment), see 27.90\n- manufacture of electrical signs, see 27.90"
"3450"	"275"	"27.5"	"Manufacture of domestic appliances"	"27"	"27"	"3"		"This group includes the manufacture of small electric appliances and electric housewares, household-type fans, household-type vacuum cleaners, electric household-type floor care machines, household-type cooking appliances, household-type laundry equipment, household-type refrigerators, upright and chest freezers, and other electrical and non-electrical household appliances (for example, dishwashers, water heaters, garbage disposal units). This group includes the manufacture of appliances with electric, gas or other fuel sources."		
"3460"	"2751"	"27.51"	"Manufacture of electric domestic appliances"	"275"	"27.5"	"4"		"This class includes:\n- manufacture of domestic electric appliances:\n • refrigerators\n • freezers\n • dishwashers\n • washing and drying machines\n • vacuum cleaners\n • floor polishers\n • waste disposal units\n • grinders, blenders, juice squeezers\n • tin openers\n • electric shavers, electric toothbrushes and other electric personal care devices\n • knife sharpeners\n • ventilating or recycling hoods\n- manufacture of domestic electrothermic appliances:\n • electric water heaters\n • electric blankets\n • electric hairdryers, combs, brushes, curlers\n • electric smoothing irons\n • space heaters and household-type fans, portable\n • electric ovens\n • microwave ovens\n • cookers, hotplates\n • toasters\n • electric barbecues\n • coffee or tea makers\n • frying pans, roasters, hoods\n • electric heating resistors, etc.\n • table, floor, wall, window, ceiling or roof fans"		"This class excludes:\n- manufacture of non-electric space heaters, see 27.52\n- manufacture of commercial and industrial refrigerators and freezers, room air conditioners, attic fans, permanently mounted space heaters, commercial ventilation and exhaust fans, commercial-type cooking equipment; commercial-type laundry, dry-cleaning and pressing equipment; commercial, industrial and institutional vacuum cleaners, see division 28\n- manufacture of permanently mounted central heating equipment, see 28.21\n- manufacture of household-type sewing machines, see 28.94\n- installation of central vacuum cleaning systems, see 43.24"
"3470"	"2752"	"27.52"	"Manufacture of non-electric domestic appliances"	"275"	"27.5"	"4"		"This class includes:\n- manufacture of domestic non-electric cooking and heating equipment:\n • non-electric space heaters, cooking ranges, grates, stoves, water heaters, cooking appliances, plate warmers, barbecues"		"This class excludes:\n- manufacture of central heating boilers and solar water heaters, see 28.21"
"3480"	"279"	"27.9"	"Manufacture of other electrical equipment"	"27"	"27"	"3"				
"3490"	"2790"	"27.90"	"Manufacture of other electrical equipment"	"279"	"27.9"	"4"		"This class includes the manufacture of miscellaneous electrical equipment other than motors, generators and transformers, batteries and accumulators, wires and wiring devices, lighting equipment or domestic appliances.\n\nThis class includes:\n- manufacture of battery chargers, solid-state\n- manufacture of door opening and closing devices, electrical\n- manufacture of electric bells\n- manufacture of extension cords made from purchased insulated wire\n- manufacture of ultrasonic cleaning machines (except laboratory and dental)\n- manufacture of tanning beds\n- manufacture of fuel cells, regulated and unregulated power supplies\n- manufacture of uninterruptible power supplies (UPS)\n- manufacture of surge suppressors (except for distribution-level voltage)\n- manufacture of appliance cords, extension cords, and other electrical cord sets with insulated wire and connectors\n- manufacture of carbon and graphite electrodes, contacts, and other electrical carbon and graphite products \n- manufacture of particle accelerators\n- manufacture of electrical capacitors, resistors, condensers and similar components\n- manufacture of electromagnets\n- manufacture of sirens\n- manufacture of electronic scoreboards\n- manufacture of electrical signs\n- manufacture of electrical signalling equipment (e.g. traffic lights, pedestrian signalling equipment)\n- manufacture of electrical insulators (except glass or porcelain)\n- manufacture of electrical welding and soldering equipment, including handheld soldering irons\n- manufacture of electroplating machinery\n- manufacture of on-board chargers for motor vehicles\n- manufacture of assembled cables, fitted with connectors\n- manufacture of charging facilities for cars"		"This class excludes:\n- manufacture of glass electrical insulators, see 23.15\n- manufacture of porcelain electrical insulators, see 23.43\n- manufacture of carbon and graphite fibres and products (except electrodes and electrical applications), see 23.99\n- manufacture of electronic component-type rectifiers, voltage regulating integrated circuits, power converting integrated circuits, electronic capacitors, electronic resistors, and similar devices, see 26.11\n- manufacture of photovoltaic cells, modules and panels, see 26.11\n- manufacture of transformers, motors, generators, switchgear, relays and industrial controls, see 27.1\n- manufacture of batteries, see 27.20\n- manufacture of communication and energy wire, current-carrying and non-current-carrying wiring devices, see 27.3\n- manufacture of lighting equipment, see 27.40\n- manufacture of household appliances, see 27.5\n- manufacture of non-electrical welding and soldering equipment, see 28.29\n- manufacture of motor vehicle electrical equipment (e.g. generators, alternators, spark plugs, ignition wiring harnesses, power window and door systems, voltage regulators), see 29.31\n- manufacture of inverter modules and fuel cells for cars, see 29.31"
"3500"	"28"	"28"	"Manufacture of machinery and equipment n.e.c."	"C"	"C"	"2"		"This division includes the manufacture of machinery and equipment that act independently on materials either mechanically or thermally or perform operations on materials (for example, handling, spraying, weighing or packing), including their mechanical components that produce and apply force, and any specially manufactured primary parts. This includes the manufacture of fixed and mobile or handheld devices, regardless of whether they are designed for industrial, building and civil engineering, agricultural or home use. The manufacture of special equipment for passenger or freight transport within demarcated premises also belongs within this division.\nThis division distinguishes between the manufacture of special-purpose machinery, in other words, machinery for exclusive use in a NACE activity or a small cluster of NACE activities, and general-purpose machinery, in other words, machinery that is being used in a wide range of NACE activities."	"This division also includes the manufacture of other special-purpose machinery, not covered elsewhere in the classification, whether or not used in a manufacturing process (for example, fairground amusement equipment, automatic bowling alley equipment)."	"This division excludes the manufacture of metal products for general use (division 25), associated control devices, computer equipment, measurement and testing equipment, electricity distribution and control apparatus (divisions 26 and 27) and general-purpose motor vehicles (division 29)."
"3510"	"281"	"28.1"	"Manufacture of general-purpose machinery"	"28"	"28"	"3"				
"3520"	"2811"	"28.11"	"Manufacture of engines and turbines, except aircraft, vehicle and cycle engines"	"281"	"28.1"	"4"		"This class includes:\n- manufacture of internal combustion piston engines, except for motor vehicle, aircraft and motorcycle propulsion engines:\n • marine engines\n • railway engines\n- manufacture of parts suitable for use solely or principally within internal combustion engines (e.g. pistons, piston rings, carburettors and such, except for motor vehicles)\n- manufacture of inlet and exhaust valves of internal combustion engines\n- manufacture of turbines and parts thereof:\n • steam turbines and other vapour turbines\n • hydraulic turbines, waterwheels and regulators thereof\n • wind turbines and mills\n • gas turbines, except turbojets or turbopropellers for aircraft propulsion\n- manufacture of boiler turbine sets\n- manufacture of turbine generator sets, consisting of a turbine and a generator mounted together\n- manufacture of engines for industrial application\n- factory overhaul of ship and boat engines"		"This class excludes:\n- manufacture of electric generators (except turbine generator sets), see 27.11\n- manufacture of prime mover generator sets (except turbine generator sets), see 27.11\n- manufacture of parts of motor vehicles’ combustion engines, see 29.10 \n- manufacture of electrical equipment and components of internal combustion piston engines for motor vehicles, see 29.3 \n- manufacture of pistons, piston rings and carburettors for motor vehicles, see 29.32\n- manufacture of internal combustion piston engines for aircraft, see 30.3\n- manufacture of aircraft engines, turbojets and turbopropellers, see 30.31, 30.32\n- manufacture of motorcycle propulsion engines, see 30.91\n- manufacture of pistons, piston rings and carburettors for motorcycles, see 30.91"
"3530"	"2812"	"28.12"	"Manufacture of fluid power equipment"	"281"	"28.1"	"4"		"This class includes:\n- manufacture of hydraulic and pneumatic power engines and motors, cylinders and valves \n- manufacture of hydraulic fluid power systems\n- manufacture of hydraulic transmission equipment\n- manufacture of hydrostatic transmission equipment"		"This class excludes:\n- manufacture of hydraulic or pneumatic tubes, pipes and hoses of rubber, see 22.12\n- manufacture of hydraulic or pneumatic tubes, pipes and hoses of plastic, see 22.21\n- manufacture of compressors, see 28.13\n- manufacture of pumps other than hydraulic fluid power pumps, see 28.13\n- manufacture of valves for non-fluid power applications, see 28.14\n- manufacture of mechanical power transmission equipment, see 28.15"
"3540"	"2813"	"28.13"	"Manufacture of other pumps and compressors"	"281"	"28.1"	"4"		"This class includes:\n- manufacture of air or vacuum pumps, air or other gas compressors\n- manufacture of pumps for liquids, whether or not fitted with a measuring device\n- manufacture of pumps for internal combustion engines (e.g. oil, water and fuel pumps for motor vehicles)"	"This class also includes:\n- manufacture of hand pumps"	"This class excludes:\n- manufacture of hydraulic fluid power pumps, see 28.12"
"3550"	"2814"	"28.14"	"Manufacture of other taps and valves"	"281"	"28.1"	"4"		"This class includes:\n- manufacture of industrial taps and valves, including regulating valves and intake taps\n- manufacture of taps and valves for sanitary fixtures\n- manufacture of central heating radiator taps and valves"		"This class excludes:\n- manufacture of valves of unhardened vulcanised rubber, glass or ceramic materials, see 22.12, 23.15 or 23.44\n- manufacture of inlet and exhaust valves of internal combustion engines, see 28.11\n- manufacture of valves for hydraulic or pneumatic transmission and air preparation equipment for use in pneumatic systems, see 28.12"
"3560"	"2815"	"28.15"	"Manufacture of bearings, gears, gearing and driving elements"	"281"	"28.1"	"4"		"This class includes:\n- manufacture of ball and roller bearings, and parts thereof\n- manufacture of mechanical power transmission equipment, e.g.:\n • transmission shafts, including camshafts, crankshafts and cranks\n • bearing housings and plain shaft bearings\n- manufacture of gears, gearing and gearboxes, and other speed changers\n- manufacture of clutches and shaft couplings\n- manufacture of flywheels and pulleys\n- manufacture of articulated link chain\n- manufacture of power transmission chain"		"This class excludes:\n- manufacture of other chain, see 25.93\n- manufacture of hydraulic transmission equipment, see 28.12\n- manufacture of hydrostatic transmission equipment, see 28.12\n- manufacture of clutches for motor vehicles, see 29.31\n- manufacture of gears, gearboxes and parts thereof for motor vehicles, see 29.32\n- manufacture of sub-assemblies of power transmission equipment which are suitable for use solely or principally with motor vehicles or aircraft, see divisions 29, 30"
"3570"	"282"	"28.2"	"Manufacture of other general-purpose machinery"	"28"	"28"	"3"				
"3580"	"2821"	"28.21"	"Manufacture of ovens, furnaces and permanent household heating equipment"	"282"	"28.2"	"4"		"This class includes:\n- manufacture of electrical and other industrial and laboratory furnaces and ovens, including incinerators\n- manufacture of furnace burners\n- manufacture of central heating boilers, solar water heaters and similar equipment \n- manufacture of household cooling and ventilation equipment"	"This class also includes:\n- manufacture of mechanical stokers, grates, ash dischargers, etc.\n- manufacture of generally non-reversible heat pumps (only working in one direction), mainly used for space heating or for domestic hot water supply"	"This class excludes:\n- manufacture of electric ovens for domestic use, see 27.51\n- manufacture of table, floor, wall, window, ceiling or roof fans, see 27.51\n- manufacture of dryers for agricultural products, see 28.93\n- manufacture of baking ovens, see 28.93\n- manufacture of dryers for wood, paper pulp, paper or paperboard, see 28.99\n- manufacture of medical, surgical or laboratory sterilisers, see 32.50\n- manufacture of dental laboratory furnaces, see 32.50"
"3590"	"2822"	"28.22"	"Manufacture of lifting and handling equipment"	"282"	"28.2"	"4"		"This class includes:\n- manufacture of hand-operated or power-driven lifting, handling, loading or unloading machinery, e.g.:\n • pulley tackle and hoists, winches, capstans and jacks\n • derricks, cranes, mobile lifting frames, straddle carriers\n • works trucks, whether or not fitted with lifting or handling equipment, whether or not self-propelled, of the type used in factories (including handcarts and wheelbarrows)\n • mechanical manipulators and industrial robots specifically designed for lifting, handling, loading or unloading\n • unmanned and robotic forklifts and pallet loaders/unloaders\n- manufacture of conveyors, teleferics, etc.\n- manufacture of lifts, escalators and moving walkways\n- manufacture of parts suitable for use solely or principally with lifting and handling equipment"	"This class also includes:\n- manufacture of automatic lifting and handling equipment for warehouses"	"This class excludes:\n- manufacture of machinery for vertical farming, see 28.30\n- manufacture of continuous-action elevators and conveyors for underground use, see 28.92\n- manufacture of mechanical shovels, excavators and shovel loaders, see 28.92\n- manufacture of industrial robots for multiple uses, see 28.99\n- manufacture of crane lorries, floating cranes and railway cranes, see 29.10, 30.11, 30.20\n- installation of lifts and elevators, see 43.24"
"3600"	"2823"	"28.23"	"Manufacture of office machinery and equipment, except computers and peripheral equipment"	"282"	"28.2"	"4"		"This class includes:\n- manufacture of calculating machines\n- manufacture of cash registers\n- manufacture of calculators\n- manufacture of postage meters, mail handling machines (envelope stuffing, sealing and addressing machinery; opening, sorting, scanning)\n- manufacture of typewriters and stenography machines\n- manufacture of office-type binding equipment (i.e. plastic or tape binding) \n- manufacture of coin sorting, coin counting and coin wrapping machines\n- manufacture of pencil sharpening machines\n- manufacture of stapling machines\n- manufacture of voting machines\n- manufacture of tape dispensers\n- manufacture of hole punches\n- manufacture of photocopy machines\n- manufacture of blackboards; whiteboards and marker boards with writing or drawing surfaces\n- manufacture of dictating machines"		"This class excludes:\n- manufacture of pencil sharpeners, see 25.61\n- manufacture of computers and peripheral equipment, see 26.20"
"3610"	"2824"	"28.24"	"Manufacture of power-driven hand tools"	"282"	"28.2"	"4"		"This class includes:\n- manufacture of hand tools, with self-contained electric or non-electric motor or pneumatic drive, e.g.:\n • circular or reciprocating saws\n • chainsaws\n • drills and hammer drills\n • handheld power sanders\n • pneumatic nailers\n • buffers\n • routers\n • grinders\n • staplers\n • pneumatic rivet guns\n • planers\n • shears and nibblers\n • impact wrenches\n • powder-actuated nailers"		"This class excludes:\n- manufacture of hand tools and interchangeable parts for pneumatic and power tools, see 25.63\n- manufacture of electrical handheld soldering and welding machines and apparatus, see 27.90"
"3620"	"2825"	"28.25"	"Manufacture of non-domestic air conditioning equipment"	"282"	"28.2"	"4"		"This class includes:\n- manufacture of non-domestic refrigerating or freezing equipment\n- manufacture of air-conditioning machines, except for motor vehicles\n- manufacture of non-domestic fans\n- manufacture of heat exchange units\n- manufacture of machinery for liquefying air or other gas\n- manufacture of attic ventilation fans (e.g. gable fans, roof ventilators)\n- manufacture of evaporators and condensers for non-domestic refrigerators"	"This class also includes:\n- manufacture of reversible heat pumps that have a motorised fan and devices for changing both the air temperature and humidity"	"This class excludes:\n- manufacture of domestic refrigerating or freezing equipment, see 27.51\n- manufacture of domestic fans, see 27.51\n- manufacture of household cooling equipment, see 28.21\n- manufacture of air-conditioning machines for motor vehicles, see 29.32"
"3630"	"2829"	"28.29"	"Manufacture of other general-purpose machinery n.e.c."	"282"	"28.2"	"4"		"This class includes:\n- manufacture of weighing machinery (other than sensitive laboratory balances), including weight-operated counting or checking machines (e.g. household and shop scales, platform scales, scales for continuous weighing, weighbridges, weighing machines)\n- manufacture of filtering or purifying machinery and apparatus for liquids (e.g. for oil, fuel)\n- manufacture of equipment for projecting, dispersing or spraying liquids or powders:\n • spray guns, fire extinguishers, sandblasting machines, steam cleaning machines, etc.\n- manufacture of packing and wrapping machinery:\n • filling, closing, sealing, capsuling or labelling machines, etc.\n- manufacture of cleaning machines (including dishwashers) for non-domestic use\n- manufacture of machinery for cleaning or drying bottles and for aerating beverages\n- manufacture of distilling or rectifying plant for petroleum refineries, chemical industries, beverage industries, etc.\n- manufacture of gas generators\n- manufacture of calendering or other rolling machines and cylinders thereof (except for metal and glass)\n- manufacture of centrifuges, including centrifugal dryers (except cream separators, clothes/tumble dryers and centrifuges, of a kind used in laboratories)\n- manufacture of gaskets and similar joints of metal sheeting combined with other materials or of two or more layers of metal\n- manufacture of automatic goods vending machines\n- manufacture of levels, tape measures and similar hand tools, machinist’s precision tools (except optical)\n- manufacture of non-electrical welding and soldering machinery and apparatus\n- manufacture of cooling towers and similar for direct cooling by means of recirculated water"		"This class excludes:\n- manufacture of gaskets of vulcanised rubber, see 22.12\n- manufacture of sensitive (laboratory-type) balances, see 26.51\n- manufacture of domestic refrigerating or freezing equipment, see 27.51\n- manufacture of domestic fans, see 27.51\n- manufacture of electrical welding and soldering equipment, see 27.90\n- manufacture of agricultural or horticultural spraying appliances, see 28.30\n- manufacture of metal or glass rolling machinery and cylinders thereof, see 28.91, 28.99\n- manufacture of dryers for agricultural products, see 28.93\n- manufacture of machinery for filtering or purifying food and beverages, see 28.93\n- manufacture of cream separators, see 28.93\n- manufacture of commercial clothes/tumble dryers, see 28.94\n- manufacture of printing machinery for printing textile materials, see 28.94\n- manufacture of centrifuges, of a kind used in laboratories, see 32.50"
"3640"	"283"	"28.3"	"Manufacture of agricultural and forestry machinery"	"28"	"28"	"3"				
"3650"	"2830"	"28.30"	"Manufacture of agricultural and forestry machinery"	"283"	"28.3"	"4"		"This class includes:\n- manufacture of agricultural and forestry tractors\n- manufacture of track-laying tractors\n- manufacture of single-axle (pedestrian-controlled) tractors\n- manufacture of mowers, including lawnmowers\n- manufacture of self-loading or self-unloading trailers or semi-trailers for agricultural purposes\n- manufacture of agricultural machinery for soil preparation or cultivation, e.g.:\n • ploughs, harrows, manure spreaders, seeders, fertiliser distributors, etc.\n- manufacture of harvesting or threshing machinery, e.g.:\n • harvesters, threshers, sorters, etc.\n- manufacture of milking machines\n- manufacture of agricultural or horticultural spraying appliances\n- manufacture of diverse agricultural machinery, e.g.:\n • poultry-keeping machinery, bee-keeping equipment, equipment for preparing fodder, etc.\n • machines for cleaning, sorting or grading eggs, fruits, etc.\n- manufacture of machinery for vertical farming"		"This class excludes:\n- manufacture of non-power-driven hand tools, of a kind used in agriculture, horticulture or forestry, see 25.63\n- manufacture of conveyors for farm use, see 28.22\n- manufacture of power-driven hand tools, see 28.24\n- manufacture of earth-moving machinery, see 28.92\n- manufacture of cream separators, see 28.93\n- manufacture of machinery to clean, sort or grade seed, grain or dried leguminous vegetables, see 28.93\n- manufacture of road tractors for semi-trailers, see 29.10\n- manufacture of trailers or semi-trailers for other than agricultural purposes, see 29.20"
"3660"	"284"	"28.4"	"Manufacture of metal forming machinery and machine tools"	"28"	"28"	"3"		"This group includes the manufacture of metal forming machinery and machine tools (for example, the manufacture of machine tools for working metals and other materials, such as wood, bone, stone, hard rubber, hard plastics, cold glass, and so on), including those using a laser beam, ultrasonic waves, plasma arc or magnetic pulse."		
"3670"	"2841"	"28.41"	"Manufacture of metal forming machinery and machine tools for metal work"	"284"	"28.4"	"4"		"This class includes:\n- manufacture of machine tools for working metals, including those using a laser beam, ultrasonic waves, plasma arc, magnetic pulse, etc.\n- manufacture of machine tools for turning, drilling, boring, threading or tapping for working metal\n- manufacture of machine tools for deburring, sharpening, grinding, honing, lapping, polishing or otherwise finishing metal or cermet by means of grinding stones, abrasives or polishing products\n- manufacture of machining centres and multi-station machines for working metal\n- manufacture of machine tools for planing, shaping, slotting, broaching, gear cutting, gear grinding or gear finishing, sawing and cutting-off, and of other machine tools working by removing metal or cermets\n- manufacture of metal stamping or pressing machine tools\n- manufacture of punch presses, hydraulic presses, hydraulic brakes, drop hammers, forging machines, etc.\n- manufacture of draw benches, thread rolling machines for working wires\n- manufacture of filing machines, riveters, sheet metal cutters"		"This class excludes:\n- manufacture of interchangeable tools, see 25.63\n- manufacture of electrical welding and soldering machinery and apparatus, see 27.90\n- manufacture of machines for additive manufacturing, see 28.97"
"3680"	"2842"	"28.42"	"Manufacture of other machine tools"	"284"	"28.4"	"4"		"This class includes:\n- manufacture of machine tools for working wood, cork, bone, stone, hard rubber, hard plastics, ceramics, concrete, cold glass or similar hard non-metal materials\n- manufacture of work holders for machine tools\n- manufacture of dividing heads and other special attachments for machine tools\n- manufacture of stationary machines for nailing, stapling, glueing or otherwise assembling wood, cork, bone, hard rubber or hard plastics, etc.\n- manufacture of stationary rotary or rotary percussion drills, etc. \n- manufacture of presses for the manufacture of particle board, etc."	"This class also includes:\n- manufacture of parts and accessories for the machine tools listed"	"This class excludes:\n- manufacture of interchangeable tools for machine tools (e.g. drills, punches, dies, taps, milling cutters, turning tools, saw blades, cutting knives), see 25.63\n- manufacture of electric handheld soldering irons and soldering guns, see 27.90\n- manufacture of power-driven hand tools, see 28.24\n- manufacture of filing machines, riveters, sheet metal cutters, see 28.41\n- manufacture of machinery used in metal mills or foundries, see 28.91\n- manufacture of machinery for mining and quarrying, see 28.92\n- manufacture of machines for additive manufacturing, see 28.97"
"3690"	"289"	"28.9"	"Manufacture of other special-purpose machinery"	"28"	"28"	"3"		"This group includes the manufacture of special-purpose machinery, in other words, machinery for exclusive use in a NACE industry or a small cluster of NACE industries."	"While most of this special-purpose machinery is used in other manufacturing processes (for example, food manufacturing or textile manufacturing), this group also includes the manufacture of machinery specific for other non-manufacturing industries (for example, aircraft launching gear or amusement park equipment)."	
"3700"	"2891"	"28.91"	"Manufacture of machinery for metallurgy"	"289"	"28.9"	"4"		"This class includes:\n- manufacture of machines and equipment for handling hot metals (e.g. converters, ingot moulds, ladles and casting machines, of a kind used in metallurgy or in metal foundries)\n- manufacture of metal-rolling mills and rolls for such mills"		"This class excludes:\n- manufacture of moulding boxes and moulds (except ingot moulds), see 25.63\n- manufacture of draw benches, see 28.41\n- manufacture of machines for forming foundry moulds, see 28.99"
"3710"	"2892"	"28.92"	"Manufacture of machinery for mining, quarrying and construction"	"289"	"28.9"	"4"		"This class includes:\n- manufacture of continuous-action elevators and conveyors for goods and materials, for underground use\n- manufacture of boring, cutting or sinking machinery for boring earth or extracting minerals or ores, or of coal or rock cutters and tunnelling machinery \n- manufacture of machinery for treating minerals by screening, sorting, separating, washing, crushing, grinding, mixing or kneading earth, stone, ores or other mineral substances, in solid (including powder or paste) form\n- manufacture of concrete and mortar mixers\n- manufacture of earth-moving machinery:\n • bulldozers, angledozers, graders, scrapers, levellers, mechanical shovels, shovel loaders, etc.\n- manufacture of piledrivers and pile extractors, mortar spreaders, bitumen spreaders, concrete surfacing machinery, etc.\n- manufacture of machines for mixing mineral substances with bitumen\n- manufacture of track-laying excavators\n- manufacture of bulldozer and angledozer blades\n- manufacture of off-road dumper trucks\n- manufacture of snowploughs and snowblowers"		"This class excludes:\n- manufacture of lifting and handling equipment, see 28.22\n- manufacture of tractors, see 28.30, 29.10\n- manufacture of machine tools for working stone, including machines for splitting or clearing stone, see 28.42\n- manufacture of concrete mixer lorries, see 29.20"
"3720"	"2893"	"28.93"	"Manufacture of machinery for food, beverage and tobacco processing"	"289"	"28.9"	"4"		"This class includes:\n- manufacture of dryers for agricultural products\n- manufacture of machinery for the dairy industry, e.g.:\n • cream separators\n • milk processing machinery (e.g. homogenisers)\n • milk converting machinery (e.g. butter churns, butter workers and moulding machines)\n • cheese-making machines (e.g. homogenisers, moulders, presses)\n- manufacture of machinery for the grain milling industry, e.g.:\n • machinery to clean, sort or grade seeds, grain or dried leguminous vegetables (e.g. winnowers, sieving belts, separators, grain brushing machines)\n • machinery to produce flour and meal, etc. (e.g. grinding mills, feeders, sifters, bran cleaners, blenders, rice hullers, pea splitters)\n- manufacture of presses, crushers, etc. (e.g.to make wine, cider, fruit juices)\n- manufacture of machinery for the bakery industry or for making macaroni, spaghetti or similar products, e.g.:\n • baking ovens, dough mixers, dough-dividers, moulders, slicers, cake depositing machines\n- manufacture of machines and equipment to process diverse foods, e.g.:\n • machinery to make confectionery, cocoa or chocolate; to manufacture sugar; for breweries; to process meat or poultry; to prepare fruits, nuts or vegetables; to prepare fish, shellfish or other seafood\n • other machinery for the industrial preparation or manufacture of food or drink\n- manufacture of machinery for filtering or purifying food and beverages\n- manufacture of machinery for the extraction or preparation of animal or vegetable fats or oils\n- manufacture of machinery for the preparation of tobacco and for the making of cigarettes or cigars, or for pipe or chewing tobacco or snuff\n- manufacture of machinery, plant and equipment for cooking or heating food in hotels and restaurants"		"This class excludes:\n- manufacture of food and milk irradiation equipment, see 26.60\n- manufacture of packing, wrapping and weighing machinery, see 28.29\n- manufacture of cleaning, sorting or grading machinery for eggs, fruits or other crops (except seeds, grains and dried leguminous vegetables), see 28.30"
"3730"	"2894"	"28.94"	"Manufacture of machinery for textile, apparel and leather production"	"289"	"28.9"	"4"		"This class includes:\n- manufacture of textile machinery, e.g.:\n • machines for preparing, producing, extruding, drawing, texturing or cutting man-made textile fibres, materials or yarns\n • machines for preparing textile fibres (e.g. cotton gins, bale breakers, garnetters, cotton spreaders, wool scourers, wool carbonisers, combs, carders, roving frames)\n • spinning machines\n • machines for preparing textile yarns (e.g. reelers, warpers and related machines)\n • weaving machines (looms), including handlooms\n • knitting machines\n • machines for making knotted net, tulle, lace, braid, etc.\n- manufacture of auxiliary machines or equipment for textile machinery:\n • dobbies, jacquards, automatic stop motions, shuttle changing mechanisms, spindles and spindle flyers, etc.\n- manufacture of textile printing machinery\n- manufacture of machinery for fabric processing:\n • machinery for washing, bleaching, dyeing, dressing, finishing, coating or impregnating textile fabrics\n • machines for reeling, unreeling, folding, cutting or pinking textile fabrics\n- manufacture of laundry machinery:\n • ironing machines, including fusing presses\n • commercial washing and drying machines\n • dry-cleaning machines\n- manufacture of sewing machines, sewing machine heads and sewing machine needles (whether or not for household use)\n- manufacture of machines for producing or finishing felt or non-wovens\n- manufacture of leather machines:\n • machinery for preparing, tanning or working hides, skins or leather\n • machinery for making or repairing footwear or other articles of hides, skins, leather or fur skins"		"This class excludes:\n- manufacture of paper or paperboard cards for use on jacquard machines, see 17.25\n- manufacture of domestic washing and drying machines, see 27.51\n- manufacture of calendering machines, see 28.29\n- manufacture of machines used in bookbinding, see 28.99"
"3740"	"2895"	"28.95"	"Manufacture of machinery for paper and paperboard production"	"289"	"28.9"	"4"		"This class includes:\n- manufacture of machinery for making paper pulp\n- manufacture of paper and paperboard making or finishing machinery\n- manufacture of machinery for making up paper pulp, paper or paperboard articles, including cutting machines for paper of all kinds"		
"3750"	"2896"	"28.96"	"Manufacture of plastics and rubber machinery"	"289"	"28.9"	"4"		"This class includes:\n- manufacture of machinery for working soft rubber or plastics or for the manufacture of products of these materials:\n • extruders, moulders, pneumatic tyre making or retreading machines and other machines for making a specific rubber or plastic product"		"This class excludes:\n- manufacture of machines for additive manufacturing, see 28.97"
"3760"	"2897"	"28.97"	"Manufacture of additive manufacturing machinery"	"289"	"28.9"	"4"		"This class includes:\n- manufacture of machines for additive manufacturing by metal, plastics, rubber, plaster, cement, ceramic deposits, etc."		
"3770"	"2899"	"28.99"	"Manufacture of other special-purpose machinery n.e.c."	"289"	"28.9"	"4"		"This class includes:\n- manufacture of dryers for wood, paper pulp, paper or paperboard and other materials (except for agricultural products and textiles)\n- manufacture of printing and bookbinding machines, and machines for activities supporting printing on a variety of materials\n- manufacture of machinery for producing tiles, bricks, shaped ceramic pastes, pipes, graphite electrodes, blackboard chalk, etc.\n- manufacture of semiconductor manufacturing machinery\n- manufacture of machines for forming foundry moulds\n- manufacture of industrial robots performing multiple tasks for special purposes\n- manufacture of diverse special-purpose machinery and equipment, e.g.:\n • machines to assemble electric or electronic lamps, tubes (valves) or bulbs\n • machines for the production or hot working of glass or glassware, glass fibres or yarn\n • machinery or apparatus for isotopic separation\n- manufacture of tyre alignment and balancing equipment; balancing equipment (except wheel balancing)\n- manufacture of central greasing systems\n- manufacture of aircraft launching gear, aircraft carrier catapults and related equipment\n- manufacture of automatic bowling alley equipment (e.g. pin-setter)\n- manufacture of roundabouts, swings, shooting galleries and other fairground amusements\n- manufacture of waste compressing machines\n- manufacture of plastering machines\n- manufacture of turnstiles\n- manufacture of furling systems, used for winding or releasing the running rigging"		"This class excludes:\n- manufacture of household appliances, see 27.5\n- manufacture of photocopy machines, etc., see 28.23\n- manufacture of machinery or equipment to work hard rubber, hard plastics or cold glass, see 28.42\n- manufacture of ingot moulds, see 28.91\n- manufacture of machines for additive manufacturing, see 28.97"
"3780"	"29"	"29"	"Manufacture of motor vehicles, trailers and semi-trailers"	"C"	"C"	"2"		"This division includes the manufacture of motor vehicles for transporting passengers or freight. The manufacture of various parts and accessories, as well as the manufacture of trailers and semi-trailers, is included here.\n\nThe repair and maintenance of motor vehicles produced in this division are classified in 95.31."		
"3790"	"291"	"29.1"	"Manufacture of motor vehicles"	"29"	"29"	"3"				
"3800"	"2910"	"29.10"	"Manufacture of motor vehicles"	"291"	"29.1"	"4"		"This class includes the manufacture of electric, combustion and hybrid engine vehicles, and of autonomous vehicles.\n\nThis class includes:\n- manufacture of passenger cars\n- manufacture of commercial vehicles:\n • vans, lorries, road tractors for semi-trailers, etc.\n- manufacture of buses, trolleybuses and coaches\n- manufacture of motor vehicle engines, including electric motors\n- manufacture of other motor vehicles, e.g.:\n • snowmobiles, golf carts, amphibious motor vehicles\n • road sweeper trollies\n- all-terrain vehicles (ATV), go-carts and similar, including racing cars"	"This class also includes:\n- factory rebuilding of motor vehicle engines\n- manufacture of chassis fitted with engines"	"This class excludes:\n- manufacture of lamps for motor vehicles, see 27.40\n- manufacture of pistons, piston rings and carburettors not for motor vehicles or motorcycles, see 28.11\n- manufacture of works trucks fitted with a crane, see 28.22 \n- manufacture of agricultural and forestry tractors, see 28.30\n- manufacture of track-laying tractors, see 28.30\n- manufacture of off-road dumper trucks, see 28.92\n- manufacture of bodies for motor vehicles (e.g. fire engines, travelling libraries, concrete mixer lorries), see 29.20\n- manufacture of bodies for armoured vehicles, see 29.20\n- manufacture of electrical parts for motor vehicles, see 29.31\n- manufacture of parts and accessories for motor vehicles, see 29.32\n- manufacture of tanks and other military fighting vehicles, see 30.40\n- repair and maintenance of motor vehicles, see 95.31"
"3810"	"292"	"29.2"	"Manufacture of bodies and coachwork for motor vehicles; manufacture of trailers and semi-trailers"	"29"	"29"	"3"				
"3820"	"2920"	"29.20"	"Manufacture of bodies and coachwork for motor vehicles; manufacture of trailers and semi-trailers"	"292"	"29.2"	"4"		"This class includes:\n- manufacture of bodies, including cabs for motor vehicles, e.g.:\n • fire engines, travelling libraries, armoured vehicles\n • concrete mixer lorries\n- outfitting of all types of motor vehicles, trailers and semi-trailers\n- manufacture of trailers and semi-trailers, e.g.:\n • tankers, trailers with closed and open bodies\n • caravans\n- reconditioning and customising of motor vehicles\n- manufacture of containers (including containers for the transport of fluids) specially designed and equipped for carriage by one or more modes of transport\n- manufacture of chassis for trailers"		"This class excludes:\n- manufacture of trailers and semi-trailers specially designed for use in agriculture, see 28.30\n- manufacture of parts and accessories of bodies for motor vehicles, see 29.32\n- manufacture of vehicles drawn by animals, see 30.99"
"3830"	"293"	"29.3"	"Manufacture of motor vehicle parts and accessories"	"29"	"29"	"3"		"This group includes the manufacture of motor vehicle parts and accessories of all materials."		
"3840"	"2931"	"29.31"	"Manufacture of electrical and electronic equipment for motor vehicles"	"293"	"29.3"	"4"		"This class includes:\n- manufacture of motor vehicle electrical equipment (e.g. starter motors, generators, alternators, spark plugs, insulated ignition wiring sets, power window and door systems, assembly of purchased gauges into instrument panels, voltage regulators)\n- manufacture of (electromagnetic) clutches for motor vehicles"	"This class also includes:\n- manufacture of inverter modules and fuel cells for cars\n- manufacture of cable sets, insulated wiring sets and similar cable sets or assemblies for automotive applications"	"This class excludes:\n- manufacture of batteries for vehicles, see 27.20\n- manufacture of lighting equipment for motor vehicles, see 27.40\n- manufacture of pumps for motor vehicles and engines, see 28.13"
"3850"	"2932"	"29.32"	"Manufacture of other parts and accessories for motor vehicles"	"293"	"29.3"	"4"		"This class includes:\n- manufacture of diverse parts and accessories for motor vehicles, e.g.:\n • gearboxes, clutches, brakes, axles, road wheels, shock absorbers\n- manufacture of parts and accessories of bodies for motor vehicles, e.g.:\n • bumpers, safety seat belts, safety airbags, rear-view mirrors\n- manufacture of car seats, including seats for babies and children\n- manufacture of air-conditioning machines for motor vehicles"		"This class excludes:\n- manufacture of tyres, see 22.11\n- manufacture of rubber hoses and belts, and other rubber products, see 22.12\n- manufacture of pistons, piston rings and carburettors not for motor vehicles or motorcycles, see 28.11\n- manufacture of pumps for motor vehicles and engines, see 28.13\n- repair, maintenance and alteration of motor vehicles, see 95.31"
"3860"	"30"	"30"	"Manufacture of other transport equipment"	"C"	"C"	"2"		"This division includes the manufacture of transport equipment (for example, shipbuilding and boat manufacturing, the manufacture of railway rolling stock and locomotives, air and spacecraft, motorcycles, bicycles and other cycles, and the manufacture of parts thereof) whose manufacture is not elsewhere classified."		
"3870"	"301"	"30.1"	"Building of ships and boats"	"30"	"30"	"3"		"This group includes the building of ships, boats, yachts and other floating structures for transport and other commercial purposes, as well as for sport/recreational and military purposes."		
"3880"	"3011"	"30.11"	"Building of civilian ships and floating structures"	"301"	"30.1"	"4"		"This class includes the building of civilian ships, except vessels for sports or recreation, and the construction of floating structures.\n\nThis class includes:\n- building of commercial vessels:\n • passenger vessels, ferry boats, cargo ships, tankers, tugs\n- building of fishing vessels, factory ships and other vessels for processing or preserving fishery products"	"This class also includes:\n- building of hovercraft (except recreation-type hovercraft)\n- construction of drilling platforms, floating or submersible\n- construction of floating structures, e.g.:\n • floating docks, pontoons, cofferdams, floating landing stages, buoys, floating tanks, barges, lighters, floating cranes, non-recreational inflatable rafts, etc.\n- manufacture of sections for ships and floating structures\n- manufacture of submersible drones\n- factory conversion of ships\n- installation of technical interiors of boats"	"This class excludes:\n- manufacture of parts of vessels, other than major hull assemblies:\n • manufacture of sails, see 13.96\n • manufacture of ships’ propellers, see 25.99\n • manufacture of iron or steel anchors, see 25.99\n • manufacture of marine engines, see 28.11\n- manufacture of navigational instruments, see 26.51\n- manufacture of lighting equipment for ships, see 27.40\n- factory overhaul of civilian ship and boat engines, see 28.11\n- manufacture of amphibious motor vehicles, see 29.10, 30.40\n- manufacture of inflatable boats or rafts for pleasure and sport, see 30.12\n- building of yachts, see 30.12\n- building of military ships and vessels, see 30.13\n- specialised repair and maintenance of civilian ships and floating structures, see 33.15\n- ship-breaking, see 38.21\n- interior non-technical installation and finishing of boats, see 43.3"
"3890"	"3012"	"30.12"	"Building of pleasure and sporting boats"	"301"	"30.1"	"4"		"This class includes:\n- manufacture of inflatable boats and rafts for sports and recreation\n- building of sailing boats with or without auxiliary motor\n- building of motorboats\n- building of recreation-type hovercraft\n- building of yachts\n- manufacture of personal watercraft\n- manufacture of other pleasure and sporting boats, e.g.:\n • canoes, kayaks, rowing boats, skiffs"	"This class also includes:\n- factory conversion of pleasure and sporting boats"	"This class excludes:\n- manufacture of parts of pleasure and sporting boats:\n • manufacture of sails, see 13.96\n • manufacture of iron or steel anchors, see 25.99\n • manufacture of marine engines, see 28.11\n- factory overhaul of engines for sport/recreational ships and boats, see 28.11\n- manufacture of sailboards and surfboards, see 32.30\n- repair of pleasure boats, see 33.15\n- rental of pleasure boats and sailing boats with crew, see 50.10, 50.30\n- rental of pleasure boats and yachts without crew, see 77.21"
"3900"	"3013"	"30.13"	"Building of military ships and vessels"	"301"	"30.1"	"4"		"This class includes the building of military ships and vessels, such as combat ships equipped with various offensive and defensive weapons and with protective devices against shelling, and the building of military floating structures, for example:\n- aircraft carriers\n- amphibious warfare and assault ships\n- cruisers\n- destroyers\n- submarines\n- landing crafts\n- tugs for transporting ammunition or mines"	"This class also includes:\n- factory conversion of military ships, vessels and floating structures"	"This class excludes:\n- manufacture of weapons and ammunition (e.g. torpedo tubes, torpedoes), see 25.30\n- factory overhaul of military ship and vessel engines, see 28.11\n- building of civilian ships and floating structures, see 30.11\n- manufacture of inflatable boats or rafts for pleasure and sport, see 30.12"
"3910"	"302"	"30.2"	"Manufacture of railway locomotives and rolling stock"	"30"	"30"	"3"				
"3920"	"3020"	"30.20"	"Manufacture of railway locomotives and rolling stock"	"302"	"30.2"	"4"		"This class includes:\n- manufacture of electric, diesel, steam and other rail locomotives\n- manufacture of self-propelled railway or tramway coaches, vans and trucks\n- manufacture of railway or tramway maintenance or service vehicles\n- manufacture of railway or tramway rolling stock, not self-propelled, e.g.:\n • passenger coaches, goods vans, tank wagons, self-discharging vans and wagons, workshop vans, crane vans, tenders\n- manufacture of specialised parts of railway or tramway locomotives or of rolling stock, e.g.:\n • bogies, axles and wheels, brakes and parts of brakes; hooks and coupling devices, buffers and buffer parts; shock absorbers; wagon and locomotive frames; bodies; corridor connections"	"This class also includes:\n- manufacture of mining locomotives and mine carts\n- manufacture of mechanical and electromechanical signalling, safety and traffic control equipment (e.g. for railways, tramways, inland waterways, roads, parking facilities, airfields)\n- manufacture of railway car seats"	"This class excludes:\n- manufacture of unassembled rails, see 24.10\n- manufacture of assembled railway or tramway track fixtures and fittings, see 25.99\n- manufacture of electric motors not for motor vehicles, see 27.11\n- manufacture of electrical signalling, safety or traffic-control equipment for railways or tramways, see 27.90\n- manufacture of engines and turbines, except motor vehicle, aircraft and motorcycle engines, see 28.11\n- manufacture of railway engines, see 28.11"
"3930"	"303"	"30.3"	"Manufacture of air and spacecraft and related machinery"	"30"	"30"	"3"				
"3940"	"3031"	"30.31"	"Manufacture of civilian air and spacecraft and related machinery"	"303"	"30.3"	"4"		"This class includes:\n- manufacture of airplanes for the transport of goods or passengers, including for recreation and sports purposes\n- manufacture of helicopters\n- manufacture of gliders and hang-gliders\n- manufacture of dirigibles and hot-air balloons\n- manufacture of parts and accessories of the aircraft of this class:\n • major assemblies (e.g. fuselages, wings, doors, control surfaces, landing gear, fuel tanks, nacelles)\n • airscrews, helicopter rotors and propelled rotor blades\n • civilian aircraft engines\n • turbojets and turboprops, of a kind typically found on civilian aircraft\n • parts suitable for use solely or principally with internal combustion piston engines for civilian aircraft\n- manufacture of ground flying trainers\n- manufacture of missiles for space and civilian purposes\n- manufacture of spacecraft and launch vehicles, satellites, planetary probes, orbital stations, shuttles\n- manufacture of civilian unmanned aircraft (drones)"	"This class also includes:\n- overhaul and conversion of civilian aircraft or aircraft engines\n- manufacture of civilian aircraft seats"	"This class excludes:\n- manufacture of parachutes, see 13.96\n- manufacture of missiles for military purposes, see 25.30\n- manufacture of telecommunication equipment for satellites, see 26.30\n- manufacture of aircraft instrumentation and aeronautical instruments, see 26.51\n- manufacture of air navigation systems, see 26.51\n- manufacture of lighting equipment for aircraft, see 27.40\n- manufacture of pistons, piston rings and carburettors not for motor vehicles or motorcycles, see 28.11\n- manufacture of aircraft launching gear, aircraft carrier catapults and related equipment, see 28.99\n- manufacture of ignition parts and other electrical parts for internal combustion engines, see 29.31\n- manufacture of military air and spacecraft, see 30.32 \n- manufacture of drones for military purposes, see 30.32\n- manufacture of toy drones, see 32.40\n- repair and maintenance of civilian air and spacecraft, see 33.16"
"3950"	"3032"	"30.32"	"Manufacture of military air and spacecraft and related machinery"	"303"	"30.3"	"4"		"This class includes the manufacture of military aircraft and spacecraft and related machinery.\n\nThe class includes the manufacture of:\n- fixed-wing aircraft\n- tiltrotor aircraft\n- rotary-wing aircraft\n- drones for military purposes (unmanned aerial vehicles (UAVs))"	"This class also includes:\n- factory overhaul and rebuilding military air and spacecraft\n- manufacture of military aircraft seats"	"This class excludes:\n- manufacture of weapons and ammunition, see 25.30\n- manufacture of missiles for military purposes, see 25.30\n- manufacture of civilian air and spacecraft and related machinery, see 30.31\n- repair and maintenance of military air and spacecraft machinery, see 33.18"
"3960"	"304"	"30.4"	"Manufacture of military fighting vehicles"	"30"	"30"	"3"				
"3970"	"3040"	"30.40"	"Manufacture of military fighting vehicles"	"304"	"30.4"	"4"		"This class includes the manufacture of military fighting vehicles, whether or not fitted with weapons, and of parts of such vehicles, for example:\n- manufacture of tanks\n- manufacture of armoured combat vehicles for transporting persons\n- manufacture of armoured supply vehicles or armoured recovery vehicles with cranes\n- manufacture of armoured amphibious military vehicles\n- manufacture of remotely operated tanks\n- manufacture of armoured fighting vehicle bodies and parts thereof (e.g. armoured turrets, armoured doors and covers)\n- manufacture of armoured plates that are identifiable as parts of military fighting vehicles\n- manufacture of special tracks and special wheels, and drive wheels for armoured fighting vehicles"	"This class also includes:\n- factory overhaul and rebuilding of military fighting vehicles"	"This class excludes:\n- manufacture of weapons and ammunition, see 25.30\n- manufacture of passenger cars and trucks with light armour or with removable armour, see 29.10\n- manufacture of military ships, see 30.13\n- manufacture of drones for military purposes, see 30.32\n- repair and maintenance of military fighting vehicles, see 33.18"
"3980"	"309"	"30.9"	"Manufacture of transport equipment n.e.c."	"30"	"30"	"3"		"This group includes the manufacture of transport equipment other than motor vehicles and rail, water, air or space transport equipment and military vehicles."		
"3990"	"3091"	"30.91"	"Manufacture of motorcycles"	"309"	"30.9"	"4"		"This class includes:\n- manufacture of motorcycles and mopeds\n- manufacture of engines for motorcycles\n- manufacture of sidecars for motorcycles\n- manufacture of parts and accessories for motorcycles (e.g. brakes, gearboxes, clutches, road wheels, silencers and exhaust pipes, and parts thereof)\n- manufacture of pistons, piston rings and carburettors for motorcycles"		"This class excludes:\n- manufacture of pneumatic tyres of rubber, of a kind used for motorcycles, see 22.11\n- manufacture of bicycles, see 30.92\n- manufacture of cycles with an electric motor for propulsion, see 30.92\n- manufacture of carriages for disabled persons, see 30.92\n- manufacture of personal transporters (e.g. electric skateboards and kickscooters), see 30.92"
"4000"	"3092"	"30.92"	"Manufacture of bicycles and invalid carriages"	"309"	"30.9"	"4"		"This class includes:\n- manufacture of non-motorised bicycles and other cycles, including (delivery) tricycles, tandems, children’s bicycles and tricycles\n- manufacture of parts and accessories of bicycles (e.g. frames, forks, wheel rims and spokes, hubs, brakes, saddles, pedals, crank gear and derailleur gears)\n- manufacture of bicycles with an auxiliary electric motor\n- manufacture of carriages for disabled persons with or without motor\n- manufacture of parts and accessories of carriages for disabled persons\n- manufacture of personal transporters (e.g. electric skateboards and kickscooters)\n- manufacture of baby carriages and parts thereof"		"This class excludes:\n- manufacture of pneumatic tyres and inner tubes of rubber, of a kind used for bicycles, see 22.11\n- manufacture of wheeled toys designed to be ridden, including plastic bicycles and tricycles, see 32.40"
"4010"	"3099"	"30.99"	"Manufacture of other transport equipment n.e.c."	"309"	"30.9"	"4"		"This class includes:\n- manufacture of hand-propelled vehicles (e.g. luggage carts, handcarts, sledges, shopping carts)\n- manufacture of vehicles drawn by animals (e.g. sulkies, donkey-carts, hearses)"		"This class excludes:\n- manufacture of works trucks, whether or not fitted with lifting or handling equipment, whether or not self-propelled, of the type used in factories (including hand carts and wheelbarrows), see 28.22\n- manufacture of decorative restaurant carts (e.g. dessert carts, food wagons), see 31.00"
"4020"	"31"	"31"	"Manufacture of furniture"	"C"	"C"	"2"		"This division includes the manufacture of furniture and parts thereof, except of sheets and slabs of glass, stone, concrete or similar material as parts of furniture. The processes used in the manufacture of furniture are standard methods of forming materials and assembling components, including cutting, moulding and laminating. The design of the article, for both aesthetic and functional qualities, is an important aspect of the production process.\n\nSome of the processes used in furniture manufacturing are similar to processes that are used in other segments of manufacturing (for example, cutting and assembly occurs in the production of wood trusses that are classified in division 16). However, the multiple processes distinguish wood furniture manufacturing from wood product manufacturing. Similarly, metal furniture manufacturing uses techniques that are also employed in the manufacture of roll-formed products classified in division 25. The moulding process for plastic furniture is similar to the moulding of other plastic products. However, the manufacture of plastic furniture tends to be a specialised activity."		
"4030"	"310"	"31.0"	"Manufacture of furniture"	"31"	"31"	"3"				
"4040"	"3100"	"31.00"	"Manufacture of furniture"	"310"	"31.0"	"4"		"This class includes the manufacture of furniture of any material, for any place and for various purposes. It also includes the manufacture of parts of furniture, except of sheets and slabs (whether or not cut to shape) of glass (including mirrors), marble or other stone, concrete or similar material.\n\nThis class includes:\n- manufacture of chairs and seats for offices, workrooms, hotels, restaurants and public premises\n- manufacture of chairs and seats for theatres, cinemas, etc.\n- manufacture of special furniture for shops: counters, display cases, shelves, etc.\n- manufacture of office furniture\n- manufacture of laboratory benches, stools, and other laboratory seating, laboratory furniture (e.g. cabinets and tables)\n- manufacture of furniture for churches, schools, restaurants\n- manufacture of kitchen furniture\n- manufacture of sofas, sofa beds and sofa sets\n- manufacture of garden chairs and seats\n- manufacture of furniture for bedrooms, living rooms, gardens, etc.\n- manufacture of cabinets for sewing machines, televisions, etc.\n- manufacture of mattresses and of mattress supports"	"This class also includes:\n- manufacture of catering carts\n- manufacture of built-in components for shop furniture\n- finishing of furniture (e.g. spraying, painting, polishing, upholstering)\n- manufacture of walk-in wardrobes"	"This class excludes:\n- manufacture of pillows, pouffes, cushions, quilts and eiderdowns, see 13.92\n- manufacture of wooden mouldings which are not recognisable as integral parts of furniture, see 16.1\n- manufacture of builders’ carpentry and joinery, see 16.23\n- manufacture of inflatable rubber mattresses, see 22.12\n- manufacture of rubber waterbed mattresses, see 22.12\n- manufacture of sheets and slabs (whether or not cut to shape) of ceramics, concrete and stone, see 23.42, 23.66, 23.70\n- manufacture of light fittings or lamps, see 27.40\n- manufacture of blackboards, see 28.23\n- manufacture of car seats, see 29.32\n- manufacture of baby seat for cars, see 29.32 \n- manufacture of railway car seats, see 30.20\n- manufacture of aircraft seats, see 30.31, 30.32\n- manufacture of medical, surgical, dental or veterinary furniture, see 32.50\n- installation of modular furniture attachment, partition installation, laboratory equipment furniture installation at construction site, see 43.32\n- installation of built-in components for shop furniture, see 43.32\n- reupholstering, refinishing and repairing of furniture, see 95.24"
"4050"	"32"	"32"	"Other manufacturing"	"C"	"C"	"2"		"This division includes the manufacture of a variety of goods not covered in other parts of the classification. Since this is a residual division, production processes, input materials and use of the produced goods can vary widely and usual criteria for grouping classes into divisions have not been applied here."		
"4060"	"321"	"32.1"	"Manufacture of jewellery, bijouterie and related articles"	"32"	"32"	"3"		"This group includes the manufacture of jewellery and imitation jewellery articles."		
"4070"	"3211"	"32.11"	"Striking of coins"	"321"	"32.1"	"4"		"This class includes:\n- manufacture of coins, including coins for use as legal tender, whether or not of precious metal"		
"4080"	"3212"	"32.12"	"Manufacture of jewellery and related articles"	"321"	"32.1"	"4"		"This class includes:\n- production of worked pearls\n- production of precious and semi-precious stones in the worked state, including the working of industrial quality stones and synthetic or reconstructed precious or semi-precious stones\n- working of diamonds\n- manufacture of jewellery of precious metal or of base metals clad with precious metals, or precious or semi-precious stones, or of combinations of precious metal and precious or semi-precious stones\n- manufacture of goldsmiths’ articles of precious metals or of base metals clad with precious metals, e.g.:\n • dinnerware, flatware, hollowware, toilet articles, office or desk articles, articles for religious use\n- manufacture of technical or laboratory articles of precious metal (except instruments and parts thereof), e.g.: \n • crucibles, spatulas, electroplating anodes\n- manufacture of precious metal watch bands, wristbands, watch straps and cigarette-cases"	"This class also includes:\n- engraving of personal precious and non-precious metal products"	"This class excludes:\n- manufacture of non-metallic watch bands (e.g. fabric, leather, plastic), see 15.12\n- manufacture of base metals clad with silver, gold or platinum, not further worked, see 24.41\n- manufacture of statuettes and other ornaments of base metal plated with precious metal, see 25.99\n- manufacture of watch cases, whether or not of precious metal, see 26.52\n- manufacture of (non-precious) metal watch bands, see 32.13\n- manufacture of imitation jewellery, whether or not plated with precious metal, see 32.13\n- repair of jewellery, see 95.25"
"4090"	"3213"	"32.13"	"Manufacture of imitation jewellery and related articles"	"321"	"32.1"	"4"		"This class includes:\n- manufacture of costume or imitation jewellery, not incorporating natural or cultured pearls, precious or semi-precious stones or (except as plating or as minor constituents) precious metal or metal clad with precious metal, e.g.:\n • rings, bracelets, necklaces, brooches, earrings and similar small objects/articles of personal adornment made from base metals plated with precious metals\n • imitation jewellery containing imitation stones (e.g. imitation gemstones, imitation diamonds, and similar)\n- manufacture of metal watch bands (except precious metal)"		"This class excludes:\n- manufacture of jewellery made from precious metals or clad with precious metals, see 32.12\n- manufacture of jewellery containing genuine gemstones, see 32.12\n- manufacture of precious metal watch bands, see 32.12"
"4100"	"322"	"32.2"	"Manufacture of musical instruments"	"32"	"32"	"3"				
"4110"	"3220"	"32.20"	"Manufacture of musical instruments"	"322"	"32.2"	"4"		"This class includes:\n- manufacture of string instruments\n- manufacture of keyboard stringed instruments, including automatic pianos\n- manufacture of keyboard pipe organs, harmoniums and similar keyboard instruments with free metal reeds\n- manufacture of accordions and similar instruments, including mouth organs\n- manufacture of wind instruments\n- manufacture of percussion instruments (e.g. drums, xylophones, cymbals, castanets, maracas)\n- manufacture of musical instruments that generate sound electronically (e.g. digital pianos, synthesisers)\n- manufacture of musical boxes, fairground organs, calliopes, etc.\n- manufacture of instrument parts and accessories, e.g.:\n • metronomes, tuning forks, pitch pipes, cards, discs and rolls for automatic mechanical instruments"	"This class also includes:\n- manufacture of whistles, call horns and other mouth-blown sound-signalling instruments"	"This class excludes:\n- reproduction of pre-recorded sound and videotapes and discs, see 18.20\n- manufacture of microphones, amplifiers, loudspeakers, headphones and similar components, see 26.40\n- manufacture of record players, tape recorders, etc., see 26.40\n- manufacture of toy musical instruments, see 32.40\n- publishing of pre-recorded sound and videotapes and discs, see 59.20\n- repair of musical instruments not considered cultural heritage and non-historical, see 95.29\n- piano tuning, see 95.29"
"4120"	"323"	"32.3"	"Manufacture of sports goods"	"32"	"32"	"3"				
"4130"	"3230"	"32.30"	"Manufacture of sports goods"	"323"	"32.3"	"4"		"This class includes the manufacture of sporting and athletic goods (except apparel and footwear).\n\nThis class includes:\n- manufacture of articles and equipment for sports, outdoor and indoor games, of any material, e.g.:\n • hard, soft and inflatable balls\n • rackets, bats and clubs\n • skis, bindings and poles\n • ski boots, snowboard boots and cross-country ski footwear\n • sailboards, surfboards and waterskis\n • requisites for sport fishing, including landing-nets\n • decoy ‘birds’ and similar requisites for hunting or shooting\n • articles and equipment for mountain climbing\n • gloves for use in sport, of leather or composition leather\n • basins for swimming and padding pools\n • ice skates, roller skates\n • bows and crossbows\n • gymnasium, fitness centre or athletic equipment\n • metal weights as used for weightlifting"		"This class excludes:\n- manufacture of boat sails, see 13.96\n- manufacture of sports apparel, see 14.29\n- manufacture of saddlery and harness, see 15.12\n- manufacture of whips and riding crops, see 15.12\n- manufacture of sports footwear, see 15.20\n- manufacture of rubber wetsuits and diving suits, see 22.12\n- manufacture of plastic headgear excluding safety headgear, see 22.26\n- manufacture of sporting, hunting or target-shooting weapons and ammunition, see 25.30\n- manufacture of sports vehicles other than bobsleighs, toboggans, etc, see divisions 29, 30\n- manufacture of boats for sports and recreation, see 30.12\n- manufacture of billiard tables, see 32.40\n- manufacture of earplugs and noise plugs (e.g. for swimming and noise protection), see 32.99\n- manufacture of safety headgear, see 32.99\n- repair of sports goods, see 95.29"
"4140"	"324"	"32.4"	"Manufacture of games and toys"	"32"	"32"	"3"				
"4150"	"3240"	"32.40"	"Manufacture of games and toys"	"324"	"32.4"	"4"		"This class includes the manufacture of dolls, toys and games (including electronic games), scale models and children’s vehicles (except metal bicycles and tricycles).\n\nThis class includes:\n- manufacture of dolls and doll garments, parts and accessories\n- manufacture of action figures\n- manufacture of toy animals\n- manufacture of wheeled toys designed to be ridden, including plastic bicycles and tricycles\n- manufacture of toy musical instruments\n- manufacture of playing cards\n- manufacture of games and toys of paper or paperboard\n- manufacture of board games and similar games\n- manufacture of electronic board games\n- manufacture of reduced-size (scale) models and similar recreational models, electrical trains, construction sets, etc.\n- manufacture of gaming and gambling machines\n- manufacture of billiards and special tables for casino games, etc.\n- manufacture of articles for funfair, table or parlour games\n- manufacture of puzzles and similar articles\n- manufacture of toy drones"	"This class also includes:\n- manufacture of fabric toys"	"This class excludes:\n- manufacture of video game consoles, see 26.40\n- manufacture of drones for civilian purposes, see 30.31\n- manufacture of bicycles, see 30.92\n- manufacture of articles for jokes and novelties, see 32.99\n- writing and publishing of software for video game consoles, see 58.21, 62.10"
"4160"	"325"	"32.5"	"Manufacture of medical and dental instruments and supplies"	"32"	"32"	"3"				
"4170"	"3250"	"32.50"	"Manufacture of medical and dental instruments and supplies"	"325"	"32.5"	"4"		"This class includes the manufacture of laboratory apparatus, surgical and medical instruments, surgical appliances and supplies, dental equipment and supplies, orthodontic goods, dentures and orthodontic appliances. Further included is the manufacture of medical, dental and similar furniture where the additional specific functions determine the purpose of the product (for example, dentist’s chairs with built-in hydraulic functions).\n\nThis class includes:\n- manufacture of surgical drapes and sterile yarns/tissue\n- manufacture of dental fillings and cements (except denture adhesives), dental wax and other dental plaster preparations\n- manufacture of bone reconstruction cements\n- manufacture of dental laboratory furnaces\n- manufacture of laboratory ultrasonic cleaning machinery\n- manufacture of medical, surgical or laboratory sterilisers\n- manufacture of laboratory-type centrifuges\n- manufacture of medical, surgical, dental or veterinary furniture, e.g.:\n • operating tables\n • examination tables\n • hospital beds with mechanical fittings\n • dentist chairs\n- manufacture of articles specially designed for use exclusively in implants in medical, surgical, dental or veterinary sciences (e.g. plates which remain permanently in the body (e.g. to replace part or the whole of a bone))\n- manufacture of syringes, needles, catheters, cannulae, etc.\n- manufacture of dental instruments and appliances\n- manufacture of artificial teeth and dental fittings\n- manufacture of orthopaedic and prosthetic devices\n- manufacture of glass eyes\n- manufacture of medical thermometers\n- manufacture of ophthalmic goods, eyeglasses, sunglasses, lenses ground to prescription, contact lenses, safety goggles\n- manufacture of made-to-measure orthopaedic footwear and special insoles for correcting orthopaedic conditions\n- manufacture of individual protective masks (e.g. FFP2, FFP3, surgical masks)"		"This class excludes:\n- manufacture of special series-produced shoes supporting the arch of the foot, see 15.20\n- manufacture of denture fixative pastes and powders, see 20.42\n- manufacture of wadding, gauze, bandages and similar articles (e.g. dressings, adhesive plasters, poultices, impregnated or coated with pharmaceutical substances), see 21.20\n- manufacture of electromedical and electrotherapeutic apparatus, see 26.60\n- manufacture of hearing aids, see 26.60\n- manufacture of wheelchairs, see 30.92\n- retail sale of corrective glasses, lenses and sunglasses, see 47.74"
"4180"	"329"	"32.9"	"Manufacturing n.e.c."	"32"	"32"	"3"				
"4190"	"3291"	"32.91"	"Manufacture of brooms and brushes"	"329"	"32.9"	"4"		"This class includes:\n- manufacture of brooms and brushes (e.g. toilet brushes, household brushes, paintbrushes, fine brushes, technical and industrial brushes, including brushes constituting parts of machines, hand-operated mechanical floor sweepers, mops and feather-dusters, paint pads and rollers, squeegees and other brushes, brooms, mops)\n- manufacture of shoe and clothes brushes"		
"4210"	"3299"	"32.99"	"Other manufacturing n.e.c."	"329"	"32.9"	"4"		"This class includes:\n- manufacture of protective safety equipment, e.g.:\n • linemen’s safety belts and other belts for occupational use\n • cork life preservers\n • safety headgear and other personal safety equipment (e.g. protective face shields/visors, of plastics, such as athletic helmets)\n • fire-protective clothing\n • metal safety headgear and other metal personal safety devices\n • earplugs and noise plugs (e.g. for swimming and noise protection)\n • gas masks\n • biohazard protective clothing and accessories\n • bulletproof vests\n • clean room suits and accessories\n- manufacture of pens and pencils of all kinds, whether or not mechanical\n- manufacture of pencil leads\n- manufacture of date, sealing or numbering stamps, hand-operated devices for printing, or embossing labels, hand-printing sets, prepared typewriter ribbons and inked pads\n- manufacture of globes\n- manufacture of umbrellas, sun umbrellas, walking sticks, seat-sticks\n- manufacture of buttons, press fasteners, snap-fasteners, press studs, slide fasteners\n- manufacture of electronic cigarettes (vapes)\n- manufacture of cigarette lighters and other lighters\n- manufacture of articles of personal use (e.g. smoking pipes, scent sprays, vacuum flasks and other vacuum vessels for personal or household use, wigs, false beards, eyebrows)\n- manufacture of miscellaneous articles (e.g. candles, tapers, etc.; artificial flowers, fruits and foliage; jokes and novelties; hand sieves and hand riddles; tailors’ dummies; burial coffins)\n- manufacture of floral baskets, bouquets, wreaths and similar articles\n- taxidermy activities\n- manufacture of scale models designed for demonstrational purposes"		"This class excludes:\n- manufacture of lighter wicks, see 13.96\n- manufacture of workwear, see 14.23\n- manufacture of paper novelties, see 17.25\n- manufacture of plastic headgear excluding safety headgear, see 22.26\n- manufacture of individual protective masks (e.g. FFP2, FFP3, surgical masks), see 32.50"
"4220"	"33"	"33"	"Repair, maintenance and installation of machinery and equipment"	"C"	"C"	"2"		"This division includes the specialised repair of goods produced in the manufacturing sector with the aim to restore machinery, equipment and other products to working order. The provision of general or routine maintenance (in other words, servicing) on such products to ensure they work efficiently and to prevent breakdown and unnecessary repairs is included. \n\nThis division only includes specialised repair and maintenance activities. A substantial amount of repair is also done by manufacturers of machinery, equipment and other goods. In such cases, the units engaged in these repair and manufacturing activities are classified according to the value-added principle, which would often assign these combined activities to the manufacture of the good. The same principle is applied for combined trade and repair.\n\nThe rebuilding or remanufacture of machinery and equipment is considered a manufacturing activity and is included in other divisions of this section."	"Also included in this division is the specialised installation of machinery."	"This division excludes:\n- cleaning of industrial machinery, see 81.22\n- the installation of equipment that forms an integral part of buildings or similar structures (e.g. installation of electrical wiring, of escalators, or of air-conditioning systems, is classified as construction)\n- repair and maintenance of computers and communication equipment, see 95.10\n- repair and maintenance of household goods, see 95.2\n- repair and maintenance of goods that are used as capital goods as well as consumer goods is typically classified as repair and maintenance of household goods (e.g. office and household furniture repair), see 95.24\n- repair and maintenance of motor vehicles and motorcycles, see 95.3"
"4230"	"331"	"33.1"	"Repair and maintenance of fabricated metal products, machinery and equipment"	"33"	"33"	"3"		"This group includes the specialised repair of goods produced in the manufacturing sector with the aim to restore these metal products, machinery, equipment and other products to working order. The provision of general or routine maintenance (in other words, servicing) on such products to ensure they work efficiently and to prevent breakdown and unnecessary repairs is included."		"This group excludes:\n- rebuilding or remanufacture of machinery and equipment, see corresponding class in divisions 25 to 30\n- cleaning of industrial machinery, see 81.22\n- repair and maintenance of computers and communication equipment, see 95.10\n- repair and maintenance of household goods, see 95.2"
"4240"	"3311"	"33.11"	"Repair and maintenance of fabricated metal products"	"331"	"33.1"	"4"		"This class includes the repair and maintenance of fabricated metal products of division 25.\n\nThis class includes:\n- repair of metal tanks, reservoirs and containers\n- repair and maintenance for pipes and pipelines\n- mobile welding repair\n- repair of steel shipping drums\n- repair and maintenance of steam or other vapour generators\n- repair and maintenance of auxiliary plant for use with steam generators:\n • condensers, economisers, superheaters, steam collectors and accumulators\n- repair and maintenance of nuclear reactors, except isotope separators\n- repair and maintenance of parts for marine or power boilers\n- plate work repair of central heating boilers and radiators\n- repair and maintenance of firearms and ordnance, including repair of sporting and recreational guns"		"This class excludes:\n- sharpening of blades and saws, see 33.12\n- repair and maintenance of shopping carts, see 33.17\n- repair of central heating systems, etc., see 43.22\n- repair of mechanical locking devices, safes, etc., see 80.09"
"4250"	"3312"	"33.12"	"Repair and maintenance of machinery"	"331"	"33.1"	"4"		"This class includes the repair and maintenance of industrial and commercial machinery and equipment (for example, sharpening or installing machinery blades and saws); the provision of welding (for example, automotive, general) repair services; the repair of agricultural and other heavy and industrial machinery and equipment (for example, forklifts and other materials handling equipment, machine tools, commercial refrigeration equipment, construction equipment and mining machinery), including machinery and equipment of division 28.\n\nThis class includes:\n- repair and maintenance of engines, except for motor vehicles, ships, boats and aircraft\n- repair and maintenance of railway engines\n- repair and maintenance of pumps, compressors and related equipment\n- repair and maintenance of fluid power machinery\n- repair of valves\n- repair of gearing and driving elements\n- repair and maintenance of industrial process furnaces\n- repair and maintenance of lifting and handling equipment\n- repair and maintenance of industrial refrigeration equipment and air-purifying equipment\n- repair and maintenance of commercial-type general-purpose machinery\n- repair of power-driven hand tools\n- repair and maintenance of metal-cutting and metal-forming machine tools and accessories\n- repair and maintenance of other machine tools\n- repair and maintenance of agricultural and forestry tractors\n- repair and maintenance of agricultural machinery, forestry and logging machinery\n- repair and maintenance of metallurgy machinery\n- repair and maintenance of machinery for mining, construction, oilfields and gas fields\n- repair and maintenance of food, beverage and tobacco processing machinery\n- repair and maintenance of textile apparel and leather production machinery\n- repair and maintenance of papermaking machinery\n- repair and maintenance of plastic and rubber machinery\n- repair and maintenance of other special-purpose machinery of division 28\n- repair and maintenance of weighing equipment \n- repair and maintenance of vending machines\n- repair and maintenance of cash registers\n- repair and maintenance of photocopy machines\n- repair of calculators, electronic or not\n- repair of typewriters"		"This class excludes:\n- repair and maintenance of civilian ship and boat engines, see 33.15\n- repair and maintenance of civilian aircraft engines, see 33.16\n- repair and maintenance of engines for military fighting vehicles, ships, boats, air and spacecraft, see 33.18\n- installation, repair and maintenance of furnaces and other heating equipment, see 43.22\n- installation, repair and maintenance of elevators and escalators, see 43.24\n- repair and maintenance of computers, see 95.10\n- repair and maintenance of engines for motor vehicles, see 95.31"
"4260"	"3313"	"33.13"	"Repair and maintenance of electronic and optical equipment"	"331"	"33.1"	"4"		"This class includes the repair and maintenance of goods produced in groups 26.5, 26.6 and 26.7, except those that are considered household goods.\n\nThis class includes:\n- repair and maintenance of the measuring, testing, navigating and control equipment of group 26.5, e.g.:\n • aircraft engine instruments\n • automotive emissions testing equipment\n • meteorological instruments\n • physical, electrical and chemical properties testing and inspection equipment\n • surveying instruments\n • radiation detection and monitoring instruments\n- repair and maintenance of irradiation, electromedical and electrotherapeutic equipment of class 26.60, e.g.:\n • magnetic resonance imaging (MRI) equipment\n • medical ultrasound equipment\n • pacemakers\n • hearing aids\n • electrocardiographs\n • electromedical endoscopic equipment\n • irradiation apparatus\n- repair and maintenance of optical instruments and equipment of class 26.70, if the use is mainly commercial, e.g.:\n • binoculars\n • microscopes (except electron and proton microscopes)\n • telescopes\n • prisms and lenses (except ophthalmic)\n • photographic equipment"		"This class excludes:\n- repair and maintenance of photocopy machines, see 33.12\n- repair and maintenance of computers and peripheral equipment, see 95.10\n- repair and maintenance of computer projectors, see 95.10\n- repair and maintenance of communication equipment, see 95.10\n- repair and maintenance of commercial television and video cameras, see 95.10\n- repair of household-type video cameras, see 95.21 \n- repair of watches and clocks, see 95.25"
"4270"	"3314"	"33.14"	"Repair and maintenance of electrical equipment"	"331"	"33.1"	"4"		"This class includes the repair and maintenance of goods of division 27.\n\nThis class includes:\n- repair and maintenance of power, distribution, and specialty transformers\n- repair and maintenance of electric motors, generators and motor generator sets\n- repair and maintenance of switchgear and switchboard apparatus\n- repair and maintenance of relays and industrial controls\n- repair and maintenance of primary and storage batteries\n- repair and maintenance of electric lighting equipment\n- repair and maintenance of current-carrying wiring devices and non-current-carrying wiring devices for wiring electrical circuits"	"This class also includes:\n- repair and maintenance of charging facilities for cars"	"This class excludes:\n- repair and maintenance of electric motors for boats, motor vehicles and motorcycles, see 33.15, 95.31, 95.32\n- repair and maintenance of computers and peripheral computer equipment, see 95.10\n- repair and maintenance of telecommunication equipment, see 95.10\n- repair and maintenance of consumer electronics, see 95.21\n- repair and maintenance of domestic appliances, see 95.22\n- repair of watches and clocks, see 95.25"
"4280"	"3315"	"33.15"	"Repair and maintenance of civilian ships and boats"	"331"	"33.1"	"4"		"This class includes the repair and maintenance of civilian ships and boats.\n\nThis class includes:\n- repair and routine maintenance of civilian ships\n- repair and maintenance of pleasure boats\n- repair and maintenance of civilian ship and boat engines, including electric outboard motors\n- repair and maintenance of floating structures"		"This class excludes:\n- factory overhaul of engines for civilian and sport/recreational ships and boats, see 28.11\n- factory overhaul and rebuilding of civilian ships and boats, see 30.11\n- factory overhaul and rebuilding of sport/recreational ships and boats, see 30.12\n- repair and maintenance of military ships and boats, see 33.18\n- repair and maintenance of military ship and boat engines, see 33.18"
"4290"	"3316"	"33.16"	"Repair and maintenance of civilian air and spacecraft"	"331"	"33.1"	"4"		"This class includes the repair and maintenance of civilian aircraft and spacecraft.\n\nThis class includes:\n- repair and maintenance of civilian aircraft (except factory conversion, factory overhaul, factory rebuilding)\n- repair and maintenance of civilian aircraft engines"		"This class excludes:\n- factory overhaul and rebuilding of civilian aircraft, see 30.31\n- factory overhaul of civilian aircraft engines, see 30.31\n- repair and maintenance of military fighting vehicles, aircraft and spacecraft, see 33.18"
"4300"	"3317"	"33.17"	"Repair and maintenance of other civilian transport equipment"	"331"	"33.1"	"4"		"This class includes the repair and maintenance of other transport equipment of division 30.\n\nThis class includes:\n- repair and maintenance of locomotives and the conversion of railway cars\n- repair of animal-drawn buggies and wagons\n- repair and maintenance of vehicles for the disabled\n- repair of hand-propelled or animal-drawn vehicles\n- repair and maintenance of shopping carts"		"This class excludes:\n- factory overhaul and rebuilding of locomotives and railway cars, see 30.20\n- repair and maintenance of railway engines, see 33.12\n- repair and maintenance of military fighting vehicles, see 33.18\n- repair of bicycles, see 95.29\n- repair and maintenance of motorcycles, see 95.32"
"4310"	"3318"	"33.18"	"Repair and maintenance of military fighting vehicles, ships, boats, air and spacecraft"	"331"	"33.1"	"4"		"This class includes the repair and maintenance of military fighting vehicles, ships, boats, air and spacecraft.\n\nThis class includes:\n- repair and maintenance of military air and spacecraft \n- repair and maintenance of military fighting vehicles\n- repair and maintenance of military ships, boats and floating structures\n- repair and maintenance of engines for military fighting vehicles, vessels, ships, boats, air and spacecraft"		"This class excludes:\n- factory overhaul of military ship and boat engines, see 28.11\n- factory overhaul and rebuilding of military fighting vehicles, ships, boats, floating structures, air and spacecraft, see 30.13, 30.32, 30.40\n- factory overhaul and conversion of military aircraft or aircraft engines, see 30.32\n- maintenance and repair of civilian boats, ships, aircraft and spacecraft, and other craft, see 33.15, 33.16"
"4320"	"3319"	"33.19"	"Repair and maintenance of other equipment"	"331"	"33.1"	"4"		"This class includes the repair and maintenance of equipment not covered in other groups of this division.\n\nThis class includes:\n- repair of fishing nets, including mending\n- repair of ropes, riggings, canvas and tarpaulins\n- repair of fertiliser and chemical storage bags\n- repair or reconditioning of wooden pallets, shipping drums or barrels, and similar items\n- repair of gaming and gambling machines\n- repair of hospital beds"		"This class excludes:\n- repair of household- and office-type furniture, see 95.24\n- repair of bicycles, see 95.29\n- repair and alteration of clothing, see 95.29"
"4330"	"332"	"33.2"	"Installation of industrial machinery and equipment"	"33"	"33"	"3"				
"4340"	"3320"	"33.20"	"Installation of industrial machinery and equipment"	"332"	"33.2"	"4"		"This class includes the specialised installation of machinery. However, the installation of equipment that forms an integral part of buildings or similar structures (for example, installation of escalators, electrical wiring, burglar-alarm systems or air-conditioning systems) is classified as construction.\n\nThis class includes:\n- installation of industrial machinery in industrial plant\n- installation and assembly of industrial process control equipment\n- installation of other industrial equipment, e.g.:\n • communication equipment\n • mainframe and similar computers\n • irradiation and electromedical equipment, etc.\n- dismantling large-scale machinery and equipment\n- activities of millwrights\n- machine rigging\n- installation of bowling alley equipment\n- installation of warehouse machinery and equipment"	"This class also includes:\n- installation of large-scale shelving, warehouses (not as an integral part of building)\n- installation of stand-alone charging facilities"	"This class excludes:\n- installation of charging facilities in wall-boxes, see section F\n- construction of complete warehouses, see 41.00\n- installation of elevators, escalators, automated doors, vacuum cleaning systems, etc., see 43.24\n- installation of doors, staircases, shopfittings, furniture, etc., see 43.32\n- erection of structural steel for warehouse storage shelves, see 43.42\n- installation (setting-up) of personal computers, see 62.90"
"4350"	"D"	"D"	"ELECTRICITY, GAS, STEAM AND AIR CONDITIONING SUPPLY"			"1"		"This section includes the generation, storage, control, distribution, trade and brokerage of electric power or of gaseous fuels for energy supply through a permanent network of lines, mains and pipes. Energy supply for industrial parks or residential buildings is included.\n\nThis section therefore includes the operation of electricity and gas utilities."	"The section also includes heating and cooling (for example, steam and air conditioning supply) through a permanent network."	"This section excludes: \n- extraction of crude natural gas, see 06.20 \n- water supply and sewerage, see divisions 36, 37 \n- transport of gas through pipelines, i.e. not through the distribution network, see 49.50"
"4360"	"35"	"35"	"Electricity, gas, steam and air conditioning supply"	"D"	"D"	"2"				
"4380"	"351"	"35.1"	"Electric power generation, transmission and distribution"	"35"	"35"	"3"		"This group includes the generation of electric power, transmission from generating facilities to distribution centres and distribution to end users. Trade and storage of electric power are also included."		"This group excludes: \n- separate production and distribution of steam and heat, see 35.3 \n- activities of electric power brokers or agents that arrange the sale of electricity via power distribution systems operated by others, see 35.4"
"4390"	"3511"	"35.11"	"Production of electricity from non-renewable sources"	"351"	"35.1"	"4"		"This class includes:\n- operation of generation facilities that produce electricity from non-renewable sources (e.g. natural gas, coal and other fossil fuels), and from emission-free non-renewable sources (e.g. nuclear)"		"This class excludes:\n- production of electricity from renewable sources, see 35.12 \n- production of electricity as part of the storage of electricity, see 35.16\n- pretreatment of waste for energy recovery, see 38.22"
"4400"	"3512"	"35.12"	"Production of electricity from renewable sources"	"351"	"35.1"	"4"		"This class includes:\n- operation of generation facilities that produce electricity from renewable sources (e.g. gaseous biofuels, hydropower, on-shore and off-shore wind power, photovoltaic solar energy, thermal solar energy, geothermal energy, and tide, wave and ocean energy)"		"This class excludes: \n- production of electricity from non-renewable sources, see 35.11 \n- production of electricity as part of the storage of electricity activities, see 35.16\n- pretreatment of waste for energy recovery, see 38.22"
"4410"	"3513"	"35.13"	"Transmission of electricity"	"351"	"35.1"	"4"		"This class includes:\n- operation of high-voltage transmission systems that convey electricity from the generation facility to the distribution system"		
"4420"	"3514"	"35.14"	"Distribution of electricity"	"351"	"35.1"	"4"		"This class includes:\n- operation of high-voltage, medium-voltage and low-voltage distribution systems (e.g. lines, poles, meters and wiring), which convey electric power received from the generation facility or the transmission system to the end user\n- rental and leasing of electricity distribution networks\n- distribution of electricity into electricity mains/networks"		
"4430"	"3515"	"35.15"	"Trade of electricity"	"351"	"35.1"	"4"		"This class includes:\n- sale of electricity on own account"	"This class also includes: \n- operation of charging facilities for electric vehicles (e.g. electric cars, motorcycles, bicycles)\n- operation of charging facilities for electronic devices (e.g. mobile telephones, laptops)"	"This class excludes: \n- sale of electricity on the account of others, see 35.40"
"4440"	"3516"	"35.16"	"Storage of electricity"	"351"	"35.1"	"4"		"This class includes:\n- conversion of electrical energy into a form of energy which can be stored, the storing of such energy, and the subsequent reconversion of such energy into electrical energy (e.g. operation of pump storage facilities, compressed air storage facilities, or battery storage facilities)\n- distribution of stored electricity into electricity mains/networks"		"This class excludes: \n- production of electricity not by storage, see 35.11, 35.12"
"4450"	"352"	"35.2"	"Manufacture of gas, and distribution of gaseous fuels through mains"	"35"	"35"	"3"		"This group includes the manufacture of gas, the storage and the distribution of natural or synthetic gas to the user through a system of mains."		"This group excludes:\n- extraction of crude natural gas, see 06.20\n- activities of brokers or agents that arrange the sale of gaseous fuels over gas distribution systems operated by others, see 35.4\n- transport, usually over long distances, of gas through pipelines, see 49.50\n- separate operation of gas pipelines, typically done over long distances, connecting producers with distributors of gas, or between urban centres, see 49.50"
"4460"	"3521"	"35.21"	"Manufacture of gas"	"352"	"35.2"	"4"		"This class includes:\n- production of gaseous fuels for energy supply through a gas distribution network (e.g. by carbonation of coal, gasification of lignite, electrolysis or methanisation)\n- production of gaseous fuels for energy supply with a specified calorific value, by purification, blending and other processes from gases of various types, including natural gas or hydrogen\n- production of biogas for the purpose of gas supply (e.g. from sewage sludge, manure, waste)\n- production of gaseous biofuels for energy supply through a gas distribution network"	"This class also includes:\n- cleansing of biogas for energy supply through a permanent network \n- regasification of natural gas for distribution through mains"	"This class excludes:\n- extraction of crude natural gas, see 06.20\n- production of coke oven gas, see 19.10\n- manufacture of refined petroleum products, see 19.20\n- production of liquefied petroleum gas (LPG), see 19.20\n- manufacture of industrial gases, see 20.11 \n- production of hydrogen, not for energy supply through a network, see 20.11 \n- manufacture of basic organic gases, not for energy supply through a network, see 20.14\n- production of blast furnace gas, see 24.10"
"4470"	"3522"	"35.22"	"Distribution of gaseous fuels through mains"	"352"	"35.2"	"4"		"This class includes: \n- transport, distribution and supply of gaseous fuels of all kinds through a system of mains\n- rental and leasing of gas utility networks"		"This class excludes:\n- transport, usually over long distances, of gas through pipelines, see 49.50"
"4480"	"3523"	"35.23"	"Trade of gas through mains"	"352"	"35.2"	"4"		"This class includes:\n- sale of gaseous fuels through mains on own account"		"This class excludes: \n- sale of gaseous fuels through mains on the account of others, see 35.40\n- wholesale of bottled gaseous fuels, see 46.81\n- retail sale of gaseous fuel for motor vehicles and motorcycles, see 47.30\n- retail sale of household fuel oil and bottled gas, see 47.78"
"4490"	"3524"	"35.24"	"Storage of gas as part of network supply services"	"352"	"35.2"	"4"		"This class includes: \n- storage of gaseous fuels \n- storage of hydrogen gas"		"This class excludes: \n- gas liquefaction for mine site transport, see 09.10 \n- storage of gaseous fuels, not part of network energy supply services, see 52.10"
"4500"	"353"	"35.3"	"Steam and air conditioning supply"	"35"	"35"	"3"				
"4510"	"3530"	"35.30"	"Steam and air conditioning supply"	"353"	"35.3"	"4"		"This class includes:\n- production, collection and distribution of steam and hot water for heating, power and other purposes\n- production and distribution of cooled air (e.g. for air conditioning supply)\n- production and distribution of chilled water for cooling purposes\n- production of ice from natural water for cooling purposes"	"This class also includes: \n- storage of thermal energy"	"This class excludes: \n- manufacturing of edible ice, see 10.52 \n- production of heat/steam by conversion of waste materials, see 38.22"
"4512"	"354"	"35.4"	"Activities of brokers and agents for electric power and natural gas"	"35"	"35"	"3"				
"4514"	"3540"	"35.40"	"Activities of brokers and agents for electric power and natural gas"	"354"	"35.4"	"4"		"This class includes: \n- activities of brokers or agents, who arrange the sale of electricity via power distribution systems operated by others \n- activities of gas brokers or agents, who arrange the sale of gaseous fuels via gas distribution systems operated by others \n- activities of brokers and agents for commodity and distribution capacity exchanges for gaseous fuels \n- activities of brokers and agents for the operation of electricity distribution and transmission capacity exchanges for electric power"		"This class excludes:\n- storage and distribution or provision of electric power to the user (through a system of mains) by the producer (own account), see 35.1\n- storage and distribution or provision of gaseous fuels to the user (through a system of mains) by the producer (own account), see 35.2\n- intermediation service activities for the transport of gaseous fuels, see 52.31"
"4520"	"E"	"E"	"WATER SUPPLY; SEWERAGE, WASTE MANAGEMENT AND REMEDIATION ACTIVITIES"			"1"		"This section includes activities related to the management, collection, pretreatment, recovery and disposal, of various forms of waste (for example, solid or non-solid industrial or household waste) and its organisation.\n\nThe output of the waste or sewage treatment process can either be disposed of or become an input into other production processes. Secondary raw materials are materials and products which can be used as raw materials by simple reuse, or via recycling and recovery of waste. Activities of water supply are also grouped in this section, since they are often carried out in connection with, or by units also engaged in, the treatment of sewage.\n\nThe activities also include remediation of contaminated buildings and sites, soil, surface and groundwater (for example, oceans, mangroves, seas), and so on.\n\nUnits that usually take over their clients’ waste procedures and become the customer of the waste hauler, and then in turn charge their clients for waste services, are classified in division 38. Even if these units do not render the corresponding services themselves, they are responsible for their fulfilment. This activity is regarded as the complete outsourcing of a service."		"This section excludes:\n- waste trade activities as agents, see 46.18\n- waste trade activities as wholesalers, see 46.87"
"4530"	"36"	"36"	"Water collection, treatment and supply"	"E"	"E"	"2"		"This division includes the collection, treatment and distribution of water to the end user. Collection of water from various sources, as well as distribution by various means is included."		
"4540"	"360"	"36.0"	"Water collection, treatment and supply"	"36"	"36"	"3"				
"4550"	"3600"	"36.00"	"Water collection, treatment and supply"	"360"	"36.0"	"4"		"This class includes:\n- abstraction of water from rivers, lakes and groundwater\n- treatment of water for the water supply\n- desalting of sea or groundwater to produce water as the principal product of interest\n- distribution of water through mains, by trucks or other means\n- rainwater collection"	"This class also includes:\n- operation of irrigation canals \n- rental and leasing of water distribution networks"	"This class excludes:\n- provision of irrigation services for agricultural purposes, see 01.61\n- production of natural mineral waters and other bottled waters, see 11.07\n- treatment of wastewater in order to prevent pollution, see 37.00\n- installation of water meters, see 43.22\n- transport of water via pipelines, not through mains, see 49.50\n- water meter reading by third parties, see 82.99"
"4560"	"37"	"37"	"Sewerage"	"E"	"E"	"2"		"This division includes the operation of sewerage systems or sewage treatment facilities, which collect, treat and discharge sewage into water bodies or operate surface impoundment."	"This division also includes the operation of wastewater treatment facilities for reuse (for example, agricultural, industrial and road cleaning wastewater or collected rainwater)."	
"4570"	"370"	"37.0"	"Sewerage"	"37"	"37"	"3"				
"4580"	"3700"	"37.00"	"Sewerage"	"370"	"37.0"	"4"		"This class includes:\n- operation of wastewater treatment facilities for reuse (e.g. of agricultural, industrial and road cleaning wastewater or collected rainwater), or for artificial recharge or augmentation of groundwater bodies\n- collection and transport of wastewater from users (e.g. households or industrial units)\n- collection and transport of rainwater by means of sewerage networks, collectors, tanks and other means of transport (e.g. sewage vehicles, etc.)\n- maintenance and cleaning of sewers and drains, including sewer rodding"	"This class also includes:\n- freeze-drying of sewage sludge by wastewater treatment plants\n- emptying and cleaning of cesspools and septic tanks, sinks and pits from sewage\n- servicing of chemical toilets"	"This class excludes:\n- further treatment of sludge extracted from wastewater, see division 38\n • anaerobic digestion, see 38.2\n • aerobic treatment, such as composting, see 38.21\n • incineration with energy recovery, see 38.22\n • incineration without energy recovery, see 38.31\n- decontamination of surface water and groundwater at the place of pollution, see 39.00\n- construction or repair of sewerage systems, see 42.21\n- cleaning and unblocking of drainpipes in buildings, see 43.22\n- rental of portable toilets, see 77.39"
"4590"	"38"	"38"	"Waste collection, recovery and disposal activities"	"E"	"E"	"2"		"This division includes the collection, pretreatment for recovery or disposal, recovery and disposal of waste materials and its organisation. Collection of waste which solely supports the subsequent recovery or disposal of the collected waste by the same unit is to be regarded as waste recovery or as a disposal activity."	"This division also includes:\n- local hauling of waste materials and the operation of materials recovery facilities, i.e. facilities that transform waste, including scrap, whether sorted or not, into secondary raw materials\n- activities of units implementing producer responsibility obligations for the management of waste on behalf of the original waste producers. These organisations usually bear the responsibility for the treatment of waste, delegated to them from the original producers of products or packaging. \n\nActivities may include the operation of return, collection and recovery systems for used packaging or packaging waste or for the acceptance and treatment of returned or used products."	"This division excludes:\n- wholesale of waste, see division 46"
"4600"	"381"	"38.1"	"Waste collection"	"38"	"38"	"3"		"This group includes the collection of waste from households and businesses (for example, by means of bins, containers). It includes collection of non-hazardous and hazardous waste (for example, diapers, used batteries, demolition waste, waste oil from households and ships)."		
"4610"	"3811"	"38.11"	"Collection of non-hazardous waste"	"381"	"38.1"	"4"		"This class includes:\n- collection of non-hazardous solid waste (i.e. garbage) within a local area (e.g. from households and businesses), by means of refuse bins, wheeled bins and containers, which may contain mixed recoverable materials\n- collection of recyclable materials (separated or not)\n- collection of non-hazardous waste of animal or vegetal origin\n- collection of used cooking oils and fats\n- collection of refuse in public places\n- collection of yard waste"	"This class also includes:\n- collection of construction and demolition waste\n- collection and removal of debris\n- collection of waste output of industrial plants\n- operation of waste transfer facilities for non-hazardous waste"	"This class excludes:\n- collection of sewage, see division 37\n- collection of hazardous waste, see 38.12\n- operation of facilities for sorting recoverable waste, see 38.2\n- operation of recovery facilities, see 38.2\n- operation of landfills for the disposal of non-hazardous waste and permanent storage of non-hazardous waste, see 38.32"
"4620"	"3812"	"38.12"	"Collection of hazardous waste"	"381"	"38.1"	"4"		"This class includes the collection of hazardous waste (for example, explosive, oxidising, flammable toxic, irritant, carcinogenic, corrosive, infectious and other substances) and preparations harmful for human health and the environment. The activities may also include identification, treatment, packaging and labelling of waste for the purposes of transport.\n\nThis class includes:\n- collection of hazardous waste, e.g.:\n • used oil from ships or garages\n • paints and varnishes\n • biohazardous waste\n • hazardous waste of animal origin\n • nuclear waste\n • collection of expired pharmaceuticals\n • used batteries"	"This class also includes:\n- operation of waste transfer facilities for hazardous waste"	"This class excludes:\n- collection of non-hazardous waste, see 38.11\n- operation of landfills for the disposal of hazardous waste and permanent storage of hazardous waste, see 38.32\n- remediation and clean-up of contaminated buildings, mine sites, soil or groundwater (e.g. asbestos removal), see 39.00"
"4630"	"382"	"38.2"	"Waste recovery"	"38"	"38"	"3"		"This group includes waste pretreatment and recovery of both non-hazardous and hazardous waste. Included are materials recovery, energy recovery resulting from thermal treatment of waste and other forms of waste recovery. Treatment prior to recovery of various forms of waste by different means is also included in the group."		"This group excludes:\n- treatment and disposal of wastewater, see 37.00\n- waste disposal without recovery, see 38.3"
"4640"	"3821"	"38.21"	"Materials recovery"	"382"	"38.2"	"4"		"This class includes the processing of metal and non-metal waste, including scrap and other articles into secondary raw materials.\n\nFurther included is the recovery of materials from waste streams in the form of: (1) separating and sorting recoverable materials from non-hazardous waste streams; or (2) separating and sorting of commingled recoverable materials (for example, paper, plastics, used beverage cans and metals) into distinct categories.\n\nExamples of the mechanical or chemical transformation processes that are undertaken include:\n- mechanical crushing and shredding of metal waste (e.g. from used cars, washing machines or motorcycles)\n- mechanical reduction of large iron pieces (e.g. railway wagons)\n- recovery of iron from clinker\n- reclaiming metals out of photographic waste (e.g. fixer solution or photographic films and paper)\n- dismantling of wrecks of any type (automobiles, ships, computers, televisions and other equipment) for materials recovery\n- producing of rubber powder from rubber waste and scrap, including decontamination, division (elimination) of fractions and devulcanising\n- sorting and mechanical processing (e.g. cleaning, grinding) of plastics to produce secondary raw materials\n- processing (ageing, cleaning, sorting) of incineration bottom ash into secondary raw materials (metals, aggregates)\n- crushing, cleaning and sorting of glass\n- crushing, cleaning and sorting of other waste (e.g. demolition waste to obtain secondary raw materials)\n- processing of food, beverage and tobacco waste and residual substances into secondary raw materials\n- recovery of waste oil, processing of used cooking oils and fats into secondary raw materials\n- extraction of silver from waste chemicals, other than by electrolytic refining\n- recovery of phosphorus from the incineration of sewage sludge\n- recovery of textile and clothing products by mechanical, thermal or chemical processes\n- production of waste compost\n- production of biogas from waste, not for the purpose of gas or energy supply"		"This class excludes:\n- manufacture of new final products from secondary raw materials, whether or not self-manufactured (e.g. spinning yarn from garnetted stock, making pulp from paper waste, retreading tyres or the production of metal from metal scrap), see corresponding classes in section C\n- reprocessing of nuclear fuels, see 20.13\n- remelting of plastics to produce granulates or compounds, see 20.16\n- remelting ferrous waste and scrap, see 24.10\n- production of biogas from waste for gas supply, see 35.21\n- energy recovery during waste thermal treatment, see 38.22\n- disposal of waste without recovery and treatment prior to disposal, see 38.3\n- wholesale of recoverable materials, see 46.87"
"4650"	"3822"	"38.22"	"Energy recovery"	"382"	"38.2"	"4"		"This class includes pretreatment of waste for energy recovery, conversion of waste materials (for example, into usable heat or electricity), through a variety of processes, which include thermal treatment."	"This class also includes the activities of waste-to-energy plants."	"This class excludes:\n- landfill gas recovery for gas supply, see 35.21"
"4660"	"3823"	"38.23"	"Other waste recovery"	"382"	"38.2"	"4"		"This class includes:\n- preparation of sewage sludge for land treatment resulting in benefits to agriculture or ecological improvement\n- preparation of non-hazardous waste for reclamation in excavated areas or for engineering purposes in landscaping"		"This class excludes:\n- production of biogas from sewage sludge, see 35.21\n- back-filling without related preparation activities (e.g. preparation of non-hazardous waste for engineering purposes in landscaping), see division 42"
"4670"	"383"	"38.3"	"Waste disposal without recovery"	"38"	"38"	"3"		"This group includes waste disposal of both non-hazardous and hazardous waste. Included are thermal treatment without energy recovery, landfilling, release in bodies of water and permanent storage of waste. Treatment prior to disposal of various forms of waste by different means (for example, the treatment of organic waste with the aim of disposal; the treatment and disposal of toxic live or dead animals and other contaminated waste; the treatment and disposal of transitional radioactive waste from hospitals, etc.) are also included."	"This group also includes burial or ploughing under of refuse; disposal of used goods to eliminate harmful waste."	"This group excludes:\n- treatment and disposal of wastewater, see 37.00\n- waste recovery, see 38.2"
"4675"	"3831"	"38.31"	"Incineration without energy recovery"	"383"	"38.3"	"4"		"This class includes the disposal and treatment prior to disposal of waste by combustion or thermal treatment without energy recovery."		"This class excludes:\n- thermal treatment with the resulting production of energy, see 38.22"
"4680"	"3832"	"38.32"	"Landfilling or permanent storage"	"383"	"38.3"	"4"		"This class includes the disposal and treatment prior to disposal of non-hazardous or hazardous waste, whether the waste is solid or not, onto or into land (i.e. underground), or in permanent waste storage facilities or sites.\n\nThis class includes:\n- operation of landfills for the disposal of waste\n- treatment of organic waste for landfilling or permanent storage\n- disposal of by-products of animal origin in landfills"	"This class also includes:\n- permanent underground storage of waste in a deep geological cavity (e.g. in salt or potassium mines)\n- storage of captured carbon dioxide"	"This class excludes:\n- operation of facilities where waste is unloaded for further transport, see 38.1\n- operation of facilities where recoverable materials are sorted, see 38.21\n- decontamination, cleaning up land, water and toxic material abatement, see 39.00"
"4685"	"3833"	"38.33"	"Other waste disposal"	"383"	"38.3"	"4"		"This class includes:\n- release of liquid waste to seas/oceans or other water bodies, including seabed insertion\n- injection of pumpable discards into wells, salt domes or naturally occurring repositories"		"This class excludes:\n- operation of facilities where recoverable materials are sorted, see 38.21\n- energy recovery by thermal treatment of waste, see 38.22\n- decontamination, cleaning up land, water and toxic material abatement, see 39.00"
"4690"	"39"	"39"	"Remediation activities and other waste management service activities"	"E"	"E"	"2"		"This division includes the provision of remediation services (for example, cleaning up contaminated buildings, sites, soil, surface or groundwater)."		
"4700"	"390"	"39.0"	"Remediation activities and other waste management service activities"	"39"	"39"	"3"				
"4710"	"3900"	"39.00"	"Remediation activities and other waste management service activities"	"390"	"39.0"	"4"		"This class includes:\n- decontamination of soils and groundwater at the place of pollution, either in situ or ex situ, using, e.g. mechanical, chemical or biological methods\n- decontamination of industrial plants or sites, including nuclear plants and sites\n- decontamination and cleaning up of surface water following accidental pollution (e.g. through collection of pollutants or through application of chemicals)\n- cleaning up oil spills and other pollutions on land, in surface water, in ocean and seas, including coastal areas\n- asbestos, lead paint and other toxic material abatement\n- clearing of landmines, etc., including detonation at the site\n- other specialised pollution-control activities\n- carbon capture activities\n- remediation of mining sites"	"This class also includes:\n- site remediation containment, control and monitoring services"	"This class excludes:\n- pest control in agriculture, see 01.61\n- purification of water for water supply purposes, see 36.00\n- treatment of waste with recovery, see 38.2\n- treatment of waste for disposal, see 38.3\n- storage of captured carbon dioxide (CO2), see 38.32\n- civil engineering projects for the rehabilitation of mining sites, see section F\n- outdoor sweeping and watering of streets, see 81.23"
"4720"	"F"	"F"	"CONSTRUCTION"			"1"		"This section includes general construction and specialised construction activities for buildings and civil engineering works. It includes new work, repair, additions and alterations, the erection of prefabricated buildings or structures on the site as well as construction of a temporary nature.\n\nGeneral construction is the construction of entire buildings (for example, homes, offices, stores as well as utility buildings or farm buildings). It also includes the construction of civil engineering works (for example, motorways, streets, bridges, tunnels, railways, airfields, harbours and other water projects, irrigation systems, sewerage systems, industrial facilities, pipelines and electric lines, sports facilities).\n\nThis work can be carried out on own account or on a fee or contract basis. Portions of the work and sometimes even the whole practical work can be subcontracted out. A main contractor that carries the overall responsibility for a construction project is classified here.\n\nFurther included is the repair of buildings and engineering works. Maintenance, repair and installation of equipment that forms an integral part of buildings (for example, escalators or air-conditioning systems) is classified as construction in section F, if carried out at the construction site.\n\nThis section includes the complete construction of buildings (division 41), the complete construction of civil engineering works (division 42), as well as specialised construction activities, if carried out only as a part of the construction process (division 43).\n \nThe rental of construction equipment with an operator is classified with the specific construction activity carried out with this equipment."	"This section also includes: \n- renovation, renewal, reconstruction and retrofitting of historical and archaeological sites and buildings"	"This section excludes:\n- manufacturing operations not performed at the construction site, see section C\n- manufacture and deliverance of structures and prefabricated building parts in wood or metal with minimal on-site construction work, see divisions 16, 25\n- archaeological excavations, see 72.20\n- conservation, restoration and other cultural heritage support activities, see 91.30"
"4730"	"41"	"41"	"Construction of residential and non-residential buildings"	"F"	"F"	"2"		"This division includes general construction of buildings of all types and sizes. It includes construction, repair, additions and alterations as well as the erection of prefabricated buildings on site and those of a temporary nature.\n\nFurther included is the construction of entire buildings (for example, homes, offices, stores as well as utility buildings or farm buildings)."		
"4745"	"410"	"41.0"	"Construction of residential and non-residential buildings"	"41"	"41"	"3"				
"4750"	"4100"	"41.00"	"Construction of residential and non-residential buildings"	"410"	"41.0"	"4"		"This class includes the construction of complete residential or non-residential buildings, as well as additions and alterations. Outsourcing parts or the whole construction process is possible. If only specialised parts of the construction process are carried out, the activity is classified in division 43.\n\nThis class includes:\n- construction of all types of buildings:\n • residential buildings\n • buildings for industrial production (e.g. factories, workshops)\n • hospital, school and office buildings\n • hotel, store, shopping centre and restaurant buildings\n • airport buildings\n • indoor sports facilities\n • parking garages, including underground parking garages\n • warehouse buildings\n • religious buildings\n- erection of prefabricated buildings requiring on-site assembly"	"This class also includes:\n- complete remodelling or renovating of existing residential or non-residential buildings involving several specialised construction activities\n- construction of air-supported buildings (e.g. air domes)"	"This class excludes:\n- construction of industrial facilities, except buildings, see 42.99 \n- development of building projects, for later sale, see 68.12\n- architectural and engineering activities, see 71.1\n- project management for construction, see 71.1"
"4760"	"42"	"42"	"Civil engineering"	"F"	"F"	"2"		"This division includes general construction for civil engineering objects. It includes new work, repair, additions and alterations, the erection of prefabricated objects on site and also those of a temporary nature.\n \nFurther included is the construction of heavy constructions (for example, motorways, roads, power plants, bridges, tunnels, railways, airfields, harbours and other water projects, irrigation systems, sewerage systems, industrial facilities, pipelines and electric lines, outdoor sports facilities). This work can be carried out on own account or on a fee or contract basis. Portions of the work and sometimes even the whole practical work can be subcontracted out."		
"4770"	"421"	"42.1"	"Construction of roads and railways"	"42"	"42"	"3"				
"4780"	"4211"	"42.11"	"Construction of roads and motorways"	"421"	"42.1"	"4"		"This class includes:\n- construction of motorways, streets, roads, other vehicular and pedestrian ways\n- surface work (e.g. paving of roads, motorways or bridges with asphalt, concrete, stone)\n- construction of airfield runways\n- construction of rough, unpaved mountain bike pathways or trails"		"This class excludes:\n- installation of street lighting and electrical signals, see 43.21\n- road painting and other marking of streets, see 43.50\n- installation of crash barriers, traffic signs, etc., see 43.50\n- project management for construction, see 71.1\n- engineering activities, see 71.12"
"4790"	"4212"	"42.12"	"Construction of railways and underground railways"	"421"	"42.1"	"4"		"This class includes:\n- construction of railways, underground railways and subways\n- construction of electricity overhead lines and conductor rails for railways"		"This class excludes:\n- installation of lighting and electrical signals, see 43.21\n- project management for construction, see 71.1\n- engineering activities, see 71.12"
"4800"	"4213"	"42.13"	"Construction of bridges and tunnels"	"421"	"42.1"	"4"		"This class includes:\n- construction of bridges (e.g. for elevated motorways and railways)\n- construction of tunnels, including those for motorways and railways"		"This class excludes:\n- construction of railways, see 42.12\n- installation of lighting and electrical signals, see 43.21\n- project management for construction, see 71.1\n- engineering activities, see 71.12"
"4810"	"422"	"42.2"	"Construction of utility projects"	"42"	"42"	"3"				
"4820"	"4221"	"42.21"	"Construction of utility projects for fluids"	"422"	"42.2"	"4"		"This class includes the construction of utility distribution lines for the transport of fluids, including gas, and related buildings and structures that are integral part of these systems.\n\nThis class includes:\n- construction of civil engineering structures for:\n • long-distance, underwater and urban pipelines\n • water mains and water lines\n • irrigation systems (canals)\n • reservoirs\n- construction of:\n • sewerage systems, including repair\n • sewage treatment and disposal plants\n • pumping stations"	"This class also includes:\n- water well drilling \n- geothermal drilling"	"This class excludes:\n- installation of water and wastewater pipes in buildings, see 43.22\n- project management activities related to civil engineering works, see 71.12\n- camera inspections in wastewater, water and gas pipes, not associated with repair or installation, see 71.20"
"4830"	"4222"	"42.22"	"Construction of utility projects for electricity and telecommunications"	"422"	"42.2"	"4"		"This class includes the construction of distribution lines for electricity and telecommunication and related buildings and structures that are integral part of these systems.\n\nThis class includes:\n- construction of civil engineering structures for:\n • long-distance and urban communication and power lines\n • power plants (e.g. solar and wind energy farms)\n- construction of stations for distribution of electricity (e.g. for electric vehicles)"		"This class excludes:\n- construction of electricity overhead lines and conductor rails for railways, see 42.12 \n- construction of dams and dykes for hydroelectric power plants, see 42.91 \n- installation of photovoltaic systems on buildings, see 43.21\n- electrical installation of accumulator chargers (e.g. for electric vehicles), see 43.21\n- project management activities related to civil engineering works, see 71.12"
"4840"	"429"	"42.9"	"Construction of other civil engineering projects"	"42"	"42"	"3"				
"4850"	"4291"	"42.91"	"Construction of water projects"	"429"	"42.9"	"4"		"This class includes:\n- construction and reconstruction of, e.g.:\n • waterways, harbour basins, rivers, marinas\n • hydromechanical structures (e.g. locks, lifts, sluices, slipways)\n • dams and dykes\n- dredging of waterways (e.g. harbour basins, rivers)"		"This class excludes: \n- construction of underwater pipelines, see 42.21 \n- laying of underwater cables, see 42.22\n- project management activities related to civil engineering works, see 71.12"
"4860"	"4299"	"42.99"	"Construction of other civil engineering projects n.e.c."	"429"	"42.9"	"4"		"This class includes:\n- construction of industrial facilities, except buildings, e.g.:\n • mining facilities (e.g. shafts, towers, tunnels)\n • refineries\n • chemical plants\n • grain storage systems\n- construction of other facilities, except buildings, e.g.:\n • outdoor sports facilities\n- construction of playgrounds\n- construction of non-prefabricated swimming pools"		"This class excludes:\n- installation of industrial machinery and equipment, see 33.20\n- construction of buildings used for indoor sports, see 41.00\n- subdividing and improving of self-owned land for later sale, see 68.12 \n- project management activities related to civil engineering works, see 71.12"
"4870"	"43"	"43"	"Specialised construction activities"	"F"	"F"	"2"		"This division includes specialised activities (special trades) in the construction of buildings and civil engineering objects or preparation of same. These activities are usually specialised in one aspect common to different structures, requiring specialised skills or equipment. Specialised construction works are generally performed by subcontractors on behalf of a contractor whose activities fall under divisions 41 or 42. Repair is usually performed without subcontracting.\n \nFurther included is the installation of all types of utilities that make the construction function as such. These activities are usually performed at the site of the construction, although parts of the job may be carried out off site. \n\nThis division includes electrical, plumbing and other offshore construction installation on floating platforms.\n\nThe rental of equipment with an operator is classified under the associated construction activity."	"This division also includes: \n- specialised construction activities carried out as repair and maintenance\n- completion or finishing of buildings and other constructions"	
"4880"	"431"	"43.1"	"Demolition and site preparation"	"43"	"43"	"3"		"This group includes activities of preparing a site for subsequent construction activities, including the removal of previously existing structures."		
"4890"	"4311"	"43.11"	"Demolition"	"431"	"43.1"	"4"		"This class includes:\n- demolition, dismantling or wrecking of buildings and other structures"		
"4900"	"4312"	"43.12"	"Site preparation"	"431"	"43.1"	"4"		"This class includes:\n- clearing of building sites\n- earth moving (e.g. excavation, landfill, levelling, trench digging, blasting)"	"This class also includes:\n- site preparation for mining, e.g.:\n • overburden removal and other development and preparation of mineral properties and sites, except oil and gas sites\n- building site drainage\n- drainage of agricultural or forestry land\n- site preparation for archaeological excavation"	"This class excludes:\n- drilling of production oil or gas wells, see 06.10, 06.20\n- test drilling, associated with extraction of petroleum or gas, see 09.10\n- test drilling and boring support services (e.g. associated with mining activities), see 09.90\n- decontamination of soil, see 39.00\n- water well drilling, see 42.21\n- shaft sinking, see 43.50"
"4910"	"4313"	"43.13"	"Test drilling and boring"	"431"	"43.1"	"4"		"This class includes:\n- test drilling, test boring and core sampling for construction, geophysical, geological or similar purposes"		"This class excludes:\n- drilling of production oil or gas wells, see 06.10, 06.20\n- test drilling, associated with extraction of petroleum or gas, see 09.10\n- test drilling and boring support services (e.g. associated with mining activities), see 09.90\n- water well drilling, see 42.21\n- geothermal drilling, see 42.21\n- shaft sinking, see 43.50\n- exploration of oilfields and gas fields, geophysical, geological and seismic surveying, see 71.12"
"4920"	"432"	"43.2"	"Electrical, plumbing and other construction installation activities"	"43"	"43"	"3"		"This group includes installation activities that support the functioning of a building, including the installation of electrical systems, plumbing (water, gas and sewerage systems), heat and air-conditioning systems, elevators, and so on."		
"4930"	"4321"	"43.21"	"Electrical installation"	"432"	"43.2"	"4"		"This class includes the installation, repair and maintenance of electrical systems in all types of buildings and civil engineering structures.\n\nThis class includes:\n- installation of:\n • electrical wiring and fittings\n • telecommunication wiring\n • computer network and cable television wiring, including fibre-optic\n • satellite dishes\n • lighting systems\n • fire alarms\n • burglar-alarm systems\n • street lighting and electrical signals\n • airport runway lighting\n • photovoltaic systems on buildings\n • power storage systems \n- installation of chargers for electric vehicles"	"This class also includes:\n- connecting of electric appliances and household equipment, including baseboard heating"	"This class excludes:\n- construction of distribution lines for electricity and telecommunication, see 42.22\n- construction of solar and wind energy farms, see 42.22 \n- construction of stations for distribution of electricity (e.g. for electric vehicles), see 42.22 \n- installation of lightning conductors, see 43.24\n- monitoring and remote monitoring of electronic security systems (e.g. burglar alarms and fire alarms, including their installation and maintenance), see 80.09"
"4940"	"4322"	"43.22"	"Plumbing, heat and air-conditioning installation"	"432"	"43.2"	"4"		"This class includes the installation, repair and maintenance of plumbing, heating and air-conditioning systems, including additions and alterations.\n\nThis class includes:\n- installation, maintenance and repair of:\n • heating systems (e.g. heat pumps, solar thermal collectors)\n • furnaces, cooling towers\n • plumbing and sanitary equipment\n • ventilation and air-conditioning equipment and ducts\n • gas fittings\n • steam piping\n • sprinkler systems (e.g. fire and lawn sprinkler systems)\n- construction or installation of masonry heater stoves\n- ductwork installation"	"This class also includes:\n- installation of medical gas distribution systems in hospitals"	"This class excludes:\n- installation of electric baseboard heating, see 43.21\n- camera inspections in air ducts, water and gas pipes, and other liquids without repair or installation, see 71.20"
"4945"	"4323"	"43.23"	"Installation of insulation"	"432"	"43.2"	"4"		"This class includes:\n- thermal insulation works (e.g. for pipes, boilers and ducts, interior or exterior, including cladding for insulation)\n- sound insulation works \n- vibration insulation works \n- fireproofing works \n- hydro insulation \n- internal insulation of roofs"		"This class excludes: \n- external insulation of roofs, see 43.41\n- waterproofing of roofs, see 43.41"
"4950"	"4324"	"43.24"	"Other construction installation"	"432"	"43.2"	"4"		"This class includes the installation, repair and maintenance of equipment other than electrical, plumbing, heating and air-conditioning systems or industrial machinery in buildings and civil engineering structures.\n\nThis class includes:\n- installation in buildings or other construction projects of:\n • elevators, escalators, including stairlifts\n • automated and revolving doors\n • lightning conductors\n • vacuum cleaning systems\n • blinds and awnings \n- installation of fences, railings and fire escape staircases\n- installation of signs, whether illuminated or not\n- installation and replacement of locks\n- installation of automatic systems on buildings (e.g. for opening windows and doors)"	"This class also includes: \n- installation of equipment for the personal safety of builders (e.g. to secure lifelines)"	"This class excludes:\n- installation of industrial machinery, see 33.20"
"4960"	"433"	"43.3"	"Building completion and finishing"	"43"	"43"	"3"				
"4970"	"4331"	"43.31"	"Plastering"	"433"	"43.3"	"4"		"This class includes:\n- application in buildings or other construction projects of interior and exterior plaster or stucco, including related lathing materials\n- dry-walling of walls and plastering of ceilings"		
"4980"	"4332"	"43.32"	"Joinery installation"	"433"	"43.3"	"4"		"This class includes:\n- installation of doors (except automated and revolving), windows, door and window frames, of wood or other materials\n- installation of fitted kitchens, built-in cupboards, staircases, shopfittings, etc.\n- interior completion (e.g. of ceilings and movable partitions)\n- installation works for conservatories, verandas and balconies, of wood or other materials\n- assembly of stands and stalls (e.g. at markets, exhibitions, fairs)"		"This class excludes:\n- installation of automated and revolving doors, see 43.24 \n- rental and leasing of stands and stalls (e.g. for exhibitions or fairs), see 77.39"
"4990"	"4333"	"43.33"	"Floor and wall covering"	"433"	"43.3"	"4"		"This class includes:\n- laying, tiling, hanging or fitting in buildings or within other constructions of:\n • ceramic, concrete or cut stone wall or floor tiles, ceramic stove fitting\n • parquet and other wooden floor coverings, wooden wall coverings\n • carpets and linoleum floor coverings, including of rubber or plastic\n • terrazzo, marble, granite or slate floor or wall coverings\n • wallpaper"	"This class also includes:\n- sanding, polishing and sealing of parquet and other wooden floor coverings"	"This class excludes:\n- wall cladding for exterior walls, see 43.35"
"5000"	"4334"	"43.34"	"Painting and glazing"	"433"	"43.3"	"4"		"This class includes:\n- interior and exterior painting of buildings\n- painting of civil engineering structures \n- installation of glass, mirrors, etc."	"This class also includes:\n- coating of metals on buildings and civil engineering structures"	"This class excludes:\n- waterproofing of roofs, see 43.41\n- installation of windows, see 43.32\n- road painting and other marking of streets, see 43.50"
"5010"	"4335"	"43.35"	"Other building completion and finishing"	"433"	"43.3"	"4"		"This class includes the finishing work which concludes the construction of a building.\n\nThis class includes: \n- installation of prefabricated metal sheets, steel parts, profiles, etc.\n- ornamentation fitting works on buildings\n- cladding for exterior walls \n- erection of curtain walls \n- other building completion and finishing work n.e.c."		"This class excludes: \n- installation of large-scale shelving (e.g. in shops or warehouses (not an integral part of the building)), see 33.20\n- installation of acoustic panels, tiles and similar materials, see 43.23\n- interior design activities, see 74.13\n- general interior cleaning of buildings and other structures, see 81.21\n- specialised interior and exterior cleaning of buildings, see 81.22\n- steam cleaning, sandblasting and similar activities for building exteriors, see 81.22"
"5011"	"434"	"43.4"	"Specialised construction activities in construction of buildings"	"43"	"43"	"3"				
"5012"	"4341"	"43.41"	"Roofing activities"	"434"	"43.4"	"4"		"This class includes:\n- roof framing works \n- installation of roof trusses\n- external insulation of roofs\n- laying of roof coverings\n- installation of insulation in roofs\n- waterproofing of roofs \n- installation of drains, eaves gutters and rainwater pipes\n- installation of roof lights and roof access hatches\n- installation of snowguards on pitched roofs\n- installation of roof safety equipment"		"This class excludes:\n- internal insulation of roofs, see 43.23"
"5013"	"4342"	"43.42"	"Other specialised construction activities in construction of buildings"	"434"	"43.4"	"4"		"This class includes:\n- construction activities specialising in one aspect common to construction of buildings, requiring specialised skills or equipment:\n • construction of foundations for buildings, including piledriving\n • de-humidification of buildings\n • erection of prefabricated, not self-manufactured, structural steel components for buildings\n • erection of chimneys and industrial ovens"		"This class excludes:\n- construction or installation of masonry heater stoves, see 43.22"
"5014"	"435"	"43.5"	"Specialised construction activities in civil engineering"	"43"	"43"	"3"				
"5015"	"4350"	"43.50"	"Specialised construction activities in civil engineering"	"435"	"43.5"	"4"		"This class includes:\n- construction activities specialising in one aspect common in civil engineering, requiring specialised skill or equipment:\n • construction of foundations for civil engineering, including piledriving\n • shaft sinking\n • erection of steel elements for civil engineering projects\n • installation of crash barriers, traffic signs, etc.\n- erection of noise protection walls (e.g. along roads)\n- installation of street furniture\n- installation of prefabricated swimming pools\n- road painting and other marking of streets\n- erection of protective rock walls and installation of rockfall protection"		"This class excludes:\n- surface work (e.g. paving of roads (asphalt, concrete, stone, etc.)), see 42.11\n- construction of non-prefabricated swimming pools, see 42.99"
"5016"	"436"	"43.6"	"Intermediation service activities for specialised construction services"	"43"	"43"	"3"				
"5017"	"4360"	"43.60"	"Intermediation service activities for specialised construction services"	"436"	"43.6"	"4"		"This class includes the intermediation for specialised construction services by bringing clients and service providers together for a fee or commission, without the intermediary providing the specialised construction services that are intermediated. These intermediation activities can be carried out on digital platforms or through non-digital channels (including face-to-face, door-to-door, telephone, post, and so on). The fee or commission can be received from either the client or the provider of the specialised construction service. Revenue for the intermediation activities can include other sources of income (for example, revenues from the sale of advertising space)."		
"5018"	"439"	"43.9"	"Other specialised construction activities"	"43"	"43"	"3"				
"5019"	"4391"	"43.91"	"Masonry and bricklaying activities"	"439"	"43.9"	"4"		"This class includes: \n- bricklaying, block laying, stone setting and other masonry works"		
"5020"	"4399"	"43.99"	"Other specialised construction activities n.e.c."	"439"	"43.9"	"4"		"This class includes:\n- construction activities specialising in one aspect common to different kinds of structures, requiring specialised skill or equipment, n.e.c.:\n • reinforcement steel bending activities, at the construction site\n • scaffolds and work platform erecting and dismantling\n- erection of construction site safety equipment\n- work with specialist access requirements necessitating climbing skills and the use of related equipment (e.g. working at height on tall structures)\n- rental of cranes and other building equipment which cannot be allocated to a specific construction type, with an operator \n- repairing of reinforced concrete structures (e.g. beams, columns)\n- erection of billboards or advertising columns\n- concreting works"	"This class also includes:\n- renovation, renewal, reconstruction and retrofitting of historical and archaeological sites and buildings"	"This class excludes:\n- rental of scaffolds and work platforms, without erection and dismantling, see 77.32\n- rental of construction machinery and equipment without an operator, see 77.32"
"5120"	"G"	"G"	"WHOLESALE AND RETAIL TRADE"			"1"		"This section includes wholesale and retail sale (in other words, sale without transformation) of any type of physical goods and rendering services incidental to the sale of merchandise. Goods are physical, produced objects for which a demand exists, over which ownership rights can be established and whose ownership can be transferred from one unit to another by engaging in transactions on markets. This is consistent with the definitions and concepts applied in the balance of payments domain, the G20 Digital Economy Task Force, the Handbook on Measuring Digital Trade, and so on.\n\nWholesale and retail sale are the final steps in the distribution of merchandise. For this purpose, ancillary activities (see introductory guidelines, Chapter xx) are carried out, which include a number of usual operations (or manipulations) associated with trade, without transforming the goods. These operations (or manipulations) include, for example, sorting, grading and assembling of goods, mixing or blending of goods (for example, sand), bottling (with or without preceding bottle cleaning), packaging, breaking bulk and repacking for distribution in smaller lots, storage (whether or not frozen or chilled). If not carried out as usual operations (or manipulations) associated with trade, the mentioned activities can be carried out as principal, secondary or ancillary activities in other sections of NACE.\n\nThe distinction between wholesale (division 46) and retail sale (division 47) is based on the type of customer.\n\nWholesale is the resale of new and used goods to retailers, business-to-business trade (for example, to industrial, commercial, institutional or professional users) or other wholesalers, or it involves acting as an agent or broker in buying merchandise for, or selling merchandise to, such persons or companies. The principal types of businesses included are merchant wholesalers, in other words, wholesalers who take title to the goods they sell, such as wholesale merchants or jobbers, industrial distributors, exporters, importers, and cooperative buying associations, sales branches and sales offices (but not retail stores) that are maintained by manufacturing or mining units apart from their plants or mines for the purpose of marketing their products and that do not merely take orders to be filled by direct shipments from the plants or mines. Also included are merchandise and commodity brokers, commission merchants, agents, assemblers and buyers. If the wholesaler does not assume ownership of the goods the wholesaler trades, the wholesaler is classified in group 46.1. If the wholesaler assumes ownership of the goods, even if the wholesaler is acting on behalf of a third party, the wholesaler is classified in groups 46.2 to 46.9.\n\nWholesalers frequently physically assemble, sort and grade goods in large lots, break bulk, repack and redistribute in smaller lots (for example, for pharmaceuticals); store, refrigerate, deliver and install goods, engage in sales promotion for their customers and label design.\n\nRetailing is the resale of new and used goods to final consumers for personal or household consumption or use, whatever the channel, in shops, department stores, stalls, mail order houses, door-to-door salespersons, hawkers, consumer cooperatives, auction houses, and so on. It includes the sale of goods via showrooms (where the exposed goods can be bought), via ephemeral points of sale (for example, pop-up stores) as well as in automated retail shops.\n\nMost retailers take title to the goods they sell, but some act as agents for a principal and sell either on consignment or on a commission basis. If the retailer does not assume ownership of the goods the retailer trades, the retailer is classified in group 47.9. If the retailer assumes ownership of the goods, even if the retailer is acting on behalf of a third party, the retailer is classified in groups 47.1 to 47.8.\n\nNACE does not make any distinction at group and class level between in-store and online retail sale. Most of the retail sale activities operate both in-store and online (as well other distribution channels) and it is difficult to differentiate between the two distribution/sales channels based on the primary sales method. The share of in-store and online sales can vary over time affecting the stability of the classification. The main classification criteria for retail sale in NACE is based on what is sold and not the sales channel.\n\nRetailing via mail order or the internet is classified according to the type of goods sold.\n\nThe distinction between wholesale and retail sale is not based on the quantity of goods sold, as wholesale may be made on a unit basis, just as retail sales may be made on a bulk basis. Instead, the primary distinction between wholesale and retail sale is the type of customer. Wholesale usually involves business customers while retail usually involves final customers, such as households. If a trader sells to both business and final customers without distinction and it is practically impossible to distinguish the majority type of customers, then it is recommended to treat the seller as a retailer.\n\nBlending of beverages to be provided by the manufacturer or by a contractor is classified in manufacturing (section C). If carried out as a usual operation (or manipulation) associated with trade, it is considered as an ancillary activity and integrated in section G."	"This section also includes:\n- transit trade activities consisting of buying commodities, moving them from one customs territory to another. Transit trade represents a triangular transaction in which the transit trader carries out export and import transactions between two or more different countries outside their own economic territory. The transit trader owns the commodity during its transport (different to intermediaries that do not take ownership of the intermediated goods)\n- specialised and non-specialised intermediation service activities for retail sale, see 47.9\n- sale of food and beverages via vending machines or automated points of sale"	"This section excludes:\n- trade of electricity, see 35.15\n- trade of gaseous fuels for energy supply through mains, see 35.23\n- the commerce of digital goods, streaming and downloading of content on digital platforms (e.g. e-books, audio), see section J\n- activities of resellers of prepaid calling cards and services, see 61.20\n- repair of motor vehicles and motorcycles, see division 95\n- cooperative associations; these are classified to their predominant activity"
"5130"	"46"	"46"	"Wholesale trade"	"G"	"G"	"2"		"This division includes wholesale of physical goods on own account or on a fee or contract basis (commission trade) related to domestic (national) wholesale as well as international wholesale (import/export), including on the internet.\n\nWholesale on own account means owning the goods traded until the ownership is transferred to the buyer. In the case of transit trade, the goods are commissioned by a buyer, but the agent owns the goods while they are in transit. However, both cases are classified the same way (groups 46.2 to 46.9).\n\nThis division includes wholesale on a fee or contract basis (group 46.1), specialised wholesale (groups 46.2 to 46.8) and non-specialised wholesale (group 46.9); class 46.39 is an exception as it includes non-specialised wholesale of food, beverages and tobacco.\n\nThe rules for defining specialised and non-specialised wholesale activities are described in paragraphs xx–xx of the introductory guidelines."	"This division also includes:\n- wholesale of motor vehicles and motorcycles, and related parts, equipment and accessories\n- transit trade activities"	"This division excludes:\n- trade of electricity, see 35.15\n- trade of gaseous fuels for energy supply through mains, see 35.23\n- rental and leasing of goods, see division 77\n- packaging of solid goods and bottling of liquid or gaseous goods, including blending and filtering for third parties, see 82.92"
"5140"	"461"	"46.1"	"Wholesale on a fee or contract basis"	"46"	"46"	"3"		"This group includes intermediation service activities, in other words, the facilitation of transactions between sellers and buyers for the ordering of goods for a fee or commission without taking ownership of the goods intermediated, including:\n- activities of commission agents, commodity brokers and other wholesalers trading on the account of others without owning the intermediated goods at any time\n- activities of bringing sellers and buyers together\n- activities of undertaking commercial transactions on the account of a principal, including on the internet"	"This group also includes:\n- activities of central purchasing units if they are only intermediaries and do not own the goods\n- activities of wholesale auctioneering houses for third-party goods, including internet wholesale auctions"	"This group excludes:\n- wholesale on own account, see 46.2 to 46.9\n- activities of commission agents who assume ownership of the goods, even if they are acting in the name of a third party, see 46.2 to 46.9\n- intermediation service activities for retail sale, see 47.9\n- intermediation service activities for real estate activities, see 68.31\n- operation of websites providing searches for goods that link customers to sellers, see the corresponding classes for intermediation service activities\n- activities of advertising, market research and public relations, see division 73"
"5150"	"4611"	"46.11"	"Activities of agents involved in the wholesale of agricultural raw materials, live animals, textile raw materials and semi-finished goods"	"461"	"46.1"	"4"		"This class includes:\n- activities of agents involved in the wholesale of livestock feed\n- activities of agents involved in wholesale auctions for fur skin"		"This class excludes:\n- activities of agents involved in the wholesale of food for pets, see 46.17\n- wholesale on own account, see 46.2 to 46.9\n- activities of commission agents who assume ownership of the goods, even if they are acting in the name of a third party, see 46.2 to 46.9"
"5160"	"4612"	"46.12"	"Activities of agents involved in the wholesale of fuels, ores, metals and industrial chemicals"	"461"	"46.1"	"4"		"This class includes the activities of agents involved in the wholesale of:\n- fuels, ores, metals and industrial chemicals, including fertilisers"		"This class excludes:\n- wholesale on own account, see 46.2 to 46.9\n- activities of commission agents who assume ownership of the goods, even if they are acting in the name of a third party, see 46.2 to 46.9"
"5170"	"4613"	"46.13"	"Activities of agents involved in the wholesale of timber and building materials"	"461"	"46.1"	"4"			"This class also includes:\n- activities of agents involved in the wholesale of:\n • prefabricated buildings and building equipment\n • pallets and wooden containers and their parts\n • sanitary equipment"	"This class excludes:\n- wholesale on own account, see 46.2 to 46.9\n- activities of commission agents who assume ownership of the goods, even if they are acting in the name of a third party, see 46.2 to 46.9"
"5180"	"4614"	"46.14"	"Activities of agents involved in the wholesale of machinery, industrial equipment, ships and aircraft"	"461"	"46.1"	"4"		"This class includes activities of agents involved in the wholesale of:\n- machinery, including office machinery and computers, industrial equipment, ships and aircraft\n- telephone and communication equipment, including mobile telephones, modems, etc."	"This class also includes:\n- activities of agents involved in the wholesale of agricultural equipment, including tractors\n- activities of agents involved in the wholesale of yachts and recreational boats"	"This class excludes:\n- activities of commission agents for motor vehicles and motorcycles, see 46.18\n- activities of wholesale auctioneering houses for third-party goods of motor vehicles, including internet wholesale auctions of motor vehicles, see 46.18\n- wholesale on own account, see 46.2 to 46.9\n- activities of commission agents who assume ownership of the goods, even if they are acting in the name of a third party, see 46.2 to 46.9"
"5190"	"4615"	"46.15"	"Activities of agents involved in the wholesale of furniture, household goods, hardware and ironmongery"	"461"	"46.1"	"4"				"This class excludes:\n- wholesale on own account, see 46.2 to 46.9\n- activities of commission agents who assume ownership of the goods, even if they are acting in the name of a third party, see 46.2 to 46.9"
"5200"	"4616"	"46.16"	"Activities of agents involved in the wholesale of textiles, clothing, fur, footwear and leather goods"	"461"	"46.1"	"4"				"This class excludes:\n- wholesale on own account, see 46.2 to 46.9\n- activities of commission agents who assume ownership of the goods, even if they are acting in the name of a third party, see 46.2 to 46.9"
"5210"	"4617"	"46.17"	"Activities of agents involved in the wholesale of food, beverages and tobacco"	"461"	"46.1"	"4"		"This class includes:\n- activities of agents involved in the wholesale of food supplements for human consumption"	"This class also includes:\n- activities of agents involved in the wholesale of food for pets\n- activities of agents involved in the wholesale of food supplements for animal consumption"	"This class excludes:\n- wholesale on own account, see 46.2 to 46.9\n- activities of commission agents who assume ownership of the goods, even if they are acting in the name of a third party, see 46.2 to 46.9"
"5220"	"4618"	"46.18"	"Activities of agents involved in the wholesale of other particular products"	"461"	"46.1"	"4"		"This class includes:\n- activities of agents involved in the wholesale of pharmaceutical and medical goods, perfumery and toilet articles, and cleaning materials\n- activities of agents involved in the wholesale of games and toys, sports goods, bicycles, books, newspapers, magazines and stationery, musical instruments, watches, clocks and jewellery, and photographic and optical equipment\n- activities of agents involved in the wholesale of cars and light motor vehicles, lorries, trailers and semi-trailers, camping vehicles (e.g. caravans and motorhomes), motorcycles (including mopeds), motorised personal transport devices, and rolling stock; these motor vehicles include electric vehicles\n- activities of agents involved in the wholesale of motor vehicle parts and accessories, and parts and accessories for motorcycles, motorised personal transport devices, and rolling stock\n- activities of agents involved in the wholesale of waste\n- activities of wholesale auctioneering houses of third-party goods of motor vehicles, including internet wholesale auctions of motor vehicles"		"This class excludes:\n- wholesale on own account, see 46.2 to 46.9\n- activities of commission agents who assume ownership of the goods, even if they are acting in the name of a third party, see 46.2 to 46.9\n- activities of insurance agents, see 66.22\n- activities of real estate agents, see 68.31"
"5230"	"4619"	"46.19"	"Activities of agents involved in non-specialised wholesale"	"461"	"46.1"	"4"				"This class excludes:\n- wholesale on own account, see 46.2 to 46.9\n- activities of commission agents who assume ownership of the goods, even if they are acting in the name of a third party, see 46.2 to 46.9\n- activities of real estate agents, see 68.31\n- activities of agents involved in the sale of services for goods (transport, insurance, advertising), see relevant NACE classes according to that particular service"
"5240"	"462"	"46.2"	"Wholesale of agricultural raw materials and live animals"	"46"	"46"	"3"				"This group excludes:\n- activities of wholesalers who do not assume ownership of the goods they trade, see 46.1"
"5250"	"4621"	"46.21"	"Wholesale of grain, unmanufactured tobacco, seeds and animal feeds"	"462"	"46.2"	"4"		"This class includes:\n- wholesale of grains and seeds for planting\n- wholesale of oleaginous fruits\n- wholesale of unmanufactured tobacco\n- wholesale of livestock feed and agricultural raw materials"		"This class excludes:\n- wholesale of seeds of flowers and plants, see 46.22\n- wholesale of food for pets, see 46.38\n- wholesale of fertilisers and agrochemical products, see 46.85\n- wholesale of textile fibres, see 46.86"
"5260"	"4622"	"46.22"	"Wholesale of flowers and plants"	"462"	"46.2"	"4"		"This class includes:\n- wholesale of flowers, plants and bulbs\n- wholesale of seeds of flowers and plants"		
"5270"	"4623"	"46.23"	"Wholesale of live animals"	"462"	"46.2"	"4"		"This class includes:\n- wholesale of pets"		
"5280"	"4624"	"46.24"	"Wholesale of hides, skins and leather"	"462"	"46.2"	"4"		"This class includes:\n- wholesale of leather, raw and processed hides, and fur skins"		"This class excludes:\n- activities of agents involved in wholesale auctions for fur skin, see 46.11"
"5290"	"463"	"46.3"	"Wholesale of food, beverages and tobacco"	"46"	"46"	"3"		"This group includes:\n- wholesale of fresh, preserved and frozen food\n- specialised and non-specialised wholesale of food, beverages and tobacco"		"This group excludes:\n- activities of wholesalers who do not assume ownership of the goods they trade, see 46.1"
"5300"	"4631"	"46.31"	"Wholesale of fruit and vegetables"	"463"	"46.3"	"4"		"This class includes:\n- wholesale of fresh fruits and vegetables\n- wholesale of legumes\n- wholesale of dried fruits and vegetables\n- wholesale of preserved fruits and vegetables\n- wholesale of frozen fruits and vegetables"	"This class also includes:\n- wholesale of mushrooms"	"This class excludes:\n- wholesale of fruit and vegetable juices, see 46.34\n- wholesale of ready-made meals, see 46.38"
"5310"	"4632"	"46.32"	"Wholesale of meat, meat products, fish and fish products"	"463"	"46.3"	"4"		"This class includes:\n- wholesale of meat and meat products\n- wholesale of poultry and game\n- wholesale of fish and fish products\n- wholesale of seafood"	"This class also includes:\n- wholesale of tripe, delicatessen (charcuterie), salted meat\n- wholesale of snails\n- wholesale of algae and seaweed"	"This class excludes:\n- wholesale of livestock feed, see 46.21\n- wholesale of ready-made meals, see 46.38\n- wholesale of food for pets, see 46.38"
"5320"	"4633"	"46.33"	"Wholesale of dairy products, eggs and edible oils and fats"	"463"	"46.3"	"4"		"This class includes:\n- wholesale of dairy products\n- wholesale of eggs and egg products\n- wholesale of edible oils and fats of animal or vegetable origin"	"This class also includes:\n- wholesale of powdered milk\n- wholesale of ice creams and sorbets"	
"5330"	"4634"	"46.34"	"Wholesale of beverages"	"463"	"46.3"	"4"		"This class includes:\n- wholesale of alcoholic beverages\n- wholesale of non-alcoholic beverages\n- wholesale of fruit and vegetable juices\n- wholesale of prepared beverages in cans or bottles"	"This class also includes:\n- buying of wine in bulk and bottling without transformation"	"This class excludes:\n- blending of wine, distilled spirits and other beverages (in order to make a new product), see 11.01, 11.02, 11.07"
"5340"	"4635"	"46.35"	"Wholesale of tobacco products"	"463"	"46.3"	"4"		"This class includes:\n- wholesale of tobacco and smoking products and accessories, including lighters, pipes, cigarette rolling equipment, etc."	"This class also includes:\n- wholesale of electronic cigarettes (vapes)"	"This class excludes:\n- wholesale of e-liquids for electronic cigarettes, see 46.85"
"5350"	"4636"	"46.36"	"Wholesale of sugar, chocolate and sugar confectionery"	"463"	"46.3"	"4"		"This class includes:\n- wholesale of sugar, including sugar cubes, molasses, sugar confectionery and chocolate\n- wholesale of bakery products"		"This class excludes:\n- wholesale of ice cream, see 46.33"
"5360"	"4637"	"46.37"	"Wholesale of coffee, tea, cocoa and spices"	"463"	"46.3"	"4"				"This class excludes:\n- processing of tea and coffee, see 10.83\n- wholesale of prepared beverages in cans or bottles, see 46.34"
"5370"	"4638"	"46.38"	"Wholesale of other food"	"463"	"46.3"	"4"		"This class includes other specialised wholesale of food not already classified in the previous classes 46.31 to 46.37 (for example, wholesale of salt, vinegar, flour, yeast, honey)."	"This class also includes:\n- wholesale of ready-made meals\n- wholesale of homogenised food preparations and dietetic food\n- wholesale of food for pets\n- wholesale of food supplements for human consumption\n- wholesale of insects (e.g. crickets) which are processed and ready-to-eat"	"This class excludes:\n- wholesale of livestock feed, see 46.21"
"5380"	"4639"	"46.39"	"Non-specialised wholesale of food, beverages and tobacco"	"463"	"46.3"	"4"		"This class includes the wholesale of food, beverages and tobacco products sold in five or more classes of group 46.3. If the products sold comprise up to four classes in group 46.3, the unit is considered a specialised trade and is classified, following the principal activity defined on the basis of its value added, in classes 46.31 to 46.38."		
"5390"	"464"	"46.4"	"Wholesale of household goods"	"46"	"46"	"3"		"This group includes the wholesale of household goods, including textiles and furniture."		"This group excludes:\n- activities of wholesalers who do not assume ownership of the goods they trade, see 46.1\n- wholesale of garden and landscaping equipment (e.g. lawn mowers), see 46.61"
"5400"	"4641"	"46.41"	"Wholesale of textiles"	"464"	"46.4"	"4"		"This class includes:\n- wholesale of yarn\n- wholesale of fabrics\n- wholesale of household linen, etc.\n- wholesale of haberdashery: needles, sewing thread, etc.\n- wholesale of parasols, tarpaulins, sails, parachutes, etc."		"This class excludes:\n- wholesale of clothing, see 46.42\n- wholesale of tents and sleeping bags, see 46.49\n- wholesale of textile fibres, see 46.86"
"5410"	"4642"	"46.42"	"Wholesale of clothing and footwear"	"464"	"46.4"	"4"		"This class includes:\n- wholesale of clothing, including sports clothes\n- wholesale of clothing accessories (e.g. gloves, ties and braces)\n- wholesale of footwear, including non-specialised sports footwear\n- wholesale of fur articles\n- wholesale of umbrellas"	"This class also includes:\n- wholesale of work clothes, uniforms, costumes"	"This class excludes:\n- wholesale of jewellery, see 46.48\n- wholesale of leather goods, excluding clothing and footwear, see 46.49\n- wholesale of specialised sports footwear only used in the practice of a sport (e.g. ski boots, football shoes, skates, ballet shoes), see 46.49\n- wholesale of protective gear for motorcyclists, see 46.73"
"5420"	"4643"	"46.43"	"Wholesale of electrical household appliances"	"464"	"46.4"	"4"		"This class includes:\n- wholesale of electrical household appliances\n- wholesale of radio and television equipment\n- wholesale of photographic and optical goods except corrective glasses, lenses and sunglasses\n\n- wholesale of electrical heating and cooling appliances\n- wholesale of heating equipment using renewable resources\n- wholesale of heating, ventilation and air-conditioning equipment\n- wholesale of sewing machines of household-type\n- wholesale of safety systems and alarms"		"This class excludes:\n- wholesale of corrective glasses, lenses and sunglasses, see 46.46\n\n- wholesale of recorded media, see 46.49\n- wholesale of recordable media, see 46.50\n- wholesale of sewing machines other than household-type, see 46.64\n- wholesale of hardware, plumbing and heating equipment and supplies, see 46.84\n- wholesale of heating, ventilation and air-conditioning equipment for non-domestic use, see 46.84"
"5430"	"4644"	"46.44"	"Wholesale of china and glassware and cleaning materials"	"464"	"46.4"	"4"		"This class includes:\n- wholesale of china and glassware\n- wholesale of cleaning materials\n- wholesale of household utensils, crockery and pottery"		"This class excludes:\n- wholesale of saucepans and pans, see 46.49"
"5440"	"4645"	"46.45"	"Wholesale of perfume and cosmetics"	"464"	"46.4"	"4"		"This class includes:\n- wholesale of perfumes, cosmetics, soaps and toilet paper"		
"5450"	"4646"	"46.46"	"Wholesale of pharmaceutical and medical goods"	"464"	"46.4"	"4"		"This class includes:\n- wholesale of pharmaceutical, medical and orthopaedic goods\n- wholesale of veterinary medicines\n- wholesale of corrective glasses, lenses and sunglasses\n- wholesale of medical and surgical instruments\n- wholesale of hospital equipment"	"This class also includes:\n- wholesale of non-corrective sunglasses"	"This class excludes:\n- wholesale of health foods and diet products, see 46.38\n- wholesale of furniture for medical facilities and hospitals, see 46.47"
"5460"	"4647"	"46.47"	"Wholesale of household, office and shop furniture, carpets and lighting equipment"	"464"	"46.4"	"4"		"This class includes:\n- wholesale of furniture\n- wholesale of carpets\n- wholesale of lighting equipment\n- wholesale of mattresses and box springs"	"This class also includes:\n- wholesale of furniture for warehouses, churches, medical facilities and hospitals, etc."	
"5470"	"4648"	"46.48"	"Wholesale of watches and jewellery"	"464"	"46.4"	"4"			"This class also includes:\n- wholesale of processed precious, natural, synthetic or reconstructed stones"	"This class excludes:\n- wholesale of imitation jewellery, see 46.49\n- wholesale of raw precious stones, see 46.86\n- wholesale of unworked synthetic or reconstructed precious or semi-precious stones, see 46.86"
"5480"	"4649"	"46.49"	"Wholesale of other household goods"	"464"	"46.4"	"4"		"This class includes:\n- wholesale of woodenware, wickerwork and corkware, etc.\n- wholesale of bicycles, electric bicycles, monowheels, hoverboards, kickscooters, including related parts and accessories\n- wholesale of stationery, books, magazines and newspapers\n- wholesale of leather goods, excluding clothing and footwear, and travel accessories\n- wholesale of musical instruments\n- wholesale of recorded media\n- wholesale of games and toys, including party and magic items\n- wholesale of sports goods, including special sports footwear (e.g. ski boots, football shoes, skates, ballet shoes)\n- wholesale of recreational boats\n- wholesale of baby equipment (e.g. baby carriages, pushchairs, baby walkers, baby carriers, baby car seats)\n- wholesale of medals and sports cups"	"This class also includes:\n- wholesale of tents and sleeping bags\n- wholesale in promotional items\n- wholesale of saucepans and pans\n- wholesale of cutlery\n- wholesale of imitation jewellery"	"This class excludes:\n- wholesale of electronic cigarettes (vapes), see 46.35\n- wholesale of disguises, see 46.42\n- wholesale of weapons and ammunition, see 46.64\n- wholesale of e-liquids for electronic cigarettes, see 46.85"
"5490"	"465"	"46.5"	"Wholesale of information and communication equipment"	"46"	"46"	"3"				"This group excludes:\n- activities of wholesalers who do not assume ownership of the goods they trade, see 46.1"
"5500"	"4650"	"46.50"	"Wholesale of information and communication equipment"	"465"	"46.5"	"4"		"This class includes the wholesale of information and communication technology (ICT) equipment.\n\nThis class includes:\n- wholesale of computers, computer peripheral equipment and parts\n- wholesale of smart boards\n- wholesale of non-customised software, including video games, provided on physical media, with a right to perpetual use\n- wholesale of electronic valves and tubes\n- wholesale of semiconductor devices\n- wholesale of microchips and integrated circuits\n- wholesale of printed circuits\n- wholesale of recordable media\n- wholesale of telephone and communication equipment (e.g. mobile telephones, modems)\n- wholesale of office machinery and equipment"		"This class excludes:\n- wholesale of recorded media, see 46.49\n- wholesale of machines for additive manufacturing (3D printers, etc.), see 46.64\n- publishing activities, see division 58"
"5510"	"466"	"46.6"	"Wholesale of other machinery, equipment and supplies"	"46"	"46"	"3"		"This group includes the wholesale of specialised machinery, equipment and supplies for all kinds of industries and general-purpose machinery, and parts thereof."		"This group excludes:\n- activities of wholesalers who do not assume ownership of the goods they trade, see 46.1"
"5520"	"4661"	"46.61"	"Wholesale of agricultural machinery, equipment and supplies"	"466"	"46.6"	"4"		"This class includes:\n- wholesale of agricultural and forestry machinery and equipment:\n • ploughs, manure spreaders, seeders\n • harvesters\n • threshers\n • milking machines\n • poultry-keeping machines, bee-keeping equipment\n • agricultural and forestry tractors"	"This class also includes:\n- wholesale of garden and landscaping equipment (e.g. lawn mowers)"	"This class excludes:\n- wholesale of livestock feed, see 46.21\n- wholesale of fertilisers and agrochemical products, see 46.85"
"5530"	"4662"	"46.62"	"Wholesale of machine tools"	"466"	"46.6"	"4"		"This class includes:\n- wholesale of machine tools of any type and for any material"	"This class also includes:\n- wholesale of computer-controlled machine tools"	
"5540"	"4663"	"46.63"	"Wholesale of mining, construction and civil engineering machinery"	"466"	"46.6"	"4"		"This class includes:\n- wholesale of mining, construction and civil engineering machinery and equipment, (e.g. excavating machines)"		"This class excludes:\n- wholesale of scaffolding, see 46.83\n- wholesale of hand tools, hardware, plumbing and heating equipment and supplies, see 46.84"
"5560"	"4664"	"46.64"	"Wholesale of other machinery and equipment"	"466"	"46.6"	"4"		"This class includes:\n- wholesale of machinery for the textile industry and of sewing and knitting machines\n- wholesale of robots for production lines\n- wholesale of machinery for the food, beverages and tobacco industry\n- wholesale of transport equipment (e.g. locomotives, wagons), except motor vehicles, motorcycles and bicycles\n- wholesale of ships and boats\n- wholesale of armoured vehicles\n- wholesale of aircraft, drones and unmanned aircraft systems\n- wholesale of equipment for fish farming\n- wholesale of attractions for amusement and theme parks (e.g. mechanical rides)\n- wholesale of equipment for hairdressers, gyms, solariums and beauty centres\n- wholesale of event technology equipment for events, fairs and exhibitions\n- wholesale of other machinery n.e.c. for use in industry, trade and navigation and other services\n- wholesale of other electrical material (e.g. electrical motors, transformers)\n- wholesale of batteries and accumulators for domestic use\n- wholesale of wires and switches and other installation equipment\n- wholesale of photovoltaic panels\n- wholesale of weapons, weapon systems and ammunition\n- wholesale of box pallets\n- wholesale of reservoirs, tanks, vats and similar containers, capacity exceeding 300 litres, of plastics and for industrial use"	"This class also includes:\n- wholesale of measuring instruments and equipment\n- wholesale of machines for additive manufacturing (3D printers, etc.)"	"This class excludes:\n- wholesale of sewing machines household-type, see 46.43\n- wholesale of non-household-type medical equipment, see 46.46\n- wholesale of recreational boats, see 46.49\n- wholesale of bicycles, see 46.49\n- wholesale of mining, construction and civil engineering machinery, see 46.63\n- wholesale of motor vehicles (including trailers and caravans), see 46.71\n- wholesale of motor vehicle parts, see 46.72\n- wholesale of batteries and accumulators for motor vehicles, see 46.72\n- wholesale of motorcycles, see 46.73\n- wholesale of scaffolding, see 46.83\n- maintenance and repair of motor vehicles, see 95.31 \n- maintenance and repair of motorcycles, see 95.32"
"5570"	"467"	"46.7"	"Wholesale of motor vehicles, motorcycles and related parts and accessories"	"46"	"46"	"3"				"This group excludes:\n- activities of wholesalers who do not assume ownership of the goods they trade, see 46.1\n- maintenance and repair of motor vehicles, see 95.31\n- maintenance and repair of motorcycles, see 95.32"
"5580"	"4671"	"46.71"	"Wholesale of motor vehicles"	"467"	"46.7"	"4"		"This class includes:\n- wholesale of new and used motor vehicles, including electric vehicles:\n • passenger motor vehicles, including specialised passenger motor vehicles (e.g. ambulances, minibuses)\n • lorries, trailers and semi-trailers\n • camping vehicles (e.g. caravans, motorhomes)"	"This class also includes:\n- wholesale of off-road motor vehicles"	"This class excludes:\n- activities of agents involved in the wholesale of cars and light motor vehicles, see 46.18\n- wholesale of electric bicycles and their related parts and accessories, see 46.49\n- wholesale of motorised transport equipment (e.g. ships, yachts, planes, trains), see 46.64\n- wholesale of parts and accessories for motor vehicles, see 46.72\n- on-demand passenger transport service activities by vehicle with a driver, see 49.33\n- rental and leasing of cars and light motor vehicles without a driver, see 77.11\n- maintenance and repair of motor vehicles, see 95.31"
"5590"	"4672"	"46.72"	"Wholesale of motor vehicle parts and accessories"	"467"	"46.7"	"4"		"This class includes:\n- wholesale of new and used motor vehicle parts, equipment and related accessories like tyres, etc.\n- wholesale of batteries and accumulators for motor vehicles"		"This class excludes:\n- activities of agents involved in the wholesale of cars and light motor vehicles parts and accessories, see 46.18\n- wholesale of boats, planes, trains, including parts and accessories, see 46.64"
"5600"	"4673"	"46.73"	"Wholesale of motorcycles, motorcycle parts and accessories"	"467"	"46.7"	"4"		"This class includes:\n- wholesale of new and used motorcycles, including mopeds\n- wholesale of parts and accessories for motorcycles\n- wholesale of protective gear for motorcyclists"		"This class excludes:\n- activities of commission agents specialised in the wholesale of motorcycles, see 46.18\n- wholesale of bicycles, electric bicycles and their related parts and accessories, see 46.49\n- rental of motorcycles, see 77.11\n- repair and maintenance of motorcycles, see 95.32"
"5620"	"468"	"46.8"	"Other specialised wholesale"	"46"	"46"	"3"		"This group includes:\n- other specialised wholesale activities not classified in groups 46.2 to 46.7 of this division.\n- the wholesale of intermediate products, except agricultural, typically not for household use"		"This group excludes:\n- activities of wholesalers who do not assume ownership of the goods they trade, see 46.1\n- wholesale of batteries and accumulators not for motor vehicles, see 46.64\n- non-specialised wholesale trade, see 46.90"
"5630"	"4681"	"46.81"	"Wholesale of solid, liquid and gaseous fuels and related products"	"468"	"46.8"	"4"		"This class includes:\n- wholesale of fossil, low-carbon or carbon-free fuels, greases, lubricants, oils, e.g.:\n • charcoal, coal, coke, fuelwood, pellets of wood or biomass, naphtha\n • crude petroleum, crude oil, diesel fuel, gasoline, fuel oil, heating oil, kerosene, biofuels, recycled carbon fuels, synthetic fuels, in blending or pure\n • liquefied petroleum gas (LPG), liquefied natural gas (LNG), butane and propane gas and their related bio and renewable forms, in blending or pure\n • lubricating oils and greases, refined petroleum products"		"This class excludes:\n- wholesale of hydrogen, see 46.85"
"5640"	"4682"	"46.82"	"Wholesale of metals and metal ores"	"468"	"46.8"	"4"		"This class includes:\n- wholesale of ferrous and non-ferrous metal ores\n- wholesale of ferrous and non-ferrous metals in primary forms\n- wholesale of gold and other precious metals\n- wholesale of semi-finished metal products and metal ores\n- wholesale of ferrous and non-ferrous semi-finished products n.e.c."	"This class also includes:\n- wholesale of steel sheets on own account, including usual cutting operations associated with trade which do not include the production of new goods\n- wholesale of gold and other precious metals, purchased from households or enterprises and sold to retailers, to industrial, commercial, institutional or professional users, or to other wholesalers"	"This class excludes:\n- wholesale of metal scrap, see 46.87\n- gold bullion sales, see section L"
"5650"	"4683"	"46.83"	"Wholesale of wood, construction materials and sanitary equipment"	"468"	"46.8"	"4"		"This class includes:\n- wholesale of wood in the rough\n- wholesale of products of primary processing of wood\n- wholesale of pallets, other load boards of wood, and barrels\n- wholesale of raw and assembled wood flooring\n- wholesale of construction materials:\n • sand, gravel, cement, bricks, etc.\n- wholesale of scaffolding\n- wholesale of paints, varnishes and lacquers\n- wholesale of wallpaper and floor coverings (e.g. laminate, tiles, vinyl flooring)\n- wholesale of flat glass\n- wholesale of sanitary equipment:\n • baths, washbasins, toilets and other sanitary porcelain\n- wholesale of doors, windows and shutters (of any material)"	"This class also includes:\n- wholesale of used marble bricks, steps, roof tiles\n- wholesale of street furniture, i.e. benches, traffic barriers, bollards, streetlamps, traffic lights, traffic signs, bus and tram stops\n- wholesale of prefabricated buildings\n- wholesale of thermal insulation material\n- wholesale of reservoirs, tanks, vats and similar containers of plastics for construction"	
"5660"	"4684"	"46.84"	"Wholesale of hardware, plumbing and heating equipment and supplies"	"468"	"46.8"	"4"		"This class includes:\n- wholesale of ironware and similar household hardware\n- wholesale of fittings\n- wholesale of hot water heaters, radiators and boilers\n- wholesale of sanitary installation equipment:\n • tubes, pipes, fittings, taps, T pieces, connections, rubber pipes, etc.\n- wholesale of tools (e.g. hammers, saws, screwdrivers and other hand tools), including power hand tools\n- wholesale of heating, ventilation and air-conditioning equipment, for non-domestic use"		"This class excludes:\n- wholesale of heating, ventilation and air-conditioning equipment, for domestic use, see 46.43\n- wholesale of mining, construction and civil engineering machinery, see 46.63\n- wholesale of sanitary equipment, see 46.83"
"5670"	"4685"	"46.85"	"Wholesale of chemical products"	"468"	"46.8"	"4"		"This class includes:\n- wholesale of industrial chemicals (e.g. aniline, essential oils, chemical glues, methanol, paraffin, scents and flavourings, soda, industrial salt, acids and sulphurs, starch derivates, industrial gases, dyes and pigments, other organic and inorganic basic chemicals, glazes, printing inks and adhesives)\n- wholesale of explosives and pyrotechnic products\n- wholesale of fertilisers and agrochemical products\n- wholesale of hydrogen"	"This class also includes:\n- wholesale of e-liquids for electronic cigarettes"	"This class excludes:\n- sale of gaseous fuels through mains on the account of others, see 35.40"
"5680"	"4686"	"46.86"	"Wholesale of other intermediate products"	"468"	"46.8"	"4"		"This class includes:\n- wholesale of plastic materials in primary forms\n- wholesale of rubber\n- wholesale of textile fibres\n- wholesale of packaging articles\n- wholesale of raw precious stones\n- wholesale of unworked synthetic or reconstructed precious or semi-precious stones\n- wholesale of non-metallic ores\n- wholesale of paper in bulk and of paper pulp"		"This class excludes:\n- wholesale of agricultural raw products, see 46.21\n- wholesale of processed precious stones, see 46.48\n- wholesale of stationery, see 46.49"
"5690"	"4687"	"46.87"	"Wholesale of waste and scrap"	"468"	"46.8"	"4"		"This class includes:\n- wholesale of metal and non-metal waste and scrap and materials for recycling, including collecting, sorting, separating, stripping of used goods (e.g. cars in order to obtain reusable parts), packing and repacking, storage and delivery, but without a transformation process. Additionally, the purchased and sold waste has a remaining value\n- wholesale of usable goods (metal, plastics), following the dismantling of cars, computers, televisions and other equipment on own account by the unit without further transformation of the goods\n- wholesale of car wrecks"		"This class excludes:\n- collection of household and industrial waste, see 38.1\n- processing of waste and scrap and other articles into secondary raw materials when a transformation process is required (the resulting secondary raw material is fit for direct use in an industrial manufacturing process, but is not a final product), see 38.21\n- dismantling of unusable automobiles, computers, televisions, and other equipment and parts for materials recovery, see 38.21\n- ship-breaking, see 38.21\n- shredding of cars by means of a mechanical process, see 38.21\n- treatment of waste for disposal without recovery, see 38.3\n- retail sale of second-hand goods, see 47.79"
"5700"	"4689"	"46.89"	"Other specialised wholesale n.e.c."	"468"	"46.8"	"4"		"This class includes other specialised wholesale activities not classified in other classes of this division."		
"5710"	"469"	"46.9"	"Non-specialised wholesale trade"	"46"	"46"	"3"				"This group excludes:\n- activities of wholesalers who do not assume ownership of the goods they trade, see 46.1"
"5720"	"4690"	"46.90"	"Non-specialised wholesale trade"	"469"	"46.9"	"4"		"This class includes:\n- wholesale of a variety of goods without any particular specialisation"		"This class excludes:\n- activities of wholesalers who do not assume ownership of the goods they trade, see 46.1"
"5730"	"47"	"47"	"Retail trade"	"G"	"G"	"2"		"This division includes the resale (sale without transformation or after minor alterations or usual handling, for example reconditioning) of new and used physical goods to the general public for personal or household consumption or use, by shops, department stores, consumer cooperative, stalls, mail order houses, the internet, door-to-door salespersons, hawkers, vending machines, and so on.\n\nThis division includes the retail sale of new and used motor vehicles and motorcycles, including electric vehicles.\n\nThe classification of retail sale activities is done based on traded goods and not according to the way of selling (in-store, online, via stalls and markets, and so on). Retail sale activities are divided into specialised retail sale activities (groups 47.2 to 47.8) and non-specialised retail sale activities (group 47.1).\n\nRetail sale includes the retail sale of second-hand goods (class 47.79). The above groups are further subdivided by the range of products sold.\n\nActivities of intermediation in retail sale, which facilitate transactions between buyers and sellers for the ordering and/or delivering of goods for a fee or commission, without taking ownership of the goods, are classified in group 47.9. All other retail sale activities, even if the retailer is acting on behalf of a third party, are classified in groups 47.1 to 47.8.\n\nThe goods sold in this division are limited to goods usually referred to as consumer goods or retail goods. Therefore, goods not normally entering retail sale (for example, cereal grains, ores, industrial machinery) are excluded. Downloads (for example, books, videos) are also excluded.\n\nThe rules for defining specialised and non-specialised retail sale activities are described in paragraphs xx–xx of the introductory guidelines."	"This division also includes the retail sale of goods sold primarily to the general public from displayed merchandise (for example, personal computers, stationery, paint or timber), although these products may not be for personal or household use. Handling that is customary in trade does not affect the basic character of the merchandise and may include, for example, sorting, separating, mixing and packaging, delivery and installation of goods as well as sales promotion for their customers, if supplied by the same trader.\n\nThis division also includes:\n- retail sale of automotive fuel and lubricating or cooling products\n- activities of retail auctioneering houses for both new and used third-party goods, including internet retail auctions\n- activities of units providing intermediation service activities for specialised or non-specialised retail sale (marketplaces) that facilitate transactions between buyers and sellers for the ordering and/or delivering of physical goods for a fee or commission, without taking ownership of the goods that are intermediated. These activities can be carried out on digital platforms or through non-digital channels (see group 47.9)\n- vending machines selling goods other than food and drinks\n- vending machines selling food and drinks prepared by the machine itself"	"This division excludes:\n- sale of farmers’ products by farmers, see division 01\n- manufacture and sale of goods, which is generally classified as manufacturing in divisions 10 to 32\n- trade in cereal grains, ores, crude petroleum, industrial chemicals, iron and steel, and industrial machinery and equipment, see division 46\n- sale of food and drinks for consumption on the premises and sale of takeaway food, see division 56\n- the commerce of digital goods, streaming and downloading of contents on digital platforms (e.g. e-books, audio) are included in section J\n- rental and leasing of motor vehicles or motorcycles, see 77.1\n- rental and leasing of personal and household goods to the general public, see 77.2"
"5740"	"471"	"47.1"	"Non-specialised retail sale"	"47"	"47"	"3"		"This group includes the retail sale of a variety of product lines in the same unit (non-specialised sale, for example, supermarkets, hypermarkets, department stores)."		"This group excludes:\n- specialised retail sale, see 47.2 to 47.8\n- intermediation services for specialised and non-specialised retail sale, see 47.9"
"5750"	"4711"	"47.11"	"Non-specialised retail sale of predominately food, beverages or tobacco"	"471"	"47.1"	"4"		"This class includes:\n- retail sale of a large variety of goods (e.g. wearing apparel, furniture, appliances, hardware, cosmetics) among which, however, food products, beverages or tobacco should be predominant"		"This class excludes:\n- retail sale of fuel, in combination with food, beverages, products for the maintenance of vehicles, car washing services, etc. where the sale of fuel is predominant, see 47.30"
"5760"	"4712"	"47.12"	"Other non-specialised retail sale"	"471"	"47.1"	"4"		"This class includes:\n- retail sale of a large variety of goods (e.g. wearing apparel, furniture, appliances, hardware, cosmetics, jewellery, toys, sports goods) of which food products, beverages or tobacco are not predominant"		"This class excludes:\n- non-specialised retail sale of second-hand goods, see 47.79"
"5770"	"472"	"47.2"	"Retail sale of food, beverages and tobacco"	"47"	"47"	"3"				"This group excludes food and beverage processing and manufacturing activities, see divisions 10 and 11."
"5780"	"4721"	"47.21"	"Retail sale of fruit and vegetables"	"472"	"47.2"	"4"		"This class includes:\n- retail sale of fresh fruits and vegetables, including cut fresh fruits and vegetables\n- retail sale of dried and preserved fruits and vegetables"		"This class excludes:\n- retail sale of fruit and vegetable juices, see 47.25"
"5790"	"4722"	"47.22"	"Retail sale of meat and meat products"	"472"	"47.2"	"4"		"This class includes:\n- retail sale of meat and meat products, including poultry and game\n- retail sale of tripe, delicatessen (charcuterie), salted meat"	"This class also includes:\n- retail sale of snails"	
"5800"	"4723"	"47.23"	"Retail sale of fish, crustaceans and molluscs"	"472"	"47.2"	"4"		"This class includes:\n- retail sale of fish, seafood, seafood products and preparations thereof"	"This class also includes:\n- retail sale of algae and seaweed"	
"5810"	"4724"	"47.24"	"Retail sale of bread, cake and confectionery"	"472"	"47.2"	"4"			"This class also includes:\n- retail sale of bread and rolls baked on the premises from pre-baked products\n- retail sale by automatic machines of ready-to-eat bread prepared by the machine itself"	"This class excludes:\n- manufacture of bread, fresh pastry goods and cakes, see 10.71"
"5820"	"4725"	"47.25"	"Retail sale of beverages"	"472"	"47.2"	"4"		"This class includes:\n- retail sale of alcoholic and non-alcoholic beverages, not for consumption or manufactured on the premises"	"This class also includes:\n- retail sale of fruit and vegetable juices"	"This class excludes:\n- sale of beverages for consumption on the premises, see 56.30"
"5830"	"4726"	"47.26"	"Retail sale of tobacco products"	"472"	"47.2"	"4"		"This class includes:\n- retail sale of tobacco in any form (e.g. cigarettes, cigars, pipe tobacco, chewing tobacco)\n- retail sale of tobacco and smoking products and accessories, including lighters, pipes, cigarette rolling equipment, etc."	"This class also includes:\n- retail sale of electronic cigarettes (vapes) and e-liquids used in vaping devices"	
"5840"	"4727"	"47.27"	"Retail sale of other food"	"472"	"47.2"	"4"		"This class includes the retail sale of food products not elsewhere classified. The retail sale of organically labelled foods, regional foods, and so on, is included in classes 47.21 to 47.27, depending on the product sold.\n\nThis class includes:\n- retail sale of dairy products, including milk and cheese preparations, and eggs\n- retail sale of coffee, tea, oils, flour, sugar, pasta, etc.\n- retail sale of other food products n.e.c."	"This class also includes:\n- retail sale of ready-made meals, except for immediate consumption on the spot\n- retail sale of food supplements for human consumption (e.g. dietary supplements, diet products)"	"This class excludes:\n- retail sale of ready-made meals for immediate consumption on the spot, see 56.1"
"5850"	"473"	"47.3"	"Retail sale of automotive fuel"	"47"	"47"	"3"				
"5860"	"4730"	"47.30"	"Retail sale of automotive fuel"	"473"	"47.3"	"4"		"This class includes:\n- retail sale of fuels, whether fossil or carbon-free fuels, for motor vehicles and motorcycles\n- operation of petrol stations"	"This class also includes:\n- retail sale of petrol in combination with electro fuels (e-fuels), if the sale of electro fuels is not predominant\n- retail sale of lubricating products and cooling products for motor vehicles\n- retail sale of hydrogen for motor vehicles and motorcycles\n- retail sale of fuel, in combination with food, beverages, products for the maintenance of vehicles, car washing services, etc. where the sale of fuel is predominant"	"This class excludes:\n- operation of charging facilities for electric vehicles, e.g. electric cars, motorcycles, scooters, bicycles, see 35.15\n- wholesale of fuels, see 46.81\n- retail sale of liquefied petroleum gas (LPG) for cooking or heating, see 47.78\n- retail sale of motor vehicle parts and accessories, see 47.82\n- retail sale of motorcycles and motorcycle parts and accessories, see 47.83"
"5870"	"474"	"47.4"	"Retail sale of information and communication equipment"	"47"	"47"	"3"				"This group excludes:\n- streaming and downloading of contents on digital platforms, see section J"
"5880"	"4740"	"47.40"	"Retail sale of information and communication equipment"	"474"	"47.4"	"4"		"This class includes the retail sale of information and communication technology (ICT) equipment.\n\nThis class includes:\n- retail sale of computers\n- retail sale of computer peripheral equipment (e.g. printers, photocopiers, interactive whiteboards, videoconferencing equipment)\n- retail sale of video game consoles\n- retail sale of non-customised software, including video games, provided on physical media, with a right to perpetual use\n- retail sale of audio and video equipment\n- retail sale of radio and television equipment\n- retail sale of recordable media\n- retail sale of recording media players and recorders\n- retail sale of smart telephones, mobile telephones, telephones and their accessories (e.g. chargers, hands-free kits, protective film and cases)"	"This class also includes:\n- refilling of ink and toner cartridges by retail sellers"	"This class excludes:\n- retail sale of photographic, optical and precision equipment (e.g. digital cameras), see 47.78\n- second-hand retail sale of information and communication equipment, see 47.79\n- distribution of e-books and audiobooks via streaming and downloading by book publishers, see 58.11\n- distribution via streaming and downloading by video game publishers, see 58.21\n- distribution via streaming and downloading by video/film publishers, see 59.13\n- distribution via streaming and downloading by audio publishers, see 59.20"
"5890"	"475"	"47.5"	"Retail sale of other household equipment"	"47"	"47"	"3"		"This group includes the specialised retail sale of household equipment (for example, textiles, hardware, carpets, electrical appliances, furniture)."		"This group excludes:\n- retail sale of audio and video equipment, see 47.40\n- retail sale of second-hand household equipment, see 47.79"
"5900"	"4751"	"47.51"	"Retail sale of textiles"	"475"	"47.5"	"4"		"This class includes:\n- retail sale of fabrics\n- retail sale of knitting yarn\n- retail sale of basic materials for rug, tapestry or embroidery making\n- retail sale of textiles\n- retail sale of haberdashery: needles, sewing thread, etc.\n- retail sale of tarpaulins"	"This class also includes:\n- retail sale of bed linen"	"This class excludes:\n- retail sale of curtains and net curtains, see 47.53\n- retail sale of parasols, see 47.55\n- retail sale of clothing, see 47.71"
"5910"	"4752"	"47.52"	"Retail sale of hardware, building materials, paints and glass"	"475"	"47.5"	"4"		"This class includes:\n- retail sale of hardware\n- retail sale of paints, varnishes and lacquers\n- retail sale of solvents, white spirit and similar products\n- retail sale of flat glass\n- retail sale of other building material (e.g. bricks, tiles, breeze blocks, wood, floorboards, insulation material)\n- retail sale of sanitary and heating equipment\n- retail sale of do-it-yourself material, electrical and plumbing material and equipment\n- retail sale of tools (e.g. hammers, saws, screwdrivers and other hand tools, including power hand tools)\n- retail sale of renewable energy materials (e.g. non-electric solar collectors and photovoltaic panels, without installation)\n- retail sale of electrical or electronic fire alarms, fire extinguishers, emergency blocks, smoke extraction systems, safes and vaults, without installation or maintenance services\n- retail sale of doors, windows and shutters (of any material)"	"This class also includes:\n- retail sale of garden and landscaping equipment (e.g. lawnmowers)\n- retail sale of saunas, swimming pools and spas, including in kits, etc., without installation"	"This class excludes:\n- installation of photovoltaic panels not connected to a building, see 42.22\n- installation of photovoltaic panels connected to a building, see 43.21\n- retail sale of wall or floor coverings (e.g. wallpaper, tiles, laminates, vinyl flooring), see 47.53\n- retail sale of carpets and rugs, see 47.53"
"5920"	"4753"	"47.53"	"Retail sale of carpets, rugs, wall and floor coverings"	"475"	"47.5"	"4"		"This class includes:\n- retail sale of carpets and rugs\n- retail sale of curtains and net curtains\n- retail sale of wall or floor coverings (e.g. wallpaper, tiles, laminates and vinyl flooring)"		
"5930"	"4754"	"47.54"	"Retail sale of electrical household appliances"	"475"	"47.5"	"4"		"This class includes the retail sale of electrical household appliances."		"This class excludes:\n- retail sale of audio and video equipment, see 47.40\n- retail sale of lawnmowers, see 47.52\n- retail sale of power hand tools, see 47.52"
"5940"	"4755"	"47.55"	"Retail sale of furniture, lighting equipment, tableware and other household goods"	"475"	"47.5"	"4"		"This class includes:\n- retail sale of furniture, including mattresses and box springs\n- retail sale of articles for lighting\n- retail sale of household utensils, cutlery, crockery, glassware, tableware, china and pottery\n- retail sale of wooden, cork and wickerwork goods\n- retail sale of non-electrical household appliances\n- retail sale of solar-powered household appliances\n- retail sale of parasols\n- retail sale of household articles and equipment n.e.c."	"This class also includes:\n- retail sale of baby equipment (e.g. baby carriages, pushchairs, baby walkers, baby carriers, baby car seats)\n- retail sale of sails, except of boat sails"	"This class excludes:\n- installation of electrical systems (e.g. security alarm systems and fire alarms), see 43.21\n- retail sale of electrical or electronic fire alarms, security systems, safes, see 47.52\n- retail sale of photovoltaic panels without installation, see 47.52\n- retail sale of cork floor tiles, see 47.53\n- retail sale of curtains and net curtains, see 47.53\n- retail sale of musical instruments and scores, see 47.69\n- retail sale of antiques, see 47.79\n- retail sale of second-hand furniture, see 47.79"
"5950"	"476"	"47.6"	"Retail sale of cultural and recreational goods"	"47"	"47"	"3"		"This group includes the specialised retail sale of cultural and recreation goods (for example, books, newspapers, audio and video recordings on physical media, sports equipment, games and toys)."		
"5960"	"4761"	"47.61"	"Retail sale of books"	"476"	"47.6"	"4"		"This class includes:\n- retail sale of books, including audiobooks on physical media"		"This class excludes:\n- retail sale of recorded media except audiobooks on physical media, see 47.69\n- retail sale of antique books, see 47.79\n- retail sale of second-hand books, see 47.79\n- distributing e-books and audiobooks via streaming and downloading by book publishers, see 58.11"
"5970"	"4762"	"47.62"	"Retail sale of newspapers, and other periodical publications and stationery"	"476"	"47.6"	"4"		"This class includes:\n- retail sale of newspapers, periodicals and journals"	"This class also includes:\n- retail sale of stationery, office and school supplies (e.g. pens, pencils, paper)"	"This class excludes:\n- retail sale of art tools and materials for drawing, painting and sculpting, see 47.69\n- distribution of newspapers via streaming or downloading by their publishers, see 58.12\n- distribution of periodicals and journals via streaming or downloading by their publishers, see 58.13"
"5980"	"4763"	"47.63"	"Retail sale of sporting equipment"	"476"	"47.6"	"4"		"This class includes:\n- retail sale of sports goods, including fishing gear, weapons and ammunition, camping goods, etc.\n- retail sale of boats\n- retail sale of bicycles, including electric bicycles, monowheels, hoverboards, kickscooters, etc.\n- retail sale of special footwear for sports (e.g. football shoes, ice skates, ski boots)\n- retail sale of special sports equipment clothes for skiing, martial arts, ballet, etc.\n- retail sale of parachutes, tents, sleeping bags, etc."		"This class excludes:\n- retail sale of non-specialised sports footwear (e.g. tennis shoes, basketball shoes, gym shoes, training shoes), see 47.72"
"5990"	"4764"	"47.64"	"Retail sale of games and toys"	"476"	"47.6"	"4"		"This class includes:\n- retail sale of games and toys, made of all materials\n- retail sale of party supplies (e.g. masks, party favour (cotillons, jokes, etc.), magic items)"	"This class also includes:\n- retail sale of toy drones"	"This class excludes:\n- retail sale of video consoles and video games on physical media, see 47.40\n- retail sale of disguises, see 47.71\n- second-hand retail sale of games and toys, see 47.79\n- edition/publishing of games, board games, see 58.19\n- distribution of video games via streaming and downloading by their publishers, see 58.21\n- distribution of audio via streaming and downloading by their publishers, see 59.20\n- content distribution (sharing) platforms for video games, see 60.39"
"6000"	"4769"	"47.69"	"Retail sale of cultural and recreational goods n.e.c."	"476"	"47.6"	"4"		"This class includes the retail sale of cultural and recreational goods not elsewhere classified:\n- retail sale of recorded media\n- retail sale of musical instruments, scores and related accessories (e.g. strings, music stands, metronomes)\n- retail sale of philately, numismatics and collectors’ items (e.g. stamps and coins)\n- activities of commercial art galleries"	"This class also includes:\n- retail sale of art supplies, including beads, clay, canvasses, oil paints and watercolours, etc."	"This class excludes:\n- retail sale of video games on physical media, see 47.40\n- retail sale of souvenirs, craftwork and religious articles, see 47.78\n- retail sale of antiques, second-hand and antique books, second-hand musical instruments and second-hand recorded media, see 47.79\n- distribution of audio via streaming and downloading by their publishers, see 59.20\n- audio streaming and download distribution service activities not associated with publishing, see 60.10"
"6010"	"477"	"47.7"	"Retail sale of other goods, except motor vehicles and motorcycles"	"47"	"47"	"3"		"This group includes the specialised retail sale of various goods not elsewhere classified (for example, clothing, footwear and leather articles, pharmaceutical and medical goods, watches, souvenirs, cleaning products, toiletries, flowers, pets)."	"This group also includes:\n- retail sale of second-hand goods"	
"6020"	"4771"	"47.71"	"Retail sale of clothing"	"477"	"47.7"	"4"		"This class includes:\n- retail sale of articles of clothing, including underwear\n- retail sale of fur articles\n- retail sale of clothing accessories, (e.g. gloves, ties, braces)"	"This class also includes:\n- retail sale of work clothes, uniforms, disguises, carnival costumes, etc."	"This class excludes:\n- retail sale of textiles, see 47.51\n- retail sale of special sports equipment clothes for skiing, martial arts, ballet, etc., see 47.63\n- retail sale of protective gear for cyclists, see 47.63\n- retail sale of second-hand clothing, see 47.79\n- retail sale of protective gear for motorcyclists, see 47.83"
"6030"	"4772"	"47.72"	"Retail sale of footwear and leather goods"	"477"	"47.7"	"4"		"This class includes:\n- retail sale of footwear\n- retail sale of leather goods\n- retail sale of travel accessories of leather and leather substitutes"		"This class excludes:\n- retail sale of special footwear for sports (e.g. football shoes, ice skates, ski boots), see 47.63\n- retail sale of leather clothing, see 47.71\n- retail sale of orthopaedic footwear, see 47.74"
"6040"	"4773"	"47.73"	"Retail sale of pharmaceutical products"	"477"	"47.7"	"4"		"This class includes:\n- retail sale of pharmaceuticals\n- retail sale of veterinary medicines"	"This class also includes:\n- retail sale of homeopathic products and medicines without prescription\n- retail sale of herbal medicinal products and herbal remedies"	
"6050"	"4774"	"47.74"	"Retail sale of medical and orthopaedic goods"	"477"	"47.7"	"4"		"This class includes:\n- retail sale of corrective glasses, lenses and sunglasses\n- retail sale of hearing aids\n- retail sale of orthopaedic footwear\n- retail sale of crutches and wheelchairs\n- retail sale of orthopaedic prostheses\n- retail sale of cervical collars and corsets\n- retail sale of elastocompressive products (e.g. elastic stockings, sleeves)"	"This class also includes:\n- retail sale of non-corrective sunglasses"	
"6060"	"4775"	"47.75"	"Retail sale of cosmetic and toilet articles"	"477"	"47.7"	"4"		"This class includes:\n- retail sale of perfumes, cosmetics, toiletries, personal care products, etc."		"This class excludes:\n- retail sale of toiletries, hygiene products, etc. for pets, see 47.76"
"6070"	"4776"	"47.76"	"Retail sale of flowers, plants, fertilisers, pets and pet food"	"477"	"47.7"	"4"		"This class includes:\n- retail sale of flowers and plants\n- retail sale of fertilisers and plant protection products\n- retail sale of pets and articles for pets\n- retail sale of food for pets and other animals kept at home for pleasure (e.g. chickens, horses)"	"This class also includes:\n- retail sale of toiletries, hygiene products, etc. for pets"	
"6080"	"4777"	"47.77"	"Retail sale of watches and jewellery"	"477"	"47.7"	"4"			"This class also includes:\n- retail sale of silverware articles"	"This class excludes:\n- retail sale of imitation jewellery, see 47.78"
"6090"	"4778"	"47.78"	"Retail sale of other new goods"	"477"	"47.7"	"4"		"This class includes:\n- retail sale of photographic and precision equipment\n- retail sale of optical equipment, excluding spectacles and lenses (e.g. telescopes, microscopes, binoculars)\n- retail sale of household fuel oil, bottled gas, coal and fuelwood, pellets of wood or biomass\n- retail sale of packaging articles\n- retail sale of funeral and cemetery articles (e.g. urns, tombstones)\n- retail sale of imitation jewellery\n- retail sale of cleaning products (e.g. detergents, sponges)\n- retail sale of souvenirs, craftwork and religious articles\n- retail sale of non-food products n.e.c."	"This class also includes:\n- retail sale of artificial flowers and plants"	"This class excludes:\n- retail sale of fishing gear, see 47.63\n- retail sale of weapons and ammunition, see 47.63\n- retail sale of stamps and coins, see 47.69\n- retail sale of glasses and lenses, see 47.74"
"6100"	"4779"	"47.79"	"Retail sale of second-hand goods"	"477"	"47.7"	"4"		"This class includes:\n- retail sale of second-hand books\n- retail sale of antiques\n- retail sale of second-hand clothes\n- retail sale of second-hand furniture\n- retail sale of second-hand household appliances\n- retail sale of other second-hand goods"		"This class excludes:\n- retail sale of second-hand motor vehicles, motorcycles, and related parts and accessories, see 47.8\n- activities of retail auctioneering houses for both new and used third-party goods, including internet retail auctions, see 47.9\n- activities of intermediaries in the retail sale of second-hand goods, see 47.9\n- activities of space rental, including staff, for second-hand goods, see 47.91\n- activities of pawnshops, see 64.92"
"6110"	"478"	"47.8"	"Retail sale of motor vehicles, motorcycles and related parts and accessories"	"47"	"47"	"3"		"This group includes the retail sale of new and second-hand motor vehicles and motorcycles, as well as all kinds of parts, components, supplies, tools and accessories for motor vehicles and motorcycles, for example:\n • rubber tyres and inner tubes for tyres\n • spark plugs, batteries, lighting equipment, vehicle charging equipment and electrical parts"	"This group also includes:\n- retail sale of used parts and accessories after dismantling cars or other motor vehicles\n- retail sale of parts and accessories for electric motor vehicles and motorcycles"	"This group excludes:\n- activities of agents involved in the wholesale of motor vehicles, motorcycles and related parts, see 46.18\n- intermediation service activities for the retail sale of motor vehicles and motorcycles, see 47.9\n- on-demand passenger transport service activities by vehicle with a driver, see 49.33\n- rental and leasing of motor vehicles without a driver, see 77.1\n- maintenance and repair of motor vehicles and motorcycles, see 95.3"
"6120"	"4781"	"47.81"	"Retail sale of motor vehicles"	"478"	"47.8"	"4"		"This class includes:\n- retail sale of new and used motor vehicles, including electric vehicles:\n • passenger motor vehicles\n • camping vehicles (e.g. caravans, motorhomes)"	"This class also includes:\n- retail sale of off-road motor vehicles\n- retail sale of trailers for motor vehicles"	"This class excludes:\n- retail sale of bicycles and electric bicycles etc., see 47.63\n- retail sale of parts and accessories for motor vehicles, see 47.82\n- retail sale of motorcycles, motorcycle parts and accessories, see 47.83\n- activities of agents for the retail sale of motor vehicles, see 47.9\n- on-demand passenger transport service activities by vehicle with a driver, see 49.33\n- rental and leasing of motor vehicles without a driver, see 77.1\n- maintenance and repair of motor vehicles and motorcycles, see 95.3"
"6130"	"4782"	"47.82"	"Retail sale of motor vehicle parts and accessories"	"478"	"47.8"	"4"		"This class includes:\n- retail sale of new and used parts, equipment and accessories for motor vehicles"		"This class excludes:\n- retail sale of automotive fuel, see 47.30\n- retail sale of motor vehicles, see 47.81\n- maintenance and repair of motor vehicles and motorcycles, see 95.3"
"6140"	"4783"	"47.83"	"Retail sale of motorcycles, motorcycle parts and accessories"	"478"	"47.8"	"4"		"This class includes:\n- retail sale of new and used motorcycles, including mopeds\n- retail sale of new and used parts and accessories for motorcycles\n- retail sale of protective gear for motorcyclists"		"This class excludes:\n- retail sale of bicycles, electric bicycles, monowheels, hoverboards, kickscooters, and related parts and accessories, see 47.63\n- rental of motorcycles, see 77.11\n- repair and maintenance of bicycles, electric bicycles, monowheels, hoverboards, kickscooters, see 95.29\n- repair and maintenance of motorcycles, see 95.32"
"6152"	"479"	"47.9"	"Intermediation service activities for retail sale"	"47"	"47"	"3"		"This group includes intermediation service activities for specialised and non-specialised retail sale that facilitate transactions between buyers and sellers of physical goods for a fee or commission, without supplying and taking ownership of the goods that are intermediated. These intermediation activities can be carried out on digital platforms or through non-digital channels (including face-to-face, door-to-door, telephone, mail, and so on). The fee or commission can be received from either the buyers or sellers. Revenue for intermediation service activities for retail sale can include other sources of income (for example, revenues from the sale of advertising space)."	"This group also includes:\n- activities of intermediaries in the retail sale of second-hand goods\n- activities of retail auctioneering houses for both new and used third-party goods, including internet retail auctions\n- activities of agents for the retail sale of motor vehicles and motorcycles"	
"6154"	"4791"	"47.91"	"Intermediation service activities for non-specialised retail sale"	"479"	"47.9"	"4"		"This class includes intermediation service activities for non-specialised retail sale that facilitate transactions between buyers and sellers for the ordering and/or delivering of physical goods for a fee or commission, without supplying and taking ownership of the goods that are intermediated. These intermediation activities can be carried out on digital platforms or through non-digital channels (including face-to-face, door-to-door, telephone, mail, and so on). The fee or commission can be received from either the buyers or sellers. Revenue for intermediation service activities for non-specialised retail sale can include other sources of income (for example, revenues from the sale of advertising space)."	"This class also includes:\n- activities of space rental, including staff, for the retail sale of second-hand goods"	"This class excludes:\n- intermediation service activities for specialised retail sale, see 47.92"
"6156"	"4792"	"47.92"	"Intermediation service activities for specialised retail sale"	"479"	"47.9"	"4"		"This class includes intermediation service activities for specialised retail sale that facilitate transactions between buyers and sellers for the ordering and/or delivering of physical goods for a fee or commission, without supplying and taking ownership of the goods that are intermediated. These intermediation activities can be carried out on digital platforms or through non-digital channels (including face-to-face, door-to-door, telephone, mail, and so on.). The fee or commission can be received from either the buyers or sellers. Revenue for intermediation service activities for specialised retail sale can include other sources of income (for example, revenues from the sale of advertising space)."		"This class excludes:\n- retail sale of petrol in combination with electro fuels (e-fuels), if the sale of electro fuels is not predominant, see 47.30\n- intermediation service activities for non-specialised retail sale, see 47.91"
"6160"	"H"	"H"	"TRANSPORTATION AND STORAGE"			"1"		"This section includes the transport of passengers or freight, by rail, pipeline, road, water or air. It includes the transport of passengers regardless of the reasons, whether for personal, professional or recreational reasons, scheduled or not. Rental of transport equipment with a driver or operator as well as postal and courier activities are classified in this section.\n\nThe section also includes associated activities (for example, operation of terminal and parking facilities, cargo handling, warehousing and storage, such as the operation of silos, merchandise warehouses, storage tanks). Transport activities classified in divisions 49, 50, 51 and 53 often involve related activities (for example, packaging, goods handling operations, temporary crating, sampling and weighing of goods) which solely support the transport activities. These supporting activities are only to be classified in division 52 if they are performed on behalf of others."	"This section also includes:\n- intermediation services that link customers to transport service providers, except for division 79"	"This section excludes:\n- major repair, maintenance or alteration of transport equipment, except motor vehicles, see 33.1\n- construction, maintenance and repair of roads, railways, harbours, airfields, see division 42\n- rental of transport equipment without a driver or operator, see 77.1, 77.3\n- transport activities as an integral part of recreational facilities (e.g. in theme parks), see 93.2\n- maintenance and repair of motor vehicles, see 95.31\n- maintenance and repair of motorcycles, see 95.32"
"6170"	"49"	"49"	"Land transport and transport via pipelines"	"H"	"H"	"2"		"This division includes the transport of passengers and freight by road or rail. The activities include the transport of passengers, whether for personal, professional or recreational reasons. It also includes the transport of goods via road, rail or pipelines."		
"6180"	"491"	"49.1"	"Passenger rail transport"	"49"	"49"	"3"				
"6190"	"4911"	"49.11"	"Passenger heavy rail transport"	"491"	"49.1"	"4"		"This class includes:\n- rail transport of passengers using railway rolling stock on mainline networks\n- operation of sleeping cars or dining cars as an integrated operation of railway companies"	"This class also includes:\n- passenger heavy rail transport for sightseeing"	"This class excludes:\n- passenger transport by metro, tramway, subway, underground etc., see 49.12\n- passenger terminal activities, see 52.21\n- operation of railway infrastructure and related activities (e.g. switching and shunting), see 52.21\n- operation of sleeping cars or dining cars when operated by separate units, see 55.90, 56.11"
"6200"	"4912"	"49.12"	"Other passenger rail transport"	"491"	"49.1"	"4"		"This class includes:\n- passenger transport by metro, subway, underground and elevated railway, metropolitan railway and tramway\n- passenger transport by funicular railway"	"This class also includes:\n- passenger light rail transport for sightseeing"	"This class excludes:\n- passenger terminal activities, see 52.21\n- operation of railway infrastructure and related activities (e.g. switching and shunting), see 52.21"
"6210"	"492"	"49.2"	"Freight rail transport"	"49"	"49"	"3"				
"6220"	"4920"	"49.20"	"Freight rail transport"	"492"	"49.2"	"4"		"This class includes:\n- freight transport on mainline rail networks as well as short line freight railways"	"This class also includes:\n- freight transport by funicular railway\n- traction services"	"This class excludes:\n- warehousing and storage, see 52.10\n- freight terminal activities, see 52.21\n- operation of railway infrastructure and related activities (e.g. switching and shunting), see 52.21\n- cargo handling on behalf of others, see 52.24"
"6230"	"493"	"49.3"	"Other passenger land transport"	"49"	"49"	"3"		"This group includes all land-based passenger transport activities other than rail transport."		
"6240"	"4931"	"49.31"	"Scheduled passenger transport by road"	"493"	"49.3"	"4"		"This class includes:\n- scheduled urban, suburban or long-distance road transport of passengers by e.g. bus, coach, trolleybus, minibus. Such transport follows a fixed timetable, entailing the picking up and setting down of passengers normally at fixed stops"	"This class also includes:\n- operation of school buses and buses for the transport of employees\n- scheduled passenger transport by road for sightseeing"	"This class excludes:\n- passenger rail transport, see 49.1\n- passenger transport by funicular railway, see 49.12\n- non-scheduled passenger transport by road for sightseeing, in vehicles of 10 or more persons, see 49.32\n- on-demand passenger transport services in vehicles with a driver for a maximum of 9 persons (taxi, etc.), see 49.33\n- operation of aerial cableways, etc., see 49.34"
"6250"	"4932"	"49.32"	"Non-scheduled passenger transport by road"	"493"	"49.3"	"4"		"This class includes:\n- non-scheduled urban, interurban and long-distance road transport of passengers in vehicles of 10 or more persons. This may include transport by bus, coach, trolleybus or minibus."		"This class excludes:\n- passenger rail transport, see 49.1\n- operation of school buses and buses for the transport of employees, see 49.31\n- on-demand passenger transport services in vehicles with a driver for a maximum of 9 persons (taxi, etc.), see 49.33"
"6260"	"4933"	"49.33"	"On-demand passenger transport service activities by vehicle with driver"	"493"	"49.3"	"4"		"This class includes the on-demand transport of passengers in vehicles with a driver, for a maximum of 9 persons:\n- taxi services\n- private hire vehicles with a driver\n- motorcycle taxi services"		"This class excludes:\n- bicycle taxi services, see 49.39\n- passenger road transport by vehicles drawn by humans or animals, see 49.39\n- intermediation service activities for passenger transport, see 52.32\n- patient transport by ambulance, see 86.92"
"6270"	"4934"	"49.34"	"Passenger transport by cableways and ski lifts"	"493"	"49.3"	"4"		"This class includes:\n- transport by cableways, ski lifts and chairlifts, which may include the preparation of ski slopes\n- passenger transport by lifts"	"This class also includes:\n- freight transport by cableways"	"This class excludes:\n- passenger rail transport for sightseeing, see 49.1\n- passenger transport by funicular railway, see 49.12\n- non-scheduled passenger road transport in vehicles of 10 or more persons, see 49.32\n- operation of sports areas, which may include the operation of cableways, ski lifts and chairlifts, see 93.11"
"6280"	"4939"	"49.39"	"Other passenger land transport n.e.c."	"493"	"49.3"	"4"		"This class includes:\n- bicycle taxi services\n- passenger road transport by vehicles drawn by humans or animals"		"This class excludes:\n- patient transport by ambulance, see 86.92\n- transport of human remains, see 96.30"
"6290"	"494"	"49.4"	"Freight transport by road and removal services"	"49"	"49"	"3"		"This group includes all land-based freight transport activities other than rail transport."		
"6300"	"4941"	"49.41"	"Freight transport by road"	"494"	"49.4"	"4"		"This class includes:\n- all freight transport operations by road:\n • logging haulage\n • livestock haulage\n • refrigerated haulage\n • heavy haulage\n • bulk haulage, including haulage in tanker trucks, including milk collection at farms\n • haulage of automobiles\n • transport of waste and waste materials, without collection or disposal\n- road transport of freight, on behalf of postal or courier units, without carrying out any other post or courier activities\n- road transport of objects between different units (e.g. buildings, storage units, on a fee or contract basis)"	"This class also includes:\n- rental of freight vehicles with a driver\n- freight road transport by vehicles drawn by humans or animals\n- rental of concrete mixer lorries with a driver\n- delivery of furniture, can include unpacking and installation"	"This class excludes:\n- log hauling within the forest, as part of logging operations, see 02.40\n- distribution of water by trucks, see 36.00\n- waste transport as an integrated part of waste collection activities, see 38.11, 38.12\n- removal services, see 49.42\n- operation of terminal facilities for handling freight, see 52.2\n- crating and packing activities for transport, see 52.2\n- moving cargos on industrial sites, typically with transport equipment that is not suitable for use on roads open to public traffic, see 52.24\n- pickup of goods and grouping for shipping, see 52.25\n- post and courier activities, see 53.10, 53.20\n- transport by armoured car service activities, see 80.01"
"6310"	"4942"	"49.42"	"Removal services"	"494"	"49.4"	"4"		"This class includes:\n- removal (relocation) services to businesses and households by road transport"	"This class also includes:\n- leasing of removal vehicles with a driver\n- storage of furniture as part of the removal service"	
"6320"	"495"	"49.5"	"Transport via pipeline"	"49"	"49"	"3"				
"6330"	"4950"	"49.50"	"Transport via pipeline"	"495"	"49.5"	"4"		"This class includes:\n- transport of gases, liquids, water, slurry and other commodities via pipelines\n- pipeline transport of natural gas from processing plants to local distribution systems"	"This class also includes:\n- operation of pump stations for transport via pipelines"	"This class excludes:\n- distribution of gaseous fuels, steam or water to end users through local or regional network of mains, see 35.22, 35.30, 36.00\n- distribution of water by trucks, see 36.00\n- retail sale of automotive fuel, see 47.30\n- transport of liquids by trucks, see 49.41"
"6360"	"50"	"50"	"Water transport"	"H"	"H"	"2"		"This division includes the water transport of passengers or freight, whether scheduled or not, whether for professional, personal or recreational reasons. Also included are the operation of towing or pushing boats, excursion or sightseeing boats, cruise ships, ferries, water taxis, and so on. Although the location is an indicator for the separation between sea and inland water transport, the deciding factor is the type of vessel used. Transport on seagoing vessels is classified in groups 50.1 and 50.2, while transport using other vessels is classified in groups 50.3 and 50.4."		"This division excludes restaurant and bar activities aboard ships, if carried out by separate units, see 56.11, 56.30."
"6370"	"501"	"50.1"	"Sea and coastal passenger water transport"	"50"	"50"	"3"			"This group also includes:\n- transport of passengers on lakes, etc., when similar types of vessels are used as on sea or coastal waters"	
"6380"	"5010"	"50.10"	"Sea and coastal passenger water transport"	"501"	"50.1"	"4"		"This class includes:\n- transport of passengers over seas and coastal waters, whether scheduled or not:\n • operation of excursion, cruise or sightseeing boats\n • operation of ferries, water taxis, etc.\n- operation of other passenger sea or coastal transport"	"This class also includes:\n- rental of pleasure boats with crew for sea and coastal water transport (e.g. for fishing trips)\n- ferry transport of passengers with or without a vehicle"	"This class excludes:\n- restaurant and bar activities aboard ships, when provided by separate units, see 56.11, 56.30\n- rental of pleasure boats and yachts without crew, see 77.21\n- rental of commercial ships or boats without crew, see 77.34\n- operation of floating casinos, not transporting passengers, see 92.00"
"6390"	"502"	"50.2"	"Sea and coastal freight water transport"	"50"	"50"	"3"			"This group also includes:\n- transport of freight on lakes, etc., when similar types of vessels are used as on sea or coastal waters"	
"6400"	"5020"	"50.20"	"Sea and coastal freight water transport"	"502"	"50.2"	"4"		"This class includes:\n- transport of freight over sea and coastal waters\n- transport by towing or pushing of barges, oil rigs, etc."	"This class also includes:\n- rental of vessels with crew for sea and coastal freight water transport\n- ferry transport of unaccompanied vehicles"	"This class excludes:\n- ferry transport of passengers with or without a vehicle, see 50.10\n- storage of freight, see 52.10\n- harbour operations and other auxiliary activities (e.g. docking, pilotage, lighterage, vessel salvage), see 52.22\n- cargo handling, see 52.24\n- rental of commercial ships or boats without crew, see 77.34"
"6410"	"503"	"50.3"	"Inland passenger water transport"	"50"	"50"	"3"				
"6420"	"5030"	"50.30"	"Inland passenger water transport"	"503"	"50.3"	"4"		"This class includes:\n- transport of passengers via rivers, canals, lakes and other inland waterways, including inside harbours and ports"	"This class also includes:\n- rental of pleasure boats with crew for inland water transport\n- operation of sightseeing boats and excursions on inland waterways\n- inland ferry transport of passengers with or without a vehicle"	"This class excludes:\n- restaurant and bar activities aboard ships, when provided by separate units, see 56.11, 56.30\n- rental of pleasure boats and yachts without crew, see 77.21\n- operation of floating casinos, not transporting passengers, see 92.00"
"6430"	"504"	"50.4"	"Inland freight water transport"	"50"	"50"	"3"				
"6440"	"5040"	"50.40"	"Inland freight water transport"	"504"	"50.4"	"4"		"This class includes:\n- transport of freight via rivers, canals, lakes and other inland waterways, including inside harbours and ports\n- transport of freight on inland waterways, involving vessels that are not suitable for sea transport"	"This class also includes:\n- rental of vessels with crew for inland freight water transport"	"This class excludes:\n- cargo handling, see 52.24\n- rental of commercial ships or boats without crew, see 77.34"
"6470"	"51"	"51"	"Air transport"	"H"	"H"	"2"		"This division includes the transport of passengers or freight by air or via space."		"This division excludes:\n- crop spraying, see 01.61\n- repair and maintenance of civilian aircraft or aircraft engines, see 33.16\n- operation of airports, see 52.23\n- aerial advertising (skywriting), see 73.11\n- aerial photography, see 74.20\n- civil aerial surveillance, see 80.09\n- military aerial surveillance, see 84.22"
"6480"	"511"	"51.1"	"Passenger air transport"	"51"	"51"	"3"				
"6490"	"5110"	"51.10"	"Passenger air transport"	"511"	"51.1"	"4"		"This class includes:\n- scheduled air transport of passengers over regular routes\n- charter flights for passengers\n- sightseeing flights"	"This class also includes:\n- rental of air transport equipment with an operator for the purpose of passenger transport"	"This class excludes:\n- rental of air transport equipment without an operator, see 77.35\n- air ambulances, see 86.92"
"6500"	"512"	"51.2"	"Freight air transport and space transport"	"51"	"51"	"3"				
"6510"	"5121"	"51.21"	"Freight air transport"	"512"	"51.2"	"4"		"This class includes:\n- air transport of freight, whether scheduled or not"	"This class also includes:\n- rental of air transport equipment with an operator for the purpose of freight transport"	
"6520"	"5122"	"51.22"	"Space transport"	"512"	"51.2"	"4"		"This class includes:\n- launching of satellites and space vehicles\n- space transport of freight and passengers"		
"6550"	"52"	"52"	"Warehousing, storage and support activities for transportation"	"H"	"H"	"2"		"This division includes warehousing and support activities for transport, such as the operation of transport infrastructure (for example, airports, harbours, tunnels, bridges). It also includes the activities of transport agencies and cargo handling.\n\nThe activities mentioned are carried out on behalf of third parties. If the related services are provided solely to support transport activities by the same unit, they are considered as ancillary activities to transport and this unit is classified elsewhere in section H."		
"6560"	"521"	"52.1"	"Warehousing and storage"	"52"	"52"	"3"				
"6570"	"5210"	"52.10"	"Warehousing and storage"	"521"	"52.1"	"4"		"This class includes:\n- operation of storage and warehouse facilities for all kinds of goods:\n • operation of grain silos\n • general merchandise warehouses\n • refrigerated warehouses and cool stores\n • storage tanks, etc.\n- warehousing of furniture, not part of a removal service"	"This class also includes:\n- storage of goods in foreign trade zones\n- blast freezing associated with storage and warehousing\n- activities of storage of physical archives and paper files"	"This class excludes:\n- storage of electricity, see 35.16\n- storage of gaseous fuels for energy supply through a network, see 35.24\n- storage of furniture as part of a removal service, see 49.42\n- operation of parking facilities for motor vehicles, see 52.21\n- winter storage of caravans, ships and boats, and storage of aircraft, see 52.21, 52.22, 52.23\n- operation of self-storage facilities, see 68.20\n- rental of vacant space, see 68.20"
"6580"	"522"	"52.2"	"Support activities for transportation"	"52"	"52"	"3"		"This group includes activities supporting the transport of passengers or freight, including the operation of transport facilities and parts of the transport infrastructure and activities related to handling freight before, after or between transport segments."		"This group excludes:\n- intermediation service activities for freight transport, see 52.31\n- intermediation service activities for passenger transport, see 52.32"
"6581"	"5221"	"52.21"	"Service activities incidental to land transportation"	"522"	"52.2"	"4"		"This class includes:\n- activities related to the transport of passengers, animals or freight by road, rail and other means of land transport:\n • operation of terminal facilities (e.g. railway stations, bus stations, stations for the handling of goods)\n • operation of railway infrastructure and rail-related facilities, cargo terminals, technical back-up points, railway stops for fuel\n • operation of roads, bridges and tunnels, including activities of winter maintenance\n- switching and shunting\n- operation of car parks or garages, parking for bicycles, winter storage of caravans\n- towing and roadside assistance\n- truck transport cargo surveying activities\n- toll collection services"	"This class also includes:\n- liquefaction and/or regasification of natural gas for the purpose of land transport"	"This class excludes:\n- liquefaction of natural gas for transport purposes, done at the mine site, see 09.10\n- regasification of natural gas for distribution through mains, see 35.22\n- repair of roads, see division 42\n- cargo handling, see 52.24\n- moving cargos on industrial sites, typically with transport equipment that is not suitable for use on roads open to public traffic, see 52.24"
"6584"	"5222"	"52.22"	"Service activities incidental to water transportation"	"522"	"52.2"	"4"		"This class includes:\n- activities related to the water transport of passengers, animals or freight:\n • operation of terminal facilities (e.g. harbours, piers)\n • operation of waterway locks, etc.\n • navigation, pilotage, tug and berthing activities\n • bunkering and reception of port waste\n • lighterage, salvage activities\n • lighthouse activities\n • marine cargo surveying activities\n- waterway information services\n- winter storage of ships and boats"	"This class also includes:\n- ensuring safety at waterway infrastructure maintenance work\n- liquefaction and regasification of natural gas for the purpose of water transport done off the mine site"	"This class excludes:\n- dredging and waterway maintenance, see 42.91\n- cargo handling, see 52.24\n- amusement and recreation activities related to the infrastructure of marinas, see 93.29"
"6586"	"5223"	"52.23"	"Service activities incidental to air transportation"	"522"	"52.2"	"4"		"This class includes:\n- activities related to the air transport of passengers, animals or freight:\n • operation of terminal facilities (e.g. airway terminals)\n • airport and air traffic control activities\n • ground service activities on airfields, etc.\n- ensuring safety at airfield infrastructure maintenance work\n- storage of aircraft"	"This class also includes:\n- firefighting and fire-prevention services at airports"	"This class excludes:\n- cargo handling, see 52.24\n- luggage and passenger inspection at airports, not by public authorities, see 80.01\n- luggage and passenger inspection at airports, by public authorities, see 84.24\n- operation of flying schools for professional pilots, see 85.32\n- operation of flying schools not issuing certificates and permits for professionals, see 85.53"
"6590"	"5224"	"52.24"	"Cargo handling"	"522"	"52.2"	"4"		"This class includes:\n- loading and unloading of goods and luggage irrespective of the mode of transport used\n- stevedoring\n- loading and unloading of freight railway cars"	"This class also includes:\n- rental and leasing of transtainers or luffing cranes, with an operator, for cargo handling activities\n- moving cargos on industrial sites, typically with transport equipment that is not suitable for use on roads open to public traffic"	"This class excludes:\n- transport or moving of objects within an industrial plant, on a fee or contract basis, if a public road is used, see 49.41\n- operation of terminal facilities, see 52.21, 52.22, 52.23\n- intermediation service activities for freight transport, see 52.31"
"6595"	"5225"	"52.25"	"Logistics service activities"	"522"	"52.2"	"4"		"This class includes:\n- activities of distribution centres\n- pickup of goods and grouping for shipping\n- goods handling operations (e.g. temporary crating and packing goods into boxes for the purpose of warehousing or for protecting them during transport, unpacking, sampling, weighing of goods)"		"This class excludes:\n- freight forwarding, see 52.26\n- ship brokerage – includes taking care of the entry and clearance of ships, as an intermediary between shipowners and shippers or receivers of goods, see 52.31\n- courier activities, see 53.20\n- provision of motor, marine, aviation and transport insurance, see 65.12\n- management consultancy for companies’ logistics, see 70.20\n- logistics consulting activities, i.e. planning, designing and supporting operations of transport, warehousing and distribution, see 70.20"
"6610"	"5226"	"52.26"	"Other support activities for transportation"	"522"	"52.2"	"4"		"This class includes:\n- issue and procurement of transport documents and waybills\n- activities of customs agents\n- organisation of multimodal and combined transport activities by rail, road, water or air (intermodal transport) on behalf of the shipper or consignee\n- organisation and freight forwarding of group and individual consignments on behalf of the client"		"This class excludes:\n- rail, ship and aircraft freight brokerage, see 52.31\n- operation of platforms for intermediation of freight transport, see 52.31\n- brokerage for passenger seats for ship and aircraft space, see 52.32\n- courier activities, see 53.20\n- provision of motor, marine, aviation and transport insurance, see 65.12\n- management consultancy for companies’ logistics, see 70.20\n- activities of travel agencies, see 79.11\n- activities of tour operators, see 79.12\n- tourist assistance activities, see 79.90"
"6612"	"523"	"52.3"	"Intermediation service activities for transportation"	"52"	"52"	"3"		"This group includes the intermediation of freight and passenger transport."		
"6614"	"5231"	"52.31"	"Intermediation service activities for freight transportation"	"523"	"52.3"	"4"		"This class includes the intermediation of freight transport, by bringing clients and service providers together for a fee or commission, without the intermediary providing the freight transport services that are intermediated. These intermediation activities can be carried out on digital platforms or through non-digital channels (including face-to-face, door-to-door, telephone, mail, and so on). The fee or commission can be received from either the client or the provider of the freight transport service. Revenue for the intermediation activities can include other sources of income (for example, revenues from the sale of advertising space).\n\nThis class includes:\n- rail, road, ship and aircraft freight brokerage\n- operation of platforms for intermediation of freight transport services"		"This class excludes:\n- freight transport, see divisions 49, 50 and 51\n- brokerage of passenger seats in ships and aircraft space, see 52.32"
"6616"	"5232"	"52.32"	"Intermediation service activities for passenger transportation"	"523"	"52.3"	"4"		"This class includes the intermediation of passenger transport, by bringing clients and service providers together for a fee or commission, without the intermediary providing the passenger transport services that are intermediated. These intermediation activities can be carried out on digital platforms or through non-digital channels (including face-to-face, door-to-door, telephone, mail, and so on). The fee or commission can be received from either the client or the provider of the passenger transport service. Revenue for the intermediation activities can include other sources of income (for example, revenues from the sale of advertising space).\n\nThis class includes:\n- operation of online ride-sharing platforms that allow passengers to book a ride\n- provision of intermediation services for the purchase of land, water or air transport for passengers\n- brokerage of passenger seats in ships and aircraft space"	"This class also includes:\n- intermediation of transport by radio taxi services, without providing transport\n- fee-based reservation services for passenger transport"	"This class excludes:\n- taxi operation and other passenger road transport, see 49.3\n- rail, ship and aircraft freight brokerage, see 52.31\n- operation of online platforms for the rental of vehicles (cars, motorcycles, etc.) without a driver, see 77.51\n- units that provide reservation services alongside additional travel advice or expertise, see 79.11\n- combined activities of accommodation, travel and food, i.e. travel agencies and tour operators, see 79.11, 79.12"
"6620"	"53"	"53"	"Postal and courier activities"	"H"	"H"	"2"				
"6630"	"531"	"53.1"	"Postal activities under universal service obligation"	"53"	"53"	"3"				
"6640"	"5310"	"53.10"	"Postal activities under universal service obligation"	"531"	"53.1"	"4"		"This class includes the activities of postal services operating under a universal service obligation by one or more designated universal service providers. The activities include use of the universal service infrastructure, including retail sale locations, sorting and processing facilities, and carrier routes to pick up and deliver mail. The delivery can include letter post, in other words, letters, postcards, printed papers (newspapers, periodicals, advertising items, and so on), small packets, goods or documents. Also included are other services necessary to support the universal service obligation.\n\nThis class includes:\n- pickup, sorting, transport and delivery (domestic (national) or international) of letter post and (mail-type) parcels and packages by postal services operating under a universal service obligation. One or more modes of transport may be involved and the activity may be carried out with either self-owned (private) transport or via public transport.\n- collection of letter-mail and parcels from public letter boxes or from post offices"		"This class excludes:\n- postal giro, postal savings activities and money order activities, see 64.19"
"6650"	"532"	"53.2"	"Other postal and courier activities"	"53"	"53"	"3"				
"6660"	"5320"	"53.20"	"Other postal and courier activities"	"532"	"53.2"	"4"		"This class includes:\n- pickup, sorting, transport and delivery (domestic (national) or international) of letter post and (mail-type) parcels and packages by businesses operating outside the scope of a universal service obligation. One or more modes of transport may be involved and the activity may be carried out with either self-owned (private) transport or via public transport."	"This class also includes:\n- home delivery services, including food"	"This class excludes:\n- transport of freight, see (according to mode of transport) 49.20, 49.41, 50.20, 50.40, 51.21, 51.22\n- delivery of furniture, can include unpacking or installation, see 49.41\n- home delivery of prepared meals, if performed by the same unit which prepares the meals, see division 56"
"6662"	"533"	"53.3"	"Intermediation service activities for postal and courier activities"	"53"	"53"	"3"				
"6664"	"5330"	"53.30"	"Intermediation service activities for postal and courier activities"	"533"	"53.3"	"4"		"This class includes the intermediation of postal and courier activities, by bringing clients and service providers together for a fee or commission, without the intermediary providing the postal and courier services that are intermediated. These intermediation activities can be carried out on digital platforms or through non-digital channels (including face-to-face, door-to-door, telephone, mail, and so on). The fee or commission can be received from either the client or the provider of the postal and courier service. Revenue for the intermediation activities can include other sources of income (for example, revenues from the sale of advertising space).\n\nThis class includes:\n- any intermediation service undertaken by third parties to postal service providers and offered to business and domestic (household) clients\n- operation of online platforms to allow people to book a food delivery"		"This class excludes:\n- food delivery services, see 53.20\n- operation of online platforms for home delivery of prepared meals, if the delivery is carried out by the same unit which prepares the meals, see 56.40\n- monetary intermediation services (e.g. payment of fees through the post office), see 64.19"
"6670"	"I"	"I"	"ACCOMMODATION AND FOOD SERVICE ACTIVITIES"			"1"		"This section includes the provision of short-term (less than one year) accommodation for visitors and other travellers, temporary accommodation in single or shared rooms or dormitories for students, seasonal workers and other individuals, as well as the provision of meals and drinks fit for immediate consumption. The amount and type of supplementary services provided within this section can vary widely."		"This section excludes:\n- the resale of food or drinks through wholesale or retail sale activities, see section G (the preparation of these foods and drinks is classified in manufacturing, see section C)\n- the provision of long-term (one year or more) accommodation as primary residences, see section M"
"6680"	"55"	"55"	"Accommodation"	"I"	"I"	"2"		"This division includes the provision of short-term accommodation for visitors and other travellers. The accommodation may include meals, recreational facilities and other services."	"Also included is the provision of short-term accommodation (for example, for students, workers)."	"This division excludes activities related to the provision of residences in facilities (for example, flats or apartments), typically leased on annual basis, see division 68."
"6690"	"551"	"55.1"	"Hotels and similar accommodation"	"55"	"55"	"3"				
"6700"	"5510"	"55.10"	"Hotels and similar accommodation"	"551"	"55.1"	"4"		"This class includes the provision of accommodation, typically on a daily or weekly basis, for short-term stays. It also includes the provision of furnished accommodation in hotels rooms and suites. Services provided include daily cleaning and bed-making. A range of additional services may be provided (for example, food and beverage services, laundry services, recreational facilities as well as conference and convention facilities). These activities are generally characterised by the provision of on-the-spot customer service.\n\nThis class includes accommodation provided by, for example:\n- hotels\n- resort hotels\n- suite/apartment hotels"		"This class excludes:\n- accommodation without daily cleaning, bed-making and on-the-spot customer service, see 55.20\n- intermediation service activities for accommodation, see 55.40"
"6710"	"552"	"55.2"	"Holiday and other short-stay accommodation"	"55"	"55"	"3"				
"6720"	"5520"	"55.20"	"Holiday and other short-stay accommodation"	"552"	"55.2"	"4"		"This class includes the provision of short-term accommodation, typically on a daily or weekly basis, in self-contained furnished rooms or areas for living/dining and sleeping. Typically, no on-the-spot customer service and minimal complementary services, if any, are provided.\n\nThis class includes accommodation in, for example:\n- holiday homes and apartments\n- visitor flats and bungalows\n- cottages and cabins without housekeeping services\n- hostels\n- bed and breakfast units\n- guest rooms provided by private households\n- mountain huts and lodges"		"This class excludes:\n- accommodation with daily cleaning, bed-making and on-the-spot customer service, see 55.10\n- intermediation service activities for accommodation, see 55.40"
"6730"	"553"	"55.3"	"Camping grounds and recreational vehicle parks"	"55"	"55"	"3"				
"6740"	"5530"	"55.30"	"Camping grounds and recreational vehicle parks"	"553"	"55.3"	"4"		"This class includes:\n- provision of short-term accommodation in camping grounds (e.g. recreational camps, fishing and hunting camps)\n- provision of space and facilities for recreational vehicles"	"This class also includes:\n- glamping accommodation\n- accommodation provided by protective shelters or plain bivouac facilities"	"This class excludes:\n- intermediation service activities for accommodation, see 55.40"
"6741"	"554"	"55.4"	"Intermediation service activities for accommodation"	"55"	"55"	"3"				
"6742"	"5540"	"55.40"	"Intermediation service activities for accommodation"	"554"	"55.4"	"4"		"This class includes the intermediation of all types of accommodation by bringing clients and service providers together for a fee or commission. These intermediation activities can be carried out on digital platforms or through non-digital channels (phone, post, and so on). The fee or commission can be received from either the client or the provider of the accommodation. Revenue for the intermediation activities can include other sources of income (for example, revenues from the sale of advertising space)."	"This class also includes:\n- timeshare exchange services\n- reservation services for accommodation"	"This class excludes:\n- units that provide reservation services alongside additional accommodation advice or expertise, see 79.11\n- intermediation or sale of a combination of accommodation, travel and food, i.e. travel agencies and tour operators, see 79.11, 79.12"
"6750"	"559"	"55.9"	"Other accommodation"	"55"	"55"	"3"				
"6755"	"5590"	"55.90"	"Other accommodation"	"559"	"55.9"	"4"		"This class includes the provision of temporary accommodation in homes, flats or apartments, as well as single or shared rooms or dormitories for students, seasonal workers and other individuals.\n\nThis class includes accommodation in:\n- homes and furnished or unfurnished flats or apartments, for a period shorter than a year\n- dormitories for workers\n- boarding houses\n- student accommodation provided for less than one year at a time\n- railway sleeping cars when not operated by railway companies"		"This class excludes:\n- operation of railway sleeping cars as an integrated operation of railway companies, see 49.11\n- operation of cruise ships, see 50.10, 50.30\n- intermediaries for accommodation, see 55.40\n- all forms of accommodation for a period of one year or longer, see 68.20\n- intermediation or sale of a combination of accommodation, travel and food, i.e. travel agencies and tour operators, see 79.11, 79.12"
"6770"	"56"	"56"	"Food and beverage service activities"	"I"	"I"	"2"		"This division includes food and beverage serving activities providing meals or drinks fit for immediate consumption, whether in traditional restaurants, self-service or takeaway restaurants, whether permanent or temporary, with or without seating. The fact that meals fit for immediate consumption are offered is decisive, not the kind of facility providing them."		"This division excludes:\n- the production of meals not fit for immediate consumption or not planned to be consumed immediately, or of prepared food which is not considered to be a meal, see divisions 10 and 11\n- the sale of not self-manufactured food that is not considered to be a meal, or of meals that are not fit for immediate consumption, see section G\n- coffee dispenser and vending machines selling food and drinks prepared by the machine itself, see division 47"
"6780"	"561"	"56.1"	"Restaurants and mobile food service activities"	"56"	"56"	"3"		"This group includes:\n- restaurant and mobile food service activities for a general public, on a regular basis"		
"6790"	"5611"	"56.11"	"Restaurant activities"	"561"	"56.1"	"4"		"This class includes the provision of predominantly food services to customers (for example, in traditional restaurants, self-service or takeaway restaurants), with or without seating, in permanent or temporary facilities.\n\nThis class includes activities of:\n- restaurants\n- cafeterias\n- fast-food restaurants\n- take-out eating places"	"This class also includes:\n- operation of restaurants on transport equipment and within transport facilities, if operated by separate units not part of the transport provider\n- operation of restaurants in a hotel, if operated by separate units not part of the hotel\n- operation of takeaway restaurants in a supermarket, if operated by separate units not part of the supermarket"	"This class excludes:\n- retail sale of food through vending machines, see 47.2\n- operation of railway dining cars as an integrated operation of railway companies, see 49.11\n- mobile food service activities, see 56.12\n- event catering activities, see 56.21\n- concession operation of eating facilities, see 56.22\n- activities of food service contractors (e.g. for transport companies), see 56.22 \n- activities of tea rooms, see 56.30"
"6800"	"5612"	"56.12"	"Mobile food service activities"	"561"	"56.1"	"4"		"This class includes the preparation and serving of predominantly food for immediate consumption from movable carts or portable stalls.\n\nThis class includes activities of mobile food operators, including:\n- hot food trucks\n- food vendors\n- ice cream vendors\n- food preparation in market stalls\n- snack vendors\n- frozen yogurt vendors\n- pancake vendors"		"This class excludes:\n- retail sale of food through vending machines, see 47.2\n- food delivery by independent units, see 53.20\n- preparation and serving of food from movable and temporary carts or portable stalls based on contractual arrangements with the customer, for a specific event, see 56.21\n- concession operation of eating facilities, see 56.22\n- mobile beverage serving activities, see 56.30"
"6810"	"562"	"56.2"	"Event catering, contract catering service activities and other food service activities"	"56"	"56"	"3"		"This group includes catering activities for individual events or for a specified period of time and the operation of food concessions (for example, at sports or similar facilities). The services are provided on a contract basis and offered to a limited clientele."		
"6820"	"5621"	"56.21"	"Event catering activities"	"562"	"56.2"	"4"		"This class includes the provision of food and supply, based on contractual agreements, at the location specified by the customer, for a specific event."		"This class excludes:\n- manufacture of perishable food items, see 10.89\n- retail sale of perishable food items, see 47.2"
"6830"	"5622"	"56.22"	"Contract catering service activities and other food service activities"	"562"	"56.2"	"4"		"This class includes industrial catering, in other words, food preparation and supply based on contractual arrangements with the customer, for a fixed term. Further included is the operation of food concessions (for example, at sports and similar facilities). The food can be prepared directly on the premises of the client organisation or in a central unit.\n\nThis class includes:\n- activities of food service contractors (e.g. for transport companies)\n- operation of canteens or cafeterias (e.g. for factories, offices, hospitals or schools), on a concession basis"		"This class excludes:\n- manufacture of perishable food items, see 10.89\n- retail sale of perishable food items, see 47.2"
"6840"	"563"	"56.3"	"Beverage serving activities"	"56"	"56"	"3"				
"6850"	"5630"	"56.30"	"Beverage serving activities"	"563"	"56.3"	"4"		"This class predominantly includes serving beverages for immediate consumption on the premises. The activities can include the provision of, for example live music and dance activities.\n\nThis class includes activities of:\n- bars\n- cocktail lounges\n- pubs\n- coffee houses\n- tea rooms\n- fruit juice bars\n- mobile beverage serving"	"This class also includes:\n- bar activities aboard a means of transport (e.g. a train or ship), when carried out by separate units"	"This class excludes:\n- reselling packaged/prepared beverages, see division 47\n- retail sale of beverages through vending machines, see 47.2\n- provision of beverage preparation and supply based on contractual arrangements with the customer, for a fixed term, see 56.22\n- operation of concert halls and music venues, see 90.31\n- operation of dance floors where beverage serving is not the main activity, see 93.29"
"6851"	"564"	"56.4"	"Intermediation service activities for food and beverage services activities"	"56"	"56"	"3"				
"6852"	"5640"	"56.40"	"Intermediation service activities for food and beverage services activities"	"564"	"56.4"	"4"		"This class includes the intermediation of food and beverage services by bringing clients and service providers together for a fee or commission without the intermediary providing the food and beverage services intermediated. These intermediation activities can be carried out on digital platforms or through non-digital channels (including face-to-face, door-to-door, telephone, post, and so on). The fee or commission can be received from either the client or the provider of the food and beverage service. Revenue for the intermediation activities can include other sources of income (for example, revenues from the sale of advertising space)."	"This class also includes:\n- reservation services for restaurants"	"This class excludes:\n- operation of online platforms to allow people to book a food delivery, see 53.30"
"6860"	"J"	"J"	"PUBLISHING, BROADCASTING, AND CONTENT PRODUCTION AND DISTRIBUTION ACTIVITIES"			"1"		"This section includes the production and publishing, broadcasting and other distribution of information products.\n\nThis section includes: book, newspaper, periodical and software publishing activities (division 58); the production of motion picture, video and television programme elements , sound recording and music publishing activities (division 59); radio and television broadcasting as well as television or radio programme production and distribution activities, including the operation of streaming, downloads and content distribution (sharing) platforms not associated with publishing of the content, the operation of blogs and wiki sites, social network sites and online gaming / video game sites (division 60).\n\nPublishing refers to the acquisition of copyrights to content (information products) and making this content available to the general public by engaging in (or arranging for) the reproduction and distribution of this content in various forms. Publishers may solely publish and then license rights to others to distribute their content, or they may publish and distribute content they create or own. All the feasible forms of publishing (in print, electronic, digital, analogue, or any other form) and self-publishing activities are included in this section.\n\nIndividual television programming components (for example, movies, television series) are produced by activities in division 59, while the creation of a complete programme for a television channel, from components produced in division 59 or other components (for example, live news programming), is included in division 60. Division 60 also includes the broadcasting of this programme by the producer."	"This section also includes:\n- the creation and leasing of copyrights for published content"	"This section excludes:\n- wholesale and retail sale of recorded media, see section G\n- activities of providing telecommunication and related service activities, i.e. transmitting voice, data, text, sound and video, computer programming activities, computing infrastructure and hosting activities, and web search portals, see section K\n- provision of financial and insurance services using published financial and insurance technologies software, see section L\n- the management of copyrights, see 74.91\n- rental of discs, see 77.22\n- activities of independent musicians and actors (including influencers appearing in vlogs), writers and bloggers, whose content is published by a third party, and gambling sites, see section S"
"6870"	"58"	"58"	"Publishing activities"	"J"	"J"	"2"		"This division includes the publishing of books, brochures, leaflets, dictionaries, encyclopaedias, atlases, maps and charts; the publishing of newspapers, journals and periodicals; the publishing of directories and mailing lists, and other publishing (including software publishing).\n\nPublishing includes the acquisition of copyrights to content (information products) and making this content available to the general public by engaging in (or arranging for) the reproduction and distribution of this content in various forms. Publishers may license rights to others to distribute their content, or they may publish and distribute content they create or own. All the feasible forms of publishing (in print, digital, analogue, or any other form) and self-publishing activities are included in this division, except publishing of motion pictures and music.\n\nThis division covers the streaming of content (for example, software and books), by content publishers."		"This division excludes the production of motion pictures, videos and movies, the publishing of music and the production of original (sound) master recordings, see division 59. \n\nAlso excluded are obtaining rights from publishers to broadcast and distribute content (see division 60), computer programming activities (see division 62), printing (see group 18.1) and the mass reproduction of recorded media (see class 18.20)."
"6880"	"581"	"58.1"	"Publishing of books, newspapers and other publishing activities, except software publishing"	"58"	"58"	"3"		"This group includes activities of publishing books, newspapers, magazines and other periodicals, directories, compilations, mailing lists and other works (for example, catalogues, photographs, calendars, greeting cards, postcards, forms, posters, reproductions of works of art). These works are characterised by the intellectual creativity required in their development and are usually protected by copyright. All the feasible forms of publishing (in print, digital, analogue, or any other form) are included."		
"6890"	"5811"	"58.11"	"Publishing of books"	"581"	"58.1"	"4"		"This class includes:\n- publishing of books, brochures and similar publications\n- publishing of dictionaries and encyclopaedias\n- publishing of atlases, maps and charts\n- publishing of e-books and audiobooks\n- publishing of comic books and graphic novels\n\nAll the feasible forms of publishing (in print, digital, analogue, or any other form) are included."		"This class excludes:\n- production of globes, see 32.99\n- publishing of advertising material, see 58.19\n- publishing of music and sheet music books, see 59.20\n- jointly publishing and distributing podcasts, see 59.20\n- audiobook streaming activities not associated with its publishing, see 60.10\n- activities of independent authors, see 90.11"
"6900"	"5812"	"58.12"	"Publishing of newspapers"	"581"	"58.1"	"4"	"IMPLEMENTATION RULE \nNewspapers (including advertising newspapers) should be under editorial responsibility and control, appearing or being regularly updated at least four times a week, being composed mainly of literary works of a journalistic nature related to news, and having the purpose to inform the general public. If the product is published in both printed and electronic format, the frequency of publication will be assessed on the basis of the frequency of publication of the printed version."	"This class includes:\n- publishing of newspapers\n\nAll the feasible forms of publishing (in print, digital, analogue, or any other form) are included."	"This class also includes:\n- advertising newspapers"	"This class excludes:\n- production of television or video news programmes, see 59.11\n- news agency activities, see 60.31\n- activities of photojournalists, not self-publishing their own created content, see 74.20\n- activities of journalists whose content is published by a third party, see 90.11"
"6910"	"5813"	"58.13"	"Publishing of journals and periodicals"	"581"	"58.1"	"4"	"IMPLEMENTATION RULE \nThe publishing of a periodically or regularly updated collection of information should be under editorial responsibility and control, composed mainly of literary works of a journalistic nature, and having the purpose to inform the general public. Periodicals and other journals, appear less than four times a week. If the product is published in both printed and electronic format, the frequency of publication will be assessed on the basis of the frequency of publication of the printed version."	"This class includes:\n- publishing of journals and other periodicals\n- publishing of radio and television schedules\n\nAll the feasible forms of publishing (in print, digital, analogue, or any other form) are included."		"This class excludes:\n- production of television or video news programmes, see 59.11\n- content distribution via blogs, see 60.39\n- activities of photojournalists, not self-publishing their own created content, see 74.20\n- activities of journalists whose content is published by a third party, see 90.11"
"6920"	"5819"	"58.19"	"Other publishing activities, except software publishing"	"581"	"58.1"	"4"		"This class includes:\n- publishing in any format, including print, digital or on the internet, e.g.: \n • directories and mailing lists\n • compilations (e.g. case law, pharmaceutical compendia)\n • catalogues\n • photographs, engravings and postcards\n • calendars\n • greeting cards\n • forms\n • posters\n • reproductions of works of art\n • non-bound leaflets and advertising material\n • statistics and other information\n • datasets/databases without associated data processing services"		"This class excludes:\n- retail sale of software on physical media, see 47.40\n- publishing of advertising newspapers, see 58.12\n- publishing of software, see 58.2\n- production of video content, see 59.11\n- operation of content distribution (sharing) platforms, including blogs and wiki sites, social network sites and online gaming / video game sites, not associated with publishing of the content, see 60.39\n- application hosting, see 63.10\n- operation of web search portals, see 63.91\n- compiling of information or directories on a fee or contract basis, see 63.92"
"6930"	"582"	"58.2"	"Software publishing"	"58"	"58"	"3"		"This group includes the publishing of software (for example, operating systems, business and financial technologies software and applications, video games). Development and continuous updating of self-published video games and software are included here."	"This group also includes:\n- intermediation service activities for software publishing and operation of marketplaces for software downloads"	
"6940"	"5821"	"58.21"	"Publishing of video games"	"582"	"58.2"	"4"		"This class includes:\n- publishing of video games for all platforms and all devices\n- provision of online game in-game and in-app purchases by the publisher, for all users, including subscribers"	"This class also includes:\n- intermediation service activities for video game software publishing"	"This class excludes:\n- reproduction of video game software, see 18.20\n- retail sale of non-customised video game software on physical media, see 47.40\n- operation of video game streaming sites for viewing only, see 60.20\n- operation of online gaming / video game sites, not associated with publishing, see 60.39\n- development of video game software, on behalf of others, see 62.10\n- application hosting, see 63.10\n- operation of gambling sites, see 92.00"
"6950"	"5829"	"58.29"	"Other software publishing"	"582"	"58.2"	"4"		"This class includes:\n- publishing of other software, including:\n • operating systems\n • business and other applications (e.g. distributed ledger technology (DLT), financial technologies software)\n • cybersecurity software\n • modelling software"	"This class also includes:\n- intermediation service activities for software publishing and software downloads"	"This class excludes:\n- reproduction of software, see 18.20\n- retail sale of non-customised software on physical media, see 47.40\n- publishing of video games, see 58.21\n- online provision of software, not associated with publishing, see 60.39\n- operation of online gaming / video game sites, not associated with publishing, see 60.39\n- development of software, not associated with publishing, see 62.10\n- translation or adaptation of non-customised software for a particular market on a fee or contract basis, see 62.10\n- application hosting, see 63.10\n- use of published software for the provision of financial and insurance activities, see section L"
"6960"	"59"	"59"	"Motion picture, video and television programme production, sound recording and music publishing activities"	"J"	"J"	"2"		"This division includes production of theatrical and non-theatrical motion pictures, videos or audiovisual works whether for direct projection in theatres, for broadcasting or streaming; supporting post-production activities (for example film editing, cutting, dubbing or conversion to video streaming formats); distribution of motion pictures and other audiovisual productions to other industries; as well as the projection of motion pictures or other audiovisual productions. Further included is the buying and selling of distribution rights for motion pictures or other audiovisual productions."	"This division also includes sound recording activities, in other words: the production of original (sound) master recordings, releasing, promoting and distributing them; the publishing of music, associated with its distribution directly to the public via streaming and downloads; sound recording service activities in a studio or elsewhere."	"This division excludes the provision of streaming distribution services and downloads not associated with publishing of the content (see division 60), activities of independent musicians and actors, directors, stage designers and support activities to the performing arts (see section S), wholesale and retail sale of audio and video recordings on physical media (see section G), and video rental (see section O)."
"6970"	"591"	"59.1"	"Motion picture, video and television programme activities"	"59"	"59"	"3"		"This group includes the production of theatrical and non-theatrical motion pictures, videos or audiovisual works, whether on film, hard drive or other digital storage media, associated with digital distribution, for direct projection in theatres or for broadcasting or streaming; supporting post-production activities (for example, film editing, cutting, dubbing or conversion to video streaming formats); distribution of motion pictures or other audiovisual productions to other industries as well as their projection."	"Buying and selling of motion pictures or other audiovisual production distribution rights are also included."	
"6980"	"5911"	"59.11"	"Motion picture, video and television programme production activities"	"591"	"59.1"	"4"		"This class includes:\n- production of motion pictures, videos or audiovisual and television programme elements\n- production of advertising films\n- production of animated audiovisual works\n- production of television or video news programmes\n- production of vlogs\n- production of video podcasts"		"This class excludes:\n- film duplicating (except reproduction of motion picture film for theatrical distribution) as well as reproduction of audio and video recordings on physical media from master copies, see 18.20\n- wholesale of recorded media, see 46.49\n- retail sale of recorded media, see 47.69\n- post-production activities, see 59.12\n- reproduction of motion picture film for theatrical distribution, see 59.12\n- processing motion picture film, see 59.12\n- sound recording and recording of audiobooks, see 59.20\n- television broadcasting, see 60.20\n- creating a complete television channel programme, see 60.20\n- film processing, excluding processing motion picture film, see 74.20\n- activities of personal theatrical or artistic agents or agencies, see 74.99\n- rental of videotapes and DVDs to the general public, see 77.22\n- real-time (i.e. simultaneous) closed captioning (e.g. of live television performance meetings or conferences), see 82.99\n- activities of independent cartoonists, see 90.12\n- activities of independent actors, see 90.20\n- activities of independent stage designers and other support activities to the performing arts, see 90.3\n- activities of independent directors, see 90.39"
"6990"	"5912"	"59.12"	"Motion picture, video and television programme post-production activities"	"591"	"59.1"	"4"		"This class includes: \n- motion picture, video or audiovisual and television programme post-production activities, e.g.:\n • editing, titling, subtitling credits, closed captioning\n • film/tape transfers\n • conversion to video streaming formats\n- activities of motion picture film laboratories and activities of special laboratories for animated films:\n • developing and processing motion picture film \n • reproduction of motion picture film for cinema distribution"	"This class also includes:\n- activities of stock footage film libraries, etc."	"This class excludes:\n- film duplication and reproduction of audio and video recordings from master copies, see 18.20\n- wholesale of recorded media, see 46.49\n- retail sale of recorded media, see 47.69\n- animation production, see 59.11\n- film processing, not for the motion picture industry, see 74.20\n- rental of recorded media to the general public, see 77.22\n- real-time (i.e. simultaneous) closed captioning, see 82.99 \n- activities of independent actors, cartoonists, directors, stage designers, and other support activities to the performing arts, see division 90"
"7000"	"5913"	"59.13"	"Motion picture and video distribution activities"	"591"	"59.1"	"4"		"This class includes:\n- acquiring copyrights or distribution rights (e.g. for film and audiovisual works)\n- distributing productions (e.g. film and audiovisual works to motion picture theatres, television networks and stations, and exhibitors)"		"This class excludes:\n- film duplication and reproduction of audio and video recordings from master copies, see 18.20\n- wholesale of recorded media, see 46.49\n- retail sale of recorded media, see 47.69\n- reproduction of motion picture film for theatrical distribution, see 59.12 \n- video streaming distribution and download service activities not associated with its publishing, see 60.20\n- management of copyrights and distribution rights for films, see 74.91\n- rental of recorded media, see 77.22"
"7010"	"5914"	"59.14"	"Motion picture projection activities"	"591"	"59.1"	"4"		"This class includes:\n- activities of motion picture or audiovisual projection in cinemas, in open air or other projection venues"		
"7020"	"592"	"59.2"	"Sound recording and music publishing activities"	"59"	"59"	"3"				
"7030"	"5920"	"59.20"	"Sound recording and music publishing activities"	"592"	"59.2"	"4"		"This class includes: \n- production of original (sound) master recordings, including digital recordings, that are accessible online or via any hard copy\n- sound recording service activities, including the production of recorded (i.e. non-live) radio programming, audio podcasts, as well as audio for film, television, books, etc.\n- music publishing, i.e. activities of: \n • acquiring and registering copyrights for musical compositions\n • promoting, authorising and using these compositions in recordings, radio, television, motion pictures, live performances, print and other media\n • jointly publishing and distributing sound recordings via streaming and downloads\n\nReleasing, promoting and distributing sound recordings to wholesalers, retailers or directly to the public may include production of master recordings or obtaining the reproduction and distribution rights to master recordings."	"This class also includes: \n- conversion of sound recordings to audio streaming formats\n- publishing of music and sheet music books"	"This class excludes: \n- reproduction from master copies of music or other sound recordings, see 18.20 \n- wholesale of recorded media, see 46.49\n- retail sale of recorded media, see 47.69\n- audio streaming and download distribution service activities not associated with publishing, see 60.10\n- activities of musicians, see 90.20"
"7040"	"60"	"60"	"Programming, broadcasting, news agency and other content distribution activities"	"J"	"J"	"2"		"This division includes the activities of creating content or acquiring the right to distribute content and subsequently broadcasting or distributing that content. Types of produced or distributed content included in this division are radio, television, audio and audiovisual entertainment, news, talk, etc., including programmes that are typically narrowcast in nature (programmes that appeal to a particular segment of the population, such as news, sport, education, youth-oriented programming). The broadcasting or content distribution can be performed using different technologies, over-the-air, via satellite, via a cable network or via the internet broadcasting, streaming or downloads. This division also includes the broadcasting of live podcasts, third-party on-demand distribution of recorded podcasts and downloads, and activities of news agencies, social network sites, blogs and wiki sites, and online gaming / video game sites. Content may be made freely available to users or may be available only on a subscription or fee basis."		"This division excludes: the operation of cable or satellite television transmission networks (division 61); the production of audio and audiovisual recordings (including recorded podcasts), activities of vlog sites and the distribution of motion pictures, videos or audiovisual works and similar productions to motion picture theatres, television networks and stations, and exhibitors (division 59); wholesale/retail sale of audio and video recordings on physical media (divisions 46 and 47); retail sale outlets of newspapers (division 47); videodisc rental (division 77); activities of independent actors (including influencers appearing in vlogs) and independent bloggers (division 90); publishing of video games and other software (division 58); provision of computing infrastructure and hosting activities, and activities of web search portals (division 63); activities of gambling sites (division 92)."
"7050"	"601"	"60.1"	"Radio broadcasting and audio distribution activities"	"60"	"60"	"3"				
"7060"	"6010"	"60.10"	"Radio broadcasting and audio distribution activities"	"601"	"60.1"	"4"		"This class includes:\n- broadcasting audio signals through radio broadcasting studios and facilities for the transmission of aural programming to the public, to affiliates or to subscribers\n- on-demand audio streaming and download services by third-party distributors with distribution rights\n- broadcasting live podcasts"	"This class also includes:\n- activities of radio networks, i.e. assembling and transmitting aural programming to the affiliates or subscribers via over-the-air broadcasts, cable or satellite\n- radio broadcasting activities over the internet (internet radio stations)\n- radio programme broadcasting and concurrent filming for video broadcast"	"This class excludes:\n- wholesale of audio recordings on physical media, see 46.49\n- retail sale of audio recordings on physical media, see 47.69\n- publishing of audiobooks, associated with streaming and download services of book publishers, see 58.11 \n- publishing of music and other sound recordings, associated with streaming and download services of music and other sound recording publishers, see 59.20 \n- production of radio programming and audio podcasts, see 59.20\n- provision of technical infrastructure services related to audio streaming services without having acquired the rights to the audio content, see 63.10"
"7070"	"602"	"60.2"	"Television programming, broadcasting and video distribution activities"	"60"	"60"	"3"				
"7080"	"6020"	"60.20"	"Television programming, broadcasting and video distribution activities"	"602"	"60.2"	"4"		"This class includes the creation of a complete television channel programme, from purchased programme components (for example, movies, documentaries), self-produced programme components (for example, local news, live reports), or a combination thereof.\n\nThis complete television programme can be either broadcast by the producing unit or produced for transmission by a third-party operator of transmission facilities (for example, cable companies, satellite television providers).\n\nThe programming may be of a general or specialised nature (for example, narrowcast formats such as news, sport, education, youth-oriented programming), may be made freely available to users or may be available only on a subscription basis."	"This class also includes: \n- programming of video-on-demand channels\n- video streaming and download service activities not associated with its publishing\n- broadcasting of live performances and events\n- operation of video game streaming sites"	"This class excludes:\n- video game publishers, streaming and download distribution service activities of video game publishers, see 58.21 \n- production of television programme elements (movies, documentaries, talk shows, commercials, etc.), see 59.11\n- assembly of a package of channels and transmission of that package, by cable or satellite transmission network operators to viewers, see 61.10\n- provision of technical infrastructure related to video streaming services, data processing services and related activities, see 63.10\n- rental of recorded videos on physical media to the general public, see 77.22"
"7090"	"603"	"60.3"	"News agency and other content distribution activities"	"60"	"60"	"3"		"This group includes the activities of news agencies and content distribution sites (for example, social network sites, wiki sites, online gaming / video game sites)."		"This group excludes:\n- activities of libraries and archives, see 91.1"
"7100"	"6031"	"60.31"	"News agency activities"	"603"	"60.3"	"4"		"This class includes: \n- news syndicate and news agency activities furnishing news, pictures and features to the media, publishers and broadcasters"		"This class excludes:\n- retail sale of newspapers, see 47.62\n- publishing activities, see 58.1\n- broadcasting and audio or video streaming activities (having distribution rights), see 60.10, 60.20\n- provision of technical infrastructure related to audio or video streaming services, data processing services and related activities, see 63.10\n- activities of independent photojournalists, see 74.20\n- activities of independent journalists, see 90.11"
"7110"	"6039"	"60.39"	"Other content distribution activities"	"603"	"60.3"	"4"		"This class includes: \n- distribution services of content sharing sites (e.g. wiki sites, social network sites) which publish content produced and edited by users and are not under editorial responsibility and control\n- operation of online gaming / video game sites, independent of publishing the games \n- provision of e-books as streaming or downloading services, not associated with publishing\n- online provision of software, not associated with publishing\n- content distribution via blogs"		"This class excludes:\n- intermediation service activities for retail sale, see 47.9\n- intermediation service activities for passenger transport, see 52.32\n- intermediation service activities for accommodation, see 55.40\n- publishing of e-books, see 58.11\n- publishing of video games and other software, see 58.2 \n- audiovisual production activities, see 59.11\n- activities of music platforms, see 60.10\n- activities of video game streaming sites for viewing only, see 60.20 \n- news agency activities, see 60.31\n- provision of audio or video data hosting for streaming or downloading services (i.e. particularly data storing and sending) without having acquired the rights to the audio or video content, see 63.10\n- provision of computing infrastructure and hosting services, see 63.10 \n- activities of web search portals, see 63.91 \n- activities of journalists and other writers whose content is published by a third party, see 90.11\n- activities of actors and other performing artists, see 90.20 \n- activities of libraries and archives, see 91.1 \n- activities of gambling sites, see 92.00"
"7120"	"K"	"K"	"TELECOMMUNICATION, COMPUTER PROGRAMMING, CONSULTING, COMPUTING INFRASTRUCTURE AND OTHER INFORMATION SERVICE ACTIVITIES"			"1"		"This section includes telecommunication and related service activities, in other words, transmitting voice, data, text, sound and video (division 61), computer programming, consultancy and related activities (division 62), and the provision of computing infrastructure, data processing, hosting and other information service activities (division 63)."		"This section excludes:\n- publishing, broadcasting and content production, including software publishing, post-production services to convert audio and video content into streaming formats and independent third-party provision of on-demand audio and video streaming or download distribution services, see section J\n- provision of financial and insurance services using published financial and insurance technologies software, see section L\n- activities of gambling sites, see 92.00\n- repair and maintenance of computers and communication equipment, see 95.10"
"7130"	"61"	"61"	"Telecommunication"	"K"	"K"	"2"		"This division includes: \n- activities of providing telecommunication and related service activities, i.e. transmitting voice, data, text, sound and video. The transmission facilities that carry out these activities may be based on a single technology or a combination of technologies. The commonality of activities classified in this division is the transmission of content, without being involved in its creation or alteration. In the case of transmission of television signals this may include complete bundled and programmed channels (produced in division 60) into programme packages\n- provision of services for machine-to-machine communication\n- transmission of audio or video data without having acquired the rights to the audio or video content"		"This division excludes:\n- motion picture, audiovisual, television programme, and sound recording production and post-production activities, including services to convert audio and video content into streaming formats, see division 59\n- activities of broadcasting and provision of audio and video streaming or download distribution services, see division 60"
"7140"	"611"	"61.1"	"Wired, wireless, and satellite telecommunication activities"	"61"	"61"	"3"				
"7150"	"6110"	"61.10"	"Wired, wireless, and satellite telecommunication activities"	"611"	"61.1"	"4"		"This class includes:\n- operating, maintaining or providing access to facilities for the transmission of voice, data, text, sound and video using wired, wireless or satellite telecommunication infrastructure, including:\n • operating and maintaining switching and transmission facilities to provide point-to-point communication via landlines, microwave or a combination of landlines and satellite link-ups\n • operating of cable distribution systems (e.g. for distribution of data and television signals) with or without providing customers with third-party video-on-demand services\n • provision of internet access by the operator of the infrastructure\n • maintaining and operating cellular and other wireless telecommunication networks (including paging systems)\n • delivery of visual, aural or textual programming received from cable networks, local television stations or radio networks to consumers via direct-to-home satellite systems or via internet protocol television (the units classified here generally do not produce programming material)\n • voice over internet protocol (VoIP) provision by the operator of the infrastructure\n\nThe transmission facilities that carry out these activities, may be based on a single technology or a combination of technologies."		"This class excludes:\n- installation of telecommunication, computer network and cable television wiring in buildings, including fibre-optic wiring without operating facilities for the transmission of data, see 43.21\n- publishing of instant messaging or satellite geolocation applications, see 58.29\n- telecommunication reselling activities and intermediation service activities for telecommunication, see 61.20\n- provision of telephone and internet access in facilities open to the public (e.g. internet cafés), see 61.20\n- voice over internet protocol (VoIP) provision, without operating facilities for the transmission of data, see 61.90"
"7152"	"612"	"61.2"	"Telecommunication reselling activities and intermediation service activities for telecommunication"	"61"	"61"	"3"				
"7154"	"6120"	"61.20"	"Telecommunication reselling activities and intermediation service activities for telecommunication"	"612"	"61.2"	"4"		"This class includes:\n- reselling of wired, wireless and satellite telecommunication (i.e. purchasing and reselling network capacity), including activities of telecommunication brokers and resellers of prepaid calling cards and services\n- intermediation services for wired, wireless and satellite telecommunication activities, including:\n • agent activities for telecommunication carriers\n • selling mobile telephone service plans on an agent basis\n • wireless telephone service plan sales agent activities, selling on behalf of wireless telecommunication carriers\n • agent activities for mobile virtual network operators (MVNOs)\n • provision of telephone and internet access in facilities open to the public"		"This class excludes:\n- provision of telecommunication services by operators of telecommunication infrastructure, see 61.10"
"7160"	"619"	"61.9"	"Other telecommunication activities"	"61"	"61"	"3"				
"7170"	"6190"	"61.90"	"Other telecommunication activities"	"619"	"61.9"	"4"		"This class includes:\n- provision of specialised telecommunication applications (e.g. satellite tracking, communication telemetry, radar station operations)\n- operation of satellite terminal stations and associated facilities operationally connected with one or more terrestrial communication systems and capable of transmitting telecommunications to or receiving telecommunications from satellite systems\n- provision of internet access over networks between the client and the internet service provider not owned or controlled by the internet service provider (e.g. dial-up internet access)\n- transmission via the internet of text messaging (SMS)\n- voice over internet protocol (VoIP), text messaging (SMS), advanced data services (SMS+, MMS+) and provision of SMS push services, without operating facilities for the transmission of data"	"This class also includes:\n- provision of notification services (e.g. SMS bank alerts, advertising)"	"This class excludes:\n- provision of internet access by operators of telecommunication infrastructure, see 61.10\n- reselling of telecommunication services and intermediation services for telecommunication, see 61.20"
"7180"	"62"	"62"	"Computer programming, consultancy and related activities"	"K"	"K"	"2"		"This division includes:\n- activities of providing expertise in the field of information technologies, designing the structure and content of, and/or writing, modifying, customising, testing and supporting software and applications\n- planning and designing computer systems that integrate computer hardware, software and communication technologies\n- on-site management and operation of clients’ computer systems and/or data processing facilities\n- computer hardware, software and systems consultancy services"		"This division excludes:\n- software publishing, see division 58\n- provision of online gaming / video game sites not associated with its publishing, see division 60\n- provision of computing infrastructure, data processing and hosting, see division 63\n- provision of financial and insurance services using published financial and insurance technologies software, see section L\n- activities of gambling sites, see 92.00\n- repair and maintenance of computers and communication equipment, see 95.10"
"7190"	"621"	"62.1"	"Computer programming activities"	"62"	"62"	"3"				
"7200"	"6210"	"62.10"	"Computer programming activities"	"621"	"62.1"	"4"		"This class includes:\n- designing the structure and content of, the writing, modifying (including updates and patches), testing and maintaining of software and applications, including:\n • systems software\n • video game software and applications / gaming applications\n • video game middleware\n • business and finance software applications\n • machine learning applications\n • artificial intelligence / machine vision applications\n • cybersecurity applications\n • distributed ledger applications\n • databases and web pages\n- customising of software, i.e. modifying and configuring an existing application so that it is functional within the clients’ information system environment"	"This class also includes:\n- development of applications"	"This class excludes:\n- publishing of software or gaming on demand services, cloud-based software and gaming applications, see 58.2\n- development of software associated with publishing, see 58.2\n- translation or adaptation of non-customised software for a particular market on own account, see 58.29\n- operation of online gaming / video game sites, see 60.39\n- planning and designing computer systems that integrate computer hardware, software and communication technologies, even though providing software might be an integral part, see 62.20\n- data processing activities (e.g. by using blockchain / distributed ledger technology (DLT)), see 63.10\n- operation of gambling sites, see 92.00 \n- repair and maintenance of computers and communication equipment, see 95.10"
"7220"	"622"	"62.2"	"Computer consultancy and computer facilities management activities"	"62"	"62"	"3"				
"7230"	"6220"	"62.20"	"Computer consultancy and computer facilities management activities"	"622"	"62.2"	"4"		"This class includes:\n- computer hardware, software and systems consultancy activities, including cybersecurity consultancy activities\n- planning and designing of computer systems which integrate computer hardware, software and communication technologies \n- provision of on-site management and operation of clients’ computer systems and/or data processing facilities, as well as related support services\n- installation of computer systems and provision of training and support to users of such systems \n- activities of auditing and certification of computing and data processing infrastructures and services"	"This class also includes:\n- cybersecurity network and system monitoring, testing and analysis\n- provision of advice on software requirements and procurement of the hardware and software components of a computer system"	"This class excludes:\n- installation of mainframe and similar computers, see 33.20\n- sale of computer hardware or software on physical media, see 46.50, 47.40\n- software publishing, see 58.2\n- installation (setting-up) of personal computers, see 62.90\n- software installation, see 62.90\n- computer disaster recovery services, see 62.90\n- general cybersecurity training, see 85.59"
"7240"	"629"	"62.9"	"Other information technology and computer service activities"	"62"	"62"	"3"				
"7250"	"6290"	"62.90"	"Other information technology and computer service activities"	"629"	"62.9"	"4"		"This class includes other information technology and computer-related activities not elsewhere classified, for example:\n- computer disaster recovery services\n- installation (setting-up) of personal computers\n- third-party software installation services"		"This class excludes:\n- installation of mainframe and similar computers, see 33.20\n- computer programming, see 62.10\n- computer consultancy, see 62.20\n- computer facilities management, see 62.20\n- provision of computing infrastructure, data processing and hosting, see 63.10"
"7260"	"63"	"63"	"Computing infrastructure, data processing, hosting and other information service activities"	"K"	"K"	"2"		"This division includes the provision of computing infrastructure, data processing and hosting activities, as well as activities of web search portals and other activities that primarily supply information."		"This division excludes:\n- software publishing, see division 58\n- news agency activities and provision of online gaming / video game sites, not associated with publishing, see division 60\n- telecommunication activities, see division 61\n- computer programming, computer systems design and computer facilities management activities, see division 62\n- activities of gambling sites, see 92.00\n- repair and maintenance of computers and communication equipment, see 95.10"
"7270"	"631"	"63.1"	"Computing infrastructure, data processing, hosting and related activities"	"63"	"63"	"3"				
"7280"	"6310"	"63.10"	"Computing infrastructure, data processing, hosting and related activities"	"631"	"63.1"	"4"		"This class includes:\n- provision of computing infrastructure, including cloud infrastructure and platform provision (IaaS, PaaS)\n- cloud computing (except software publishing and computer systems design), whether or not in combination with infrastructure provision \n- provision of technical infrastructure related to streaming services, data processing services and related activities:\n • complete processing of data supplied by clients\n • generation of specialised reports from data supplied by clients\n • blockchain / distributed ledger technology (DLT) data processing activities\n- specialised hosting activities, e.g.:\n • web hosting\n • application hosting\n- general time-share provision of mainframe facilities to clients\n- digitalisation of files (for further processing of data)\n- provision of data entry services\n- data centre colocation activities (i.e. rental of server and networking space in data centres, including routine monitoring of servers)\n- digital data storage\n- issuing of crypto-assets without a corresponding liability (not by a monetary authority)"		"This class excludes:\n- software publishing, see 58.2\n- provision of applications by downloads or by streaming, see 58.2\n- post-production services to convert video content into streaming formats, see 59.12\n- post-production services to convert audio content into streaming formats, see 59.20\n- audio streaming and download distribution service activities not associated with publishing, see 60.10\n- video streaming and download distribution service activities not associated with publishing, see 60.20\n- computer systems design, see 62.20\n- electronic storage of archival material for access by the general public, see 91.12\n- repair and maintenance of computers and communication equipment, see 95.10\n- activities where the service provider uses computers only as a tool are classified according to the nature of the services rendered"
"7290"	"639"	"63.9"	"Web search portal activities and other information service activities"	"63"	"63"	"3"		"This group includes:\n- operation of web sites that use a search engine to generate and maintain extensive databases of internet addresses and content in an easily searchable format (web search portals) \n- other information service activities not elsewhere classified, e.g.:\n • telephone-based information services\n • information search services on a contract or fee basis\n • news clipping services, press clipping services\n\nThe primary source of revenue from advertising does not have a bearing on classification for these activities."		"This group excludes:\n- intermediation service activities for retail sale, see 47.9\n- intermediation service activities for passenger transport, see 52.32 \n- intermediation service activities for accommodation, see 55.40 \n- publishing activities, see division 58 \n- broadcasting activities, see division 60 \n- news syndicate and news agency activities, see 60.31 \n- activities of call centres, see 82.20"
"7305"	"6391"	"63.91"	"Web search portal activities"	"639"	"63.9"	"4"		"This class includes:\n- operation of web sites that use a search engine to generate and maintain extensive databases of internet addresses and content in an easily searchable format; these web search portals are not responsible for the content \n- operation of comparison websites for prices, product specification, etc., with provision of links to other websites"		"This class excludes:\n- intermediation service activities for specialised construction services, see 43.60\n- intermediation service activities for retail sale, see 47.9 \n- intermediation service activities for transport, see 52.3\n- intermediation service activities for postal and courier activities, see 53.30\n- intermediation service activities for accommodation, see 55.40\n- intermediation service activities for food and beverage service activities, see 56.40\n- publishing activities, see division 58 \n- broadcasting activities, see division 60 \n- news syndicate and news agency activities, see 60.31\n- intermediation service activities for telecommunication, see 61.20\n- intermediation service activities for real estate activities, see 68.31\n- intermediation service activities for the rental and leasing of tangible goods and non-financial intangible assets, see 77.5\n- activities of call centres, see 82.20\n- intermediation service activities for business support service activities n.e.c., see 82.40\n- intermediation service activities for courses and tutors, see 85.61\n- intermediation service activities for medical, dental and other human health services, see 86.97\n- intermediation service activities for residential care activities, see 87.91\n- intermediation service activities for the repair and maintenance of computers, personal and household goods, and motor vehicles and motorcycles, see 95.40\n- intermediation service activities for personal services, see 96.40"
"7306"	"6392"	"63.92"	"Other information service activities"	"639"	"63.9"	"4"		"This class includes:\n- other information service activities not elsewhere classified, e.g.:\n • information search services on a contract or fee basis (e.g. by web scraping)\n • news clipping services, press clipping services\n • compiling of information or directories on a fee or contract basis"		"This class excludes:\n- intermediation service activities for specialised construction services, see 43.60\n- intermediation service activities for retail sale, see 47.9 \n- intermediation service activities for transport, see 52.3\n- intermediation service activities for postal and courier activities, see 53.30\n- intermediation service activities for accommodation, see 55.40\n- intermediation service activities for food and beverage service activities, see 56.40\n- publishing activities, see division 58 \n- broadcasting activities, see division 60 \n- news syndicate and news agency activities, see 60.31\n- intermediation service activities for telecommunication, see 61.20\n- intermediation service activities for real estate activities, see 68.31\n- intermediation service activities for the rental and leasing of tangible goods and non-financial intangible assets, see 77.5\n- activities of call centres, see 82.20\n- intermediation service activities for business support service activities n.e.c., see 82.40\n- intermediation service activities for courses and tutors, see 85.61\n- intermediation service activities for medical, dental and other human health services, see 86.97\n- intermediation service activities for residential care activities, see 87.91\n- intermediation service activities for the repair and maintenance of computers, personal and household goods, and motor vehicles and motorcycles, see 95.40\n- intermediation service activities for personal services, see 96.40"
"7310"	"L"	"L"	"FINANCIAL AND INSURANCE ACTIVITIES"			"1"		"This section includes financial service activities, insurance activities and financial auxiliary activities, regardless of the technologies used to conduct these activities or support services.\n\nThree principal types of activities are classified in this section: raising, obtaining and providing funding (division 64); pooling of risk by underwriting insurance and annuities (division 65); and providing specialised services facilitating or supporting financial or insurance service activities (division 66)."	"This section also includes activities of holding assets, such as the activities of holding companies and financing conduits and the activities of trusts, funds and similar financial entities (division 64), as well as the activities of reinsurance and pension funds (division 65)."	"This section excludes support activities to financial services that are not financial in nature (for example, IT services supporting banking activities)."
"7320"	"64"	"64"	"Financial service activities, except insurance and pension funding"	"L"	"L"	"2"		"This division includes the activities of obtaining and providing funds other than for the purpose of insurance or pension funding or compulsory social security."	"This division also includes activities of holding financial assets (such as the activities of holding companies and financing conduits and the activities of trusts, funds and similar financial entities), which are not activities according to the NACE principle in covering economic production. Units classified in groups 64.2 and 64.3 usually do not have any revenue from the sale of products, nor employ any staff (see paragraphs xx–xx of the introductory guidelines); they are integrated in NACE to facilitate the classification of units in statistical business registers."	"This division excludes the activities of promotional institutions for economic development through long-term investments at local, regional and national level provided that they act as the government’s arm for the execution of their public policy mandate, see 84.13."
"7330"	"641"	"64.1"	"Monetary intermediation"	"64"	"64"	"3"		"This group includes obtaining and providing funds in the form of transferable deposits or close substitutes, in other words, funds that are fixed in money terms, obtained on a day-to-day basis and distributing these funds."		
"7340"	"6411"	"64.11"	"Central banking"	"641"	"64.1"	"4"		"This class includes:\n- issuing and managing banknotes and digital currency\n- conducting monetary policy, including monitoring and control of the money supply\n- promoting financial stability\n- taking deposits that are used for clearance between monetary intermediaries\n- supervising banking or non-banking monetary operations, unless performed by some other entity\n- holding the country’s international reserves\n- acting as banker to the government"	"This class also includes:\n- activities of central banks, currency boards and central monetary agencies"	"This class excludes:\n- operation and supervision of financial markets other than by central banks and public authorities, see 66.11\n- financial supervisory activities for insurance and pension funding (not by the central bank), see 66.29\n- financial regulation relating to the conduct of business and consumer protection and other wider financial regulatory activities, see 84.13\n- activities of international organisations (e.g. the World Bank), see 99.00"
"7350"	"6419"	"64.19"	"Other monetary intermediation"	"641"	"64.1"	"4"		"This class includes the receiving of deposits and/or close substitutes for deposits and extending of credit or other forms of lending funds. The granting of credit can take a variety of forms (for example, loans, mortgages, consumer credit cards, and so on). These activities are generally carried out by monetary institutions other than central banks, for example:\n- banks\n- savings banks\n- credit cooperatives and unions"	"This class also includes:\n- activities of postal banks (e.g. for giro (current) and savings accounts)\n- credit granting by specialised deposit-taking institutions (e.g. for house purchases, agriculture)\n- money order activities"	"This class excludes:\n- credit granting by specialised non-depository institutions (e.g. for house purchases), see 64.92\n- credit card transaction processing and settlement activities, see 66.19"
"7360"	"642"	"64.2"	"Activities of holding companies and financing conduits"	"64"	"64"	"3"		"This group includes the activities of holding companies and financing conduits. These are corporate groups’ captive financial entities, in other words, units created by a financial or non-financial group to fulfil specific financial activities and whose main activity is, respectively, to own the group or to act as a vehicle to arrange and channel funds within the group."		"This group excludes:\n- captive factoring and invoicing companies, see 64.92\n- own account investment activities (e.g. by venture capital companies, private equity firms), see 64.99\n- active management of companies and enterprises, strategic planning and decision-making of the company, see 70.10\n- other activities of corporate groups’ captive financial entities, which are captured under the relevant activity classes"
"7370"	"6421"	"64.21"	"Activities of holding companies"	"642"	"64.2"	"4"		"This class includes the activities of holding companies, in other words, units that hold the assets (owning controlling levels of equity) of one or more subsidiaries and whose only purpose is owning subsidiaries. The holding companies in this class do not provide any other service to the enterprises in which the equity is held, in other words, they do not administer or manage other units."		"This class excludes:\n- activities of shareholding companies, not owning controlling levels of equity, see 64.32\n- dealing in financial markets on own account, see 64.99\n- activities of asset management on a fee or contract basis, see 66.30\n- provision of managerial services (e.g. strategic planning, decision-making and administrative services of a head office), see 70.10\n- active management of companies and enterprises, strategic planning and decision-making of the company, see 70.10"
"7375"	"6422"	"64.22"	"Activities of financing conduits"	"642"	"64.2"	"4"		"This class includes the activities of financing conduits, in other words, units created by a financial or non-financial group to raise or borrow funds (often on the open market) and to remit those funds to their parent or another entity within the group."	"This class also includes:\n- activities of captive financial institutions involved in intragroup lending\n- brass plate companies engaged in raising funds and remitting those funds to their parent, i.e. units that are owned (directly or indirectly) by a non-resident unit, of which a large part of the balance sheet consists of claims and liabilities towards non-resident units, and that have few or no employees and little or no physical presence in the jurisdiction of incorporation"	"This class excludes:\n- management services of public funds and public debt, see 84.11"
"7380"	"643"	"64.3"	"Activities of trusts, funds and similar financial entities"	"64"	"64"	"3"		"This group includes legal entities organised to pool securities or other financial assets, without managing or administrating them, on behalf of shareholders or beneficiaries. The portfolios are customised to achieve specific investment characteristics (for example, diversification, risk, rate of return, price volatility). These entities earn interest, dividends and other property income, but have little or no employment and no revenue from the sale of services."		"This group excludes:\n- activities of entities that earn revenue from the sale of goods or services. These types of entities are therefore classified according to their principal activity in other parts of NACE (like in division 66 for fund management, division 68 for rental and operating of real estate, or in division 77 for rental and leasing of ships or airplanes)\n- carrying out securitisation transactions by issuing of financial instruments, see 64.92\n- securitisation transactions of assets other than loans by issuing financial instruments, see 64.99\n- trust, estate and agency accounts that earn revenue from the sale of goods or services, see relevant NACE classes according to their principal activity"
"7390"	"6431"	"64.31"	"Activities of money market and non-money market investments funds"	"643"	"64.3"	"4"		"This class includes activities of money market and non-money market investment funds, in other words, collective investment schemes that raise funds by issuing shares or units to the public, of which the proceeds are invested primarily in financial assets (including short-term assets).\n\nThis class includes:\n- open-end investment funds\n- closed-end investment funds\n- unit and investment trusts"		"This class excludes:\n- activities of holding companies, see 64.21\n- activities of non-majority shareholding companies, not owning controlling levels of equity, see 64.32\n- trusts, estate and agency accounts not acting as collective investment schemes, see 64.32\n- activities of venture capital companies, see 64.99\n- pension funding, see 65.30\n- management of funds, see 66.30"
"7395"	"6432"	"64.32"	"Activities of trust, estate and agency accounts"	"643"	"64.3"	"4"		"This class includes legal entities, not acting as collective investment schemes, organised to pool securities, estates and other financial assets, without managing, on behalf of shareholders or beneficiaries. The portfolios are customised to achieve specific investment characteristics (for example, diversification, risk, rate of return, price volatility). These entities earn interest, dividends and other property income but have little or no employment and no revenue from the sale of services.\n\nThis class includes:\n- trusts, estates and agency accounts, administered on behalf of multiple beneficiaries under the terms of a trust agreement, will or agency agreement"	"This class also includes:\n- activities of shareholding companies, not owning controlling levels of equity\n- venture capital companies where the only financing is by shares and no fee is received"	"This class excludes:\n- raising funds by issuing shares or units and acting as collective investment schemes, see 64.31"
"7400"	"649"	"64.9"	"Other financial service activities, except insurance and pension funding"	"64"	"64"	"3"		"This group includes financial service activities (except insurance and pension funding activities), other than those conducted by monetary institutions, holding companies and financing conduits, trusts, funds and similar entities."		"This group excludes:\n- insurance and pension funding activities, see division 65"
"7410"	"6491"	"64.91"	"Financial leasing"	"649"	"64.9"	"4"		"This class includes the activities of financial leasing, a contract under which the lessor as legal owner of an asset conveys the risks and benefits of ownership of the asset to the lessee. Under a financial lease, the lessor is deemed to make, to the lessee, a loan with which the lessee acquires all the economic benefits and risks of the lease. Thereafter, the leased asset is shown on the balance sheet of the lessee and not the lessor; the corresponding loan is shown as an asset of the lessor and a liability of the lessee."	"This class also includes:\n- financial leasing of durable goods (e.g. vehicles)"	"This class excludes:\n- operating leasing, according to type of goods leased, see division 77"
"7420"	"6492"	"64.92"	"Other credit granting"	"649"	"64.9"	"4"		"This class includes:\n- financial service activities primarily concerned with making intermediation by incurring liabilities – in forms other than currency, deposits or close substitutes for deposits – where the granting of credit can take a variety of forms (e.g. loans, mortgages, credit cards), providing the following types of services:\n • granting of consumer credit by non-depository institutions\n • international trade financing\n • provision of long-term finance to industry\n • provision of banking-like services without a banking license, in cooperation with a licensed bank\n • money lending outside the banking system\n • credit granting by specialised non-depository institutions (e.g. for house purchases)\n • loan securitisation\n • factoring and supply chain financing activities\n • activities of pawnbrokers"		"This class excludes:\n- credit granting by specialised deposit-taking institutions, see 64.19\n- financial leasing, see 64.91\n- securitisation of assets other than loans, see 64.99\n- operating leasing, according to type of goods leased, see division 77\n- grant-giving activities by membership organisations, see 94.99"
"7430"	"6499"	"64.99"	"Other financial service activities, except insurance and pension funding n.e.c."	"649"	"64.9"	"4"		"This class includes:\n- other financial service activities primarily concerned with distributing funds other than by granting loans:\n • writing of swaps, options and other hedging arrangements\n • activities of viatical settlement companies\n- own account investment and trading activities (e.g. by venture capital companies, investment clubs)\n- acting as a counterparty for the clearing and settlement of transactions"	"This class also includes:\n- dealing in financial markets on own account\n- trade of receivables on own account\n- security and derivate dealers (operating on own account)\n- activities of financial vehicle corporations other than securitisation\n- securitisation transactions of assets other than loans by issuing financial instruments\n- trade of swaps or options on own account\n- trade of commodity contracts on own account\n- issuing of crypto-assets with a corresponding liability (not by a monetary authority)\n- trading of crypto-assets with a corresponding liability on own account\n- exchange of currency on own account"	"This class excludes:\n- issuing of crypto-assets without a corresponding liability (not by a monetary authority), see 63.10\n- financial leasing, see 64.91\n- loan securitisation, see 64.92\n- security and commodity contracts dealing on behalf of others (brokerage), see 66.12\n- exchange of currency on a fee basis (e.g. bureaux de change), see 66.12\n- brokerage of crypto-assets with liabilities that qualify as securities, see 66.12\n- mortgage brokerage, see 66.19\n- management of investment funds, see 66.30\n- trade, leasing and rental of real estate property, see division 68\n- bill collection without debt buying up, see 82.91\n- grant-giving activities by membership organisations, see 94.99"
"7440"	"65"	"65"	"Insurance, reinsurance and pension funding, except compulsory social security"	"L"	"L"	"2"		"This division includes underwriting annuities, insurance policies (for example, direct life and non-life insurance) and investing premiums to build up a portfolio of financial assets to be used against future claims. Provision of direct insurance, pension funding and reinsurance are included."		"This division excludes:\n- provision of insurance-related services on a fee or contract basis, see division 66"
"7450"	"651"	"65.1"	"Insurance"	"65"	"65"	"3"		"This group includes life insurance with or without a substantial savings element and non-life insurance.\n\nThis group includes:\n- life insurance and life reinsurance with or without a substantial savings element and other non-life insurance\n- activities of insurance providers on own account\n- pooling and assuming insurance risks"	"This group also includes captive insurance activities."	"This group excludes:\n- selling of insurance as a broker, see 66.22"
"7460"	"6511"	"65.11"	"Life insurance"	"651"	"65.1"	"4"		"This class includes:\n- term life insurance\n- permanent life insurance\n- underwriting annuities and life insurance policies, disability income insurance policies, accidental death, funeral and dismemberment insurance policies (with or without a substantial savings element)"	"This class also includes:\n- supplementary insurance underwritten in addition to life insurance, in particular, insurance against personal injury, including incapacity for employment, insurance against death resulting from an accident, and insurance against disability resulting from an accident or sickness\n- types of permanent health insurance not subject to cancellation"	
"7470"	"6512"	"65.12"	"Non-life insurance"	"651"	"65.1"	"4"		"This class includes:\n- provision of insurance services other than life insurance:\n • accident insurance\n • medical and health insurance\n • travel insurance\n • fire and natural forces damage to property insurance\n • other damage to property insurance\n • motor vehicles, railway rolling stock, ships, aircraft and other transport insurance\n- freight insurance\n • financial loss and liability insurance\n- credit insurance\n- legal expenses insurance\n- income protection insurance\n- workers’ compensation insurance"		"This class excludes:\n- compulsory social security schemes, see 84.30"
"7480"	"652"	"65.2"	"Reinsurance"	"65"	"65"	"3"				
"7490"	"6520"	"65.20"	"Reinsurance"	"652"	"65.2"	"4"		"This class includes:\n- activities of assuming all or part of the risk associated with existing insurance policies originally underwritten by other insurance providers"	"This class also includes:\n- activities of finite reinsurance"	
"7500"	"653"	"65.3"	"Pension funding"	"65"	"65"	"3"				
"7510"	"6530"	"65.30"	"Pension funding"	"653"	"65.3"	"4"		"This class includes the provision of retirement income benefits exclusively for the sponsor’s employees or members and other insurance products regulated as employer-related funds. It includes pension plans with defined benefits as well as defined contributions.\n\nThis class includes:\n- provision of employee benefit plans\n- provision of pension funds and plans\n- provision of retirement plans"		"This class excludes:\n- management of pension funds, see 66.30\n- compulsory social security schemes, see 84.30"
"7520"	"66"	"66"	"Activities auxiliary to financial services and insurance activities"	"L"	"L"	"2"		"This division includes the provision of services involved in or supporting financial transactions in financial assets and liabilities, without taking ownership of the financial assets and liabilities being transacted.\n\nThese services can be provided via/in different media/ways, including over the internet."		
"7530"	"661"	"66.1"	"Activities auxiliary to financial services, except insurance and pension funding"	"66"	"66"	"3"		"This group includes the furnishing of physical or electronic marketplaces for the purpose of facilitating the buying and selling of stocks, stock options, bonds or commodity contracts, and trading of crypto-assets with liabilities. It also includes other miscellaneous services, including the provision of financial advisory services, asset management or the provision of equity and debt-based crowdfunding."		
"7540"	"6611"	"66.11"	"Administration of financial markets"	"661"	"66.1"	"4"		"This class includes the operation and supervision of financial markets other than by central banks and public authorities, for example:\n- commodity contracts exchanges\n- futures commodity contracts exchanges\n- securities exchanges\n- stock exchanges\n- stock or commodity options exchanges\n- crypto-asset exchanges\n- administration of financial markets, except insurance and pension funding\n- financial supervisory authorities of financial service activities, except insurance and pension funding (not by the central bank)"		"This class excludes:\n- energy exchanges for electricity, transmission or distribution capacities, see division 35\n- administration of financial markets for insurance and pension funding, see 66.29\n- financial supervisory authorities of insurance and pension funding (not by the central bank), see 66.29\n- financial and market regulation relating to the conduct of business and consumer protection and other wider financial regulatory activities, see 84.13"
"7550"	"6612"	"66.12"	"Security and commodity contracts brokerage"	"661"	"66.1"	"4"		"This class includes:\n- dealing in financial markets on behalf of others (e.g. stockbroking) and related activities\n- securities brokerage\n- brokerage of investment funds shares\n- brokerage of standardised commodity contracts\n- currency trading on behalf of others\n- brokerage of crypto-assets with liabilities that qualify as securities\n- exchange of currency on a fee basis (e.g. bureaux de change)\n- equity-based crowdfunding\n- debt-based crowdfunding offering loans and securities"	"This class also includes:\n- brokerage of securities for investment projects (e.g. wind or solar parks)"	"This class excludes:\n- dealing in financial markets on own account, see division 64\n- exchange of currency on own account, see 64.99\n- portfolio management on a fee or contract basis, see 66.30\n- buying and selling of real estate projects (e.g. wind or solar parks), see division 68\n- donation-based fundraising, see 82.99\n- trading and brokerage of crypto-assets without liabilities, see 82.99"
"7560"	"6619"	"66.19"	"Other activities auxiliary to financial services, except insurance and pension funding"	"661"	"66.1"	"4"		"This class includes auxiliary financial service activities not elsewhere classified, for example:\n- financial transaction processing and settlement activities, including digital (or internet-based) payment provision and settlement activities for credit card transactions\n- investment advisory services, including robo-advisory services\n- activities of mortgage and loan advisors and brokerage\n- activities of digital currency wallet providers\n- activities of financial advisors in relation to merger and acquisition services\n- validation and mining for crypto-assets deemed financial assets\n- securities custody\n- tokenisation of digital assets, including security token offerings, initial coin offerings"	"This class also includes:\n- activities of tax refund offices\n- consumer credit intermediation\n- activities of payment providers (e.g. electronic funds transfer services), including peer-to-peer payment services\n- analysing financial markets as an advisory service"	"This class excludes:\n- publishing of financial markets analysis, see 58.19\n- information search services regarding financial markets, see 63.92\n- crypto-assets exchanges, see 66.11\n- brokerage activities, see 66.12\n- activities of insurance agents and brokers, see 66.22\n- management of funds, see 66.30\n- activities of debt collection agencies and non-performing loans servicers, see 82.91\n- trading and brokerage of crypto-assets without liabilities, see 82.99"
"7570"	"662"	"66.2"	"Activities auxiliary to insurance and pension funding"	"66"	"66"	"3"		"This group includes acting as agents (in other words, brokers) in selling annuities and insurance policies or providing other employee benefits and insurance and pension-related services (for example, claims adjustment, third-party administration)."		"This group excludes:\n- pooling and assuming insurance risks by underwriting, see division 65"
"7580"	"6621"	"66.21"	"Risk and damage evaluation"	"662"	"66.2"	"4"		"This class includes the provision of administration services of insurance, for example:\n- assessing insurance claims\n • claims adjusting\n • risk assessing\n • risk and damage evaluation\n • average and loss adjusting\n- settling insurance claims"		"This class excludes:\n- appraisal of real estate, see 68.31\n- appraisal for other purposes, see 74.99\n- investigation activities, see 80.01"
"7590"	"6622"	"66.22"	"Activities of insurance agents and brokers"	"662"	"66.2"	"4"		"This class includes:\n- activities of insurance agents and brokers (insurance intermediaries) in selling, negotiating or soliciting of annuities and insurance and reinsurance policies"		
"7600"	"6629"	"66.29"	"Activities auxiliary to insurance and pension funding n.e.c."	"662"	"66.2"	"4"		"This class includes:\n- activities involved in or closely related to insurance and pension funding, except financial intermediation, claims adjusting and activities of insurance agents:\n • salvage administration\n • actuarial services\n • pension and insurance advisory activities\n • administration of financial markets for insurance and pension funding"	"This class also includes:\n- financial supervisory activities for insurance and pension funding (not by the central bank)"	"This class excludes:\n- marine salvage activities, see 52.22\n- publishing of insurance software/applications, see 58.29"
"7610"	"663"	"66.3"	"Fund management activities"	"66"	"66"	"3"				
"7620"	"6630"	"66.30"	"Fund management activities"	"663"	"66.3"	"4"		"This class includes portfolio and fund management activities such as making decisions on which investments to purchase or sell, on a fee or contract basis, for individuals, businesses and others, for example:\n- management of mutual funds\n- management of other investment funds\n- management of pension funds"	"This class also includes:\n- activities of asset management on a fee or contract basis\n- trustee, fiduciary and custody services on a fee or contract basis"	"This class excludes:\n- dealing in financial markets on own account, see 64.99\n- management of real estate, see division 68\n- management of public funds and public debt services, see 84.11"
"7630"	"M"	"M"	"REAL ESTATE ACTIVITIES"			"1"		"This section includes the activities of owning, renting out, buying, selling, developing or refurbishing (redeveloping) property. It includes various types of real estate investors (for example, real estate investment companies, real estate investment trust (REITs), real estate asset management firms, real estate funds, real estate development companies or real estate traders, housing cooperatives).\n\nFurthermore, it includes agents and/or brokers in one or more of the following: selling or buying real estate, renting out of real estate, providing other real estate services (for example, appraising real estate or acting as a real estate escrow agent). Activities in this section may be carried out on self-owned or leased property and may be carried out on a fee or contract basis."	"This section also includes the development of construction projects for self-owned buildings or civil engineering works for later sale or rental."	"This section excludes:\n- general construction and specialised construction activities for buildings and civil engineering works, see section F"
"7640"	"68"	"68"	"Real estate activities"	"M"	"M"	"2"				
"7650"	"681"	"68.1"	"Real estate activities with own property and development of building projects"	"68"	"68"	"3"		"This group includes the activities of buying, developing and selling of self-owned real estate."		"This group excludes:\n- general construction and specialised construction activities for buildings and civil engineering works, see section F \n- architectural and engineering activities and related technical consultancy, see 71.1\n- provision of architectural or engineering project management services for construction projects, see 71.1"
"7660"	"6811"	"68.11"	"Buying and selling of own real estate"	"681"	"68.1"	"4"		"This class includes:\n- buying and selling of self-owned real estate, e.g.:\n • apartment buildings and dwellings\n • non-residential buildings, including office buildings, industrial buildings, warehouses, hotels and other leisure buildings, exhibition halls, self-storage facilities, retail stores/shops, and shopping centres\n • data centres\n • land"	"This class also includes:\n- subdividing real estate into lots, without land improvement"	"This class excludes:\n- subdividing and improving self-owned land for later sale, see 68.12\n- development of building projects for sale, see 68.12"
"7670"	"6812"	"68.12"	"Development of building projects"	"681"	"68.1"	"4"		"This class includes:\n- development of building projects for self-owned residential and non-residential buildings or civil engineering works by bringing together financial, technical and physical means to realise the building projects for later sale\n- subdividing and improving of self-owned land for later sale"	"This class also includes:\n- redevelopment of building projects for self-owned residential and non-residential buildings or civil engineering works to realise the building projects for later sale"	"This class excludes:\n- construction of residential and non-residential buildings, see division 41\n- complete remodelling or renovating of existing residential or non-residential buildings involving several specialised construction activities, see division 41\n- painting and glazing activities as part of maintenance, see 43.34 \n- construction activities related to land improvement, see section F\n- development of building projects for own operation, i.e. for renting out the space in these buildings, see 68.20\n- architectural and engineering activities, see 71.1 \n- provision of architectural or engineering project management services for construction projects, see 71.1"
"7680"	"682"	"68.2"	"Rental and operating of own or leased real estate"	"68"	"68"	"3"				
"7690"	"6820"	"68.20"	"Rental and operating of own or leased real estate"	"682"	"68.2"	"4"		"This class includes:\n- rental and operating of self-owned or leased real estate:\n • apartment buildings and dwellings\n • non-residential buildings, including office buildings, industrial buildings, warehouses, hotels and other leisure buildings, exhibition halls, self-storage facilities, retail stores/shops, and shopping centres\n • data centres\n • land, including agricultural and forestry land\n- provision of homes and furnished or unfurnished flats or apartments for more permanent use, on an annual basis or longer\n- operation of residential mobile home sites for primary residences\n- development of building projects for own operation, i.e. for rental of space in these buildings"	"This class also includes:\n- letting of roofs (e.g. for solar power installations)\n- rental of industrial plants and factories, including machinery and equipment\n- provision of space exclusively for animal boarding"	"This class excludes:\n- operation of hotels, suite hotels, holiday homes, rooming houses, camping grounds, trailer parks and other non-residential or short-stay accommodation places (including student accommodation) provided for less than one year, see division 55\n- development of building projects for residential and non-residential buildings, for later sale, see 68.12 \n- rental of machinery, see 77.3 \n- residential care activities for older persons or persons with physical disabilities, including supervision and assistance in daily living, see 87.30"
"7700"	"683"	"68.3"	"Real estate activities on a fee or contract basis"	"68"	"68"	"3"				
"7710"	"6831"	"68.31"	"Intermediation service activities for real estate activities"	"683"	"68.3"	"4"		"This class includes the intermediation of buying, selling and rental of real estate by bringing clients and sellers or service providers together for a fee or commission. These intermediation activities can be carried out on digital platforms or through non-digital channels (including face-to-face, door-to-door, telephone, mail, and so on). The fee or commission can be received from either the client or the seller of the real estate or the provider of the real estate service. Revenue for the intermediation activities can include other sources of income (for example, revenues from selling advertising space to third parties).\n\nThis class includes the provision of real estate activities by real estate agencies or independent real estate agents:\n- intermediation in buying, selling and rental of real estate on a fee or contract basis"	"This class also includes:\n- real estate listing services"	"This class excludes:\n- activities of real estate escrow agents, see 68.32 \n- legal activities, see 69.10"
"7720"	"6832"	"68.32"	"Other real estate activities on a fee or contract basis"	"683"	"68.3"	"4"		"This class includes:\n- activities of rent-collecting agencies \n- management of real estate (e.g. property management of real estate or dwellings in joint ownership (mostly carried out on a fee or contract basis))\n- activities of real estate valuation\n- activities of real estate escrow agents\n- advisory activities on a fee or contract basis, in connection to buying, selling and rental of real estate"		"This class excludes:\n- legal activities, see 69.10\n- asset management activities as part of financial management consulting, see 70.20\n- combined facilities support services; the provision of a combination of support services (e.g. general interior cleaning, maintenance and making minor repairs, waste disposal, guard and security services), see 81.10"
"7730"	"N"	"N"	"PROFESSIONAL, SCIENTIFIC AND TECHNICAL ACTIVITIES"			"1"		"This section includes specialised professional, scientific and technical activities. These activities require a high degree of training and make specialised knowledge and skills available to users."		
"7740"	"69"	"69"	"Legal and accounting activities"	"N"	"N"	"2"		"This division includes legal representation of one party’s interest against another party, whether or not before courts or other judicial bodies by, or under the supervision of, persons who are members of the bar (for example, advice and representation in civil cases, advice and representation in criminal actions, advice and representation in connection with labour disputes).\n\nThe activities of this division may also be provided online."	"It also includes the preparation of legal documents (for example, articles of incorporation, partnership agreements or similar documents in connection with company formation, patents and copyrights, preparation of deeds, wills, trusts, and so on) as well as other activities of public notaries, civil law notaries, bailiffs, arbitrators, examiners and referees.\n\nIt also includes accounting and bookkeeping services (for example, auditing of accounting records, preparing financial statements and bookkeeping)."	
"7750"	"691"	"69.1"	"Legal activities"	"69"	"69"	"3"				
"7760"	"6910"	"69.10"	"Legal activities"	"691"	"69.1"	"4"		"This class includes:\n- legal representation of one party’s interest against another party, whether or not before courts or other judicial bodies by, or under the supervision of, persons who are members of the bar:\n • advice and representation in civil cases\n • advice and representation in criminal cases\n • advice and representation in connection with labour disputes\n- general counselling and advising, preparation of legal documents:\n • articles of incorporation, partnership agreements or similar documents in connection with company formation\n • patents and copyrights\n • preparation of deeds, wills, trusts, etc.\n- other activities of public notaries, civil law notaries, bailiffs, arbitrators, examiners and referees"	"This class also includes:\n- legal mediation activities\n- activities of appointed legal guardians, without provision of residential care"	"This class excludes:\n- activities of law courts, see 84.23\n- social mediation, see 88.99"
"7770"	"692"	"69.2"	"Accounting, bookkeeping and auditing activities; tax consultancy"	"69"	"69"	"3"				
"7780"	"6920"	"69.20"	"Accounting, bookkeeping and auditing activities; tax consultancy"	"692"	"69.2"	"4"		"This class includes:\n- recording of commercial transactions from businesses or others\n- bookkeeping activities for financial accounting and payroll accounting, etc.\n- preparation or auditing of financial accounts\n- examination of accounts and certification of their accuracy\n- preparation of tax returns for individuals or enterprises\n- accounting advisory activities and representation on behalf of clients before public administration (e.g. tax authorities and tax courts)\n- duty and tax tariff calculation service activities"	"This class also includes:\n- activities of invoicing services"	"This class excludes:\n- publishing of accounting software, see 58.29\n- computer programming of accounting software, see 62.10\n- management consultancy on accounting systems, budgetary control procedures, see 70.20\n- bill collection, see 82.91"
"7790"	"70"	"70"	"Activities of head offices and management consultancy"	"N"	"N"	"2"		"This division includes the provision of advice and assistance to businesses and other organisations on management issues (for example, strategic and organisational planning; financial planning and budgeting; marketing objectives and policies; human resources policies, practices and planning; production scheduling and control planning)."	"This division also includes:\n- the overseeing and managing of other units of the same enterprise or group of enterprises, i.e. the activities of head offices"	
"7800"	"701"	"70.1"	"Activities of head offices"	"70"	"70"	"3"				
"7810"	"7010"	"70.10"	"Activities of head offices"	"701"	"70.1"	"4"		"This class includes overseeing and managing other units of the enterprise or enterprise group, in other words, acting as a head office; undertaking the strategic or organisational planning and decision-making role of the company or enterprise; exercising operational control and managing the day-to-day operations of their related units. These activities are the same regardless of which activities the managed units perform (financing, manufacturing trade, and so on).\n\nThis class includes activities of:\n- centralised administrative offices\n- corporate offices\n- district and regional offices\n- subsidiary management offices"		"This class excludes:\n- activities of holding companies not engaged in head office activities, see 64.21"
"7820"	"702"	"70.2"	"Business and other management consultancy activities"	"70"	"70"	"3"				
"7830"	"7020"	"70.20"	"Business and other management consultancy activities"	"702"	"70.2"	"4"		"This class includes the provision of advice, guidance and operational assistance to businesses and other organisations on management issues (for example, corporate strategic and organisational planning, business process re-engineering, change management, cost reduction and other financial issues; marketing objectives and policies; human resources policies, practices and planning; compensation and retirement strategies; production scheduling and control planning).\n\nThis provision of business services may include advice, guidance or operational assistance to businesses and the public service regarding:\n- design of accounting methods or procedures\n- cost accounting programmes\n- budgetary control procedures\n- public procurement procedures\n- business start-up service activities\n- planning, organisation, efficiency and control\n- management information, etc."	"This class also includes:\n- certification of management (e.g. by management audits)\n- activities of a management company, exercising the mandate of a director or a manager"	"This class excludes:\n- design of computer software for accounting systems, see 62.10\n- legal advice and representation, see 69.10\n- accounting, bookkeeping and auditing activities, tax consulting, see 69.20\n- supervisory activities and management of other units of the enterprise or enterprise group, see 70.10\n- architectural and engineering advisory activities, see 71.11, 71.12\n- provision of advice, guidance and operational assistance on public relations and communication, see 73.30\n- environmental, agronomy and similar consulting activities, see 74.99\n- consulting activities for executive search and placement, see 78.10\n- activities of casting agents, see 78.10\n- staff selection activities, see 78.10\n- educational consulting activities, see 85.69"
"7840"	"71"	"71"	"Architectural and engineering activities; technical testing and analysis"	"N"	"N"	"2"		"This division includes the provision of architectural services, engineering services, drafting services, building inspection services, and surveying and mapping services."	"This division also includes the performance of physical, chemical and other analytical testing services, and the provision of technical certification services."	
"7850"	"711"	"71.1"	"Architectural and engineering activities and related technical consultancy"	"71"	"71"	"3"		"This group includes the provision of architectural services, engineering services, drafting services, building inspection services, surveying and mapping services, and so on."		
"7860"	"7111"	"71.11"	"Architectural activities"	"711"	"71.1"	"4"		"This class includes:\n- architectural consulting activities:\n • building design and drafting\n • town and city planning and landscape architecture\n- architectural activities to support the conservation and restoration of cultural heritage properties\n- interior architecture, i.e. redesigning a building’s interior structure and layout"		"This class excludes:\n- renovation, renewal, reconstruction and retrofitting of historical and archaeological sites and buildings, see 43.99\n- activities of computer consultants, see 62.20\n- planning or overseeing conservation of historical civil engineering construction, see 71.12\n- interior decorating, see 74.13\n- conservation, restoration and other cultural heritage support activities, see 91.30"
"7870"	"7112"	"71.12"	"Engineering activities and related technical consultancy"	"711"	"71.1"	"4"		"This class includes:\n- engineering design (i.e. applying physical laws and principles of engineering in the design of machines, materials, instruments, structures, processes and systems) and consulting activities for:\n • machinery, industrial processes and industrial plant\n • projects involving civil engineering, hydraulic engineering, traffic engineering\n • water management projects\n • nature-based infrastructure\n- design of building information systems (e.g. related to heating systems, fire extinguisher requirements)\n- elaboration and supervision of projects in relation to electrical and electronic, engineering, mining engineering, chemical engineering, mechanical, industrial and systems engineering\n- elaboration and supervision of projects using air conditioning, refrigeration, sanitary and pollution control, water supply, wastewater treatment, structural engineering, offshore and onshore marine engineering, health and safety engineering, acoustical engineering, etc.\n- geophysical, geologic and seismic surveying\n- geodetic surveying activities:\n • land and boundary surveying activities\n • hydrologic surveying activities\n • subsurface surveying activities\n- cartographic and spatial information activities\n- environmental engineering and related consulting activities\n- site engineering\n- noise abatement engineering\n- circular economy solutions engineering\n- design of computer plans for 3D printing"	"This class also includes:\n- activities of bathymetry\n- activities of photogrammetric surveying (e.g. data collection with drones)\n- preparation and revision of maps\n- construction supervision\n- project management activities related to engineering"	"This class excludes:\n- test drilling in connection with mining operations, see 09.10, 09.90\n- software publishing, see 58.2\n- development and programming of software, see 62.10\n- activities of computer consultants, see 62.20\n- development of building projects for residential and non-residential buildings, for later sale, see 68.12\n- technical testing, see 71.20\n- periodic testing of motor vehicles for road safety and roadworthiness, see 71.20\n- research and development activities related to engineering, see 72.10\n- activities related to other design services, see 74.1\n- aerial photography, see 74.20\n- activities of quantity surveyors, see 74.99"
"7880"	"712"	"71.2"	"Technical testing and analysis"	"71"	"71"	"3"				
"7890"	"7120"	"71.20"	"Technical testing and analysis"	"712"	"71.2"	"4"		"This class includes:\n- performance of physical, chemical and other analytical testing of all types of materials and products, e.g.:\n • acoustics and vibration testing\n • testing of composition and purity of minerals\n • testing activities in the field of food hygiene, including testing and control in relation to food production (e.g. testing of animals before slaughter)\n • testing of physical characteristics and the performance of materials (e.g. strength, thickness, durability, radioactivity)\n • qualification and reliability testing\n • performance testing of complete machinery: motors, automobiles, electronic equipment, etc.\n • radiographic testing of welds and joints\n • failure analysis\n • testing and measuring of environmental indicators: air and water pollution, etc.\n • testing the quality of fuels\n- certification of products, including consumer goods, motor vehicles, aircraft, pressurised containers, nuclear plants, etc.\n- periodic road safety testing of motor vehicles\n- testing with use of models or mock-ups (e.g. of aircraft, ships, dams)\n- operation of police or forensic laboratories\n- product origin and quality assessment activities"	"This class also includes:\n- inspections of air ducts, water and gas pipes, not associated with repair or installation"	"This class excludes:\n- inspections of air ducts, water and gas pipes, associated with repair or installation, see section F\n- sampling and weighing as part of goods handling operations, see 52.25\n- penetration testing of computer systems, ethical hacking and cybersecurity, see division 62\n- consulting activities carried out by companies or professionals in order to obtain a certification, see 70.20\n- DNA sequencing for general research on biological processes, see 72.10\n- testing of animal specimens, for sanitary reasons and not associated with food production, see 75.00\n- diagnostic imaging, testing and analysis of medical and dental specimens, see division 86\n- DNA sequencing for ruling out or curing a specific disease, see 86.91"
"7900"	"72"	"72"	"Scientific research and development"	"N"	"N"	"2"		"This division includes the activities of three types of research and development:\n(1) basic research: experimental or theoretical work undertaken primarily to acquire new knowledge of the underlying foundations of phenomena and observable facts, without particular application or use in view;\n(2) applied research: original investigation undertaken in order to acquire new knowledge, directed primarily towards a specific practical aim or objective; and\n(3) experimental development: systematic work, drawing on existing knowledge gained from research and/or practical experience, directed to producing new materials, products and devices, to installing new processes, systems and services, and to improving substantially those already produced or installed.\n\nResearch and experimental development activities in this division are not to be regarded as ancillary activities. They are subdivided into the two following categories: natural sciences and engineering; social sciences and the humanities."	"This division also includes:\n- developing and producing prototypes with the primary objective to make further improvements, whether or not associated with its production"	"This division excludes:\n- market research and public opinion polling, see 73.20"
"7910"	"721"	"72.1"	"Research and experimental development on natural sciences and engineering"	"72"	"72"	"3"				
"7915"	"7210"	"72.10"	"Research and experimental development on natural sciences and engineering"	"721"	"72.1"	"4"		"This class includes:\n- research and experimental development on natural sciences and engineering:\n • research and development on natural sciences\n • research and development on engineering and technology\n • research and development on medical, health and life, and veterinary sciences\n • research and development on biotechnology\n • research and development on agricultural, forestry and fisheries sciences\n • interdisciplinary research and development, predominantly on natural sciences and engineering"	"This class also includes:\n- DNA sequencing for general research on biological processes"	"This class excludes:\n- DNA sequencing for ruling out or curing a specific disease, see 86.91"
"7920"	"722"	"72.2"	"Research and experimental development on social sciences and humanities"	"72"	"72"	"3"				
"7925"	"7220"	"72.20"	"Research and experimental development on social sciences and humanities"	"722"	"72.2"	"4"		"This class includes:\n- research and development on social sciences (e.g. economics and business administration; psychology and cognitive sciences; education; sociology; law; political science; media and communication)\n- research and development on humanities and arts (e.g. history and archaeology; literature and languages; philosophy) \n- interdisciplinary research and development, predominantly on social sciences and humanities"	"This class also includes:\n- research and development on socio-economic relations"	"This class excludes:\n- market research and public opinion polling, see 73.20"
"7930"	"73"	"73"	"Activities of advertising, market research and public relations"	"N"	"N"	"2"		"This division includes the creation of advertising campaigns and placement of such advertising in periodicals, newspapers, radio, television, over the internet or other media, as well as the design of display structures and sites.\n\nThese advertising activities are often provided via advertising agencies and media representatives.\n\nThis division also includes market and opinion research (for example on the attitudes, values and behaviour of the population and of various socio-demographic and socio-economic groups with regard to economic, social and political issues). It also includes public relations and communication activities."		"This division excludes:\n- activities by which income is generated by advertising are classified according to the actual activity (e.g. publishing of advertising newspapers)\n- sale of advertising time or space directly by owners of the time or space (publishers, etc.), see the corresponding activity class"
"7940"	"731"	"73.1"	"Advertising"	"73"	"73"	"3"				
"7950"	"7311"	"73.11"	"Activities of advertising agencies"	"731"	"73.1"	"4"		"This class includes:\n- provision of a full range of advertising services (i.e. through in-house capabilities or subcontracting), including advice, creative services, production of advertising material\n- planning and organising advertising and marketing campaigns\n- placing advertisements in the media\n- conceptual work on advertising messages\n- managing the course of advertising campaigns\n- creation and realisation of advertising campaigns:\n • creating and placing advertising, planning social media marketing campaigns in newspapers, periodicals, radio, television, over the internet and other media\n • creating and placing of outdoor advertising (e.g. billboards, panels, bulletins and frames, window dressing, showroom design, car and bus carding)\n • aerial advertising\n • distribution or delivery of advertising material or samples\n • design of stands and other display structures and sites\n- conducting marketing campaigns and other advertising services\n • promotion of products\n • merchandising\n • point-of-sale marketing\n • direct mail advertising\n • marketing consulting\n • influencer marketing"		"This class excludes:\n- manufacturing of advertising material, see section C depending on the type of material\n- manufacturing of stands for fairs and exhibitions and of product displays, see section C depending on the type of material\n- installation of stands for fairs and exhibitions, see 43.32\n- publishing of advertising material, see 58.19\n- production of commercial messages for television and film, see 59.11\n- production of commercial product videos (including production of videos for social networks), see 59.11\n- publishing of contents that include video (e.g. by influencers, bloggers and vloggers), see 59.11\n- production of commercial messages for radio, see 59.20\n- content distribution (sharing) platforms, including blogs and wiki sites, social network sites, and operation of online gaming / video game sites, independent of publishing the games, see 60.39\n- market research and public opinion polling, see 73.20\n- advertising photography, see 74.20\n- postal and mailing activities, see 82.10\n- convention and trade show organisers, see 82.30\n- advertising services used to fund predominant activities of the business which may be provided free of charge, see predominant activity"
"7960"	"7312"	"73.12"	"Media representation"	"731"	"73.1"	"4"		"This class includes:\n- media representation, i.e. sale or resale of time and space for various media soliciting advertising"	"This class also includes:\n- sale of advertising space by intermediaries"	"This class excludes:\n- public relations and communication activities, see 73.30\n- sale of advertising time or space directly by owners of the time or space (publishers, etc.), see the corresponding activity class"
"7970"	"732"	"73.2"	"Market research and public opinion polling"	"73"	"73"	"3"				
"7980"	"7320"	"73.20"	"Market research and public opinion polling"	"732"	"73.2"	"4"		"This class includes:\n- conducting market research studies on the awareness, evaluation and use of goods and services, on product development and pricing, on the use of media and on the recall and impact of advertising\n- conducting studies of opinion research on the quality of life and lifestyles, on social participation and political participation, on political party preference and voting behaviour"	"This class also includes scientific conducting of market and opinion research with:\n- qualitative and quantitative methodological orientation\n- reactive and non-reactive survey procedures\n- collection of research data through questioning, observation, measurement and counting\n- face-to-face, postal, telephone and online interviews to collect research data"	"This class excludes:\n- advertising, see 73.1\n- public relations and communication activities, see 73.30\n- undertaking telephone interviews for market and opinion research surveys on a contract or fee basis, see 82.20"
"7990"	"733"	"73.3"	"Public relations and communication activities"	"73"	"73"	"3"				
"8000"	"7330"	"73.30"	"Public relations and communication activities"	"733"	"73.3"	"4"		"This class includes the provision of advice, guidance and operational assistance, including lobbying activities, to businesses and other organisations on public relations and communication."	"This class also includes:\n- activities of sales representatives, for promotion purposes"	"This class excludes:\n- advertising agencies and media representation services, see 73.1\n- market research and public opinion polling, see 73.20\n- design and consulting with respect to visual communication, see 74.12"
"8010"	"74"	"74"	"Other professional, scientific and technical activities"	"N"	"N"	"2"		"This division includes the provision of professional, scientific and technical services (except legal and accounting activities; architecture and engineering activities; technical testing and analysis; management and management consultancy activities; research and development; and advertising activities)."		
"8020"	"741"	"74.1"	"Specialised design activities"	"74"	"74"	"3"				
"8030"	"7411"	"74.11"	"Industrial product and fashion design activities"	"741"	"74.1"	"4"		"This class includes:\n- fashion design related to textiles, wearing apparel, shoes, jewellery, furniture and other interior decoration, and other fashion goods, as well as other personal or household goods\n- industrial design, carried out also through specialised software, i.e. creating and developing designs and specifications that optimise the use, value, package and appearance of products, including the determination of the materials, mechanism, shape, colour and surface finishes of the product, taking into consideration human characteristics and needs, safety, market appeal in distribution, use and maintenance"		"This class excludes:\n- engineering design, i.e. applying physical laws and principles of engineering in the design of machines, materials, instruments, structures, processes and systems, see 71.12\n- design of computer plans for 3D printing, see 71.12"
"8040"	"7412"	"74.12"	"Graphic design and visual communication activities"	"741"	"74.1"	"4"		"This class includes:\n- activities of graphic designers\n- graphic design of web pages\n- activities of communication designers\n- activities specialised in the design of messages and information, taking into account the characteristics and needs of people, corporate objectives, market attractiveness and dissemination media\n- design and consulting in the content and external appearance of campaigns and communication content; conception and design of visual images (corporate design) and media of corporate communication; brand design and brand updating; determination of visual language (form, colour, typography of publications, didactic illustration of complex and abstract contexts)"		"This class excludes:\n- design of computer-produced graphics for animations, see 59.11\n- designing the structure of web pages applying principles of software engineering, see 62.10\n- web design in combination with programming of web pages, see 62.10"
"8050"	"7413"	"74.13"	"Interior design activities"	"741"	"74.1"	"4"		"This class includes:\n- activities of interior decorators\n- interior design services (e.g. the planning and designing of interior spaces to meet the aesthetic and functional needs of people focusing mainly on finishes, furniture and colour palettes)\n- drafting designs for interior decoration"		"This class excludes:\n- architectural design activities, see 71.11"
"8060"	"7414"	"74.14"	"Other specialised design activities"	"741"	"74.1"	"4"				"This class excludes:\n- design of computer-produced graphics for animations, see 59.11"
"8070"	"742"	"74.2"	"Photographic activities"	"74"	"74"	"3"				
"8080"	"7420"	"74.20"	"Photographic activities"	"742"	"74.2"	"4"		"This class includes:\n- commercial and consumer photography:\n • portrait photography for passports, schools, weddings, etc.\n • photography for commercials, publishers, fashion, real estate or tourism purposes\n • aerial and underwater photography\n • videotaping of events: weddings, meetings, etc.\n- film processing:\n • developing, printing and enlarging from client-taken negatives or cine-films\n • film developing and photo printing laboratories\n • one-hour photo shops (not part of shops selling cameras)\n • mounting of slides\n • copying and restoring or transparency retouching in connection with photographs\n- activities of photojournalists\n- activities of artistic photographs"	"This class also includes:\n- microfilming of documents\n- digitising photographs, uploading video to the cloud\n- object scanning in 3D"	"This class excludes:\n- activities of printing photographs (from mobile telephones, memory cards, universal serial bus (USB) and other electronic supports), see 18.12\n- processing motion picture film related to motion picture and television industries, see 59.12\n- cartographic and spatial information activities, see 71.12\n- photogrammetric surveying activities, see 71.12\n- operation of coin-operated (self-service) photo machines, see 96.99"
"8090"	"743"	"74.3"	"Translation and interpretation activities"	"74"	"74"	"3"				
"8100"	"7430"	"74.30"	"Translation and interpretation activities"	"743"	"74.3"	"4"		"This class includes:\n- translation and interpretation of all languages, including sign language, whether spoken or written"		"This class excludes:\n- publishing translation software, see 58.29\n- development of translation tools and training translation engines, see 62.10\n- language teaching activities, see 85.59"
"8110"	"749"	"74.9"	"Other professional, scientific and technical activities n.e.c."	"74"	"74"	"3"				
"8115"	"7491"	"74.91"	"Patent brokering and marketing service activities"	"749"	"74.9"	"4"		"This class includes:\n- brokering and marketing activities for patents"	"This class also includes:\n- management services for rights to industrial property (patents, licences, trademarks, franchises, etc.)\n- activities of collective rights management organisations\n- management of rights in intellectual property (e.g. copyrights and their revenues)"	"This class excludes:\n- leasing of intellectual property and similar products, see 77.40"
"8120"	"7499"	"74.99"	"All other professional, scientific and technical activities n.e.c."	"749"	"74.9"	"4"		"This class includes a great variety of service activities generally delivered to commercial clients. It includes those activities for which more advanced professional, scientific and technical skill levels are required, but excludes ongoing, routine business functions that are generally of short duration.\n\nThis class includes:\n- business brokerage activities, i.e. arranging for the purchase and sale of small and medium-sized businesses, including professional practices, but excluding real estate brokerage\n- appraisal activities other than for real estate and insurance (for antiques, jewellery, etc.)\n- bill auditing and freight rate information\n- weather forecasting activities\n- consulting in the area of occupational safety and health at the workplace\n- agronomy consulting services\n- environmental consulting activities\n- energy-saving advice activities\n- other technical consulting\n- activities of quantity surveyors"	"This class also includes:\n- activities carried out by agents and agencies on behalf of individuals usually involving the obtaining of engagements in motion picture, theatrical production or other entertainment or sports attractions, as well as the placement of books, plays, artworks, photographs, etc., with publishers, producers, etc.\n- economic services for construction projects (e.g. by construction economists)\n- supervisory board activities\n- activities of planning and elaboration of projects in the area of hunting management\n- activities of estimation of the number of game animals"	"This class excludes:\n- activities of auctioning houses (wholesale) and online auction activities (wholesale), see 46.1\n- activities of auctioning houses (retail sale) and online auction activities (retail sale), see 47.9\n- activities of real estate brokers, see 68.31\n- bookkeeping activities, see 69.20\n- activities of management consultants, see 70.20\n- activities of architecture and engineering consultants, see 71.1\n- environmental engineering activities, see 71.12\n- geodetic surveying activities, see 71.12\n- industrial and machinery design, see 71.12, 74.11\n- veterinary testing and control in relation to food production, see 71.20\n- display of advertisements and other advertising design, see 73.11\n- sales promotion service activities, see 73.11\n- patent brokerage activities, see 74.91\n- management services for rights to industrial property (patents, licences, trademarks, franchises, etc.), see 74.91\n- security consultants’ activities, see 80.09\n- activities of convention and trade show organisers, see 82.30\n- administration of loyalty programmes, see 82.99\n- consultation of medical doctors, see 86.2\n- consumer credit and debt counselling, see 88.99"
"8130"	"75"	"75"	"Veterinary activities"	"N"	"N"	"2"		"This division includes the provision of animal health care and control activities for farm animals or pets. These activities are carried out by qualified veterinarians in veterinary hospitals as well as when visiting farms, kennels or homes, in own consulting and surgery rooms or elsewhere."	"It also includes animal ambulance activities."	
"8140"	"750"	"75.0"	"Veterinary activities"	"75"	"75"	"3"				
"8150"	"7500"	"75.00"	"Veterinary activities"	"750"	"75.0"	"4"		"This class includes:\n- animal health care and control activities for farm animals\n- animal health care and control activities for pets\n\nThese activities are carried out in veterinary hospitals as well as in farms, kennels or homes, in consulting and surgery rooms or elsewhere."	"This class also includes:\n- activities of veterinary assistants or other auxiliary veterinary personnel\n- clinico-pathological and other diagnostic activities pertaining to animals\n- animal ambulance activities\n- activities of animal chiropractors\n- activities of animal dieticians"	"This class excludes:\n- farm animal boarding activities without health care, see 01.62\n- sheep shearing, see 01.62\n- herd testing , droving and agistment services, poultry caponising, see 01.62\n- activities related to artificial insemination, see 01.62\n- testing and control of animals before slaughter in relation to food production, see 71.20\n- scientific research on animal genetics, see 72.10\n- pet boarding activities without health care, see 96.99"
"8160"	"O"	"O"	"ADMINISTRATIVE AND SUPPORT SERVICE ACTIVITIES"			"1"		"This section includes a variety of activities that support general business operations. These activities differ from those in section N since their primary purpose is not the transfer of specialised knowledge."		
"8170"	"77"	"77"	"Rental and leasing activities"	"O"	"O"	"2"		"This division includes the rental and leasing of tangible and non-financial intangible assets and intermediation service activities thereof. For leasing activities, only the provision of operating leases is included in this division. The renter or lessor has the economic risk for the tangible goods and non-financial intangible assets provided, whereas the intermediator has no economic risk for the tangible goods and non-financial intangible assets that are intermediated. In this division, a wide array of tangible goods is concerned (for example, automobiles, computers, consumer goods, industrial machinery and equipment), provided to customers in return for a periodic rental or lease payment."		"This division excludes: \n- rental of equipment with an operator, see corresponding classes according to activities carried out with this equipment (e.g. construction (section F), transport (section H))\n- streaming of content (e.g. software, books, by content publishers), see division 58\n- audiobook streaming activities not associated with its publishing, see 60.10\n- financial leasing, see 64.91\n- rental of real estate, see section M"
"8180"	"771"	"77.1"	"Rental and leasing of motor vehicles"	"77"	"77"	"3"				
"8190"	"7711"	"77.11"	"Rental and leasing of cars and light motor vehicles"	"771"	"77.1"	"4"		"This class includes:\n- rental and operating leasing of motor vehicles (with a maximum permissible weight not exceeding 3,5 tons) without a driver, regardless of the length of rental period or way of payment (e.g. subscription):\n • passenger cars, motorhomes, other light motor vehicles without a driver \n- rental of shared cars"	"This class also includes:\n- rental and operating leasing of an individual’s own car without a driver\n- rental and leasing of motorcycles"	"This class excludes:\n- rental or leasing of passenger cars or light motor vehicles with a driver, see 49.33\n- intermediation service activities for the rental and leasing of passenger cars and light motor vehicles, see 77.51"
"8200"	"7712"	"77.12"	"Rental and leasing of trucks"	"771"	"77.1"	"4"		"This class includes:\n- rental and operating leasing of the following types of vehicles:\n • trucks, motorhomes, utility trailers and heavy motor vehicles (with a maximum permissible weight of more than 3,5 tons) without a driver"		"This class excludes:\n- rental or leasing of heavy goods vehicles or trucks with a driver, see 49.41, 49.42\n- rental or leasing of land transport equipment (other than motor vehicles) without a driver (e.g. caravans), see 77.39"
"8210"	"772"	"77.2"	"Rental and leasing of personal and household goods"	"77"	"77"	"3"		"This group includes the rental of personal and household goods as well as the rental of recreational and sports equipment and videodiscs. Activities generally include short-term rental of goods, although in some instances the goods may be leased for longer periods of time."		
"8220"	"7721"	"77.21"	"Rental and leasing of recreational and sports goods"	"772"	"77.2"	"4"		"This class includes the rental of recreational and sports equipment, for example:\n- pleasure boats, moveable houseboats, canoes, sailing boats and yachts without an operator\n- bicycles, including bicycles with electrical assistance\n- skis"		"This class excludes:\n- rental of pleasure boats and sailing-boats with crew, see 50.10, 50.30\n- provision of short-term accommodation in non-moveable houseboats, see 55.20\n- rental of non-moveable houseboats as primary residences, see 68.20\n- rental of videotapes and discs, see 77.22\n- rental of other personal and household goods, see 77.22\n- rental and leasing of water transport equipment for passengers or freight (e.g. boats, ships, hovercraft, without an operator), see 77.34\n- rental of leisure and pleasure equipment as an integral part of recreational facilities, see 93.29"
"8230"	"7722"	"77.22"	"Rental and leasing of other personal and household goods"	"772"	"77.2"	"4"		"This class includes:\n- rental of all kinds of household or personal goods (except recreational and sports equipment), to households or industries:\n • textiles, wearing apparel and footwear (e.g. curtains, costumes, wedding dresses and shoes)\n • furniture, pottery and glass, kitchen and tableware, electrical appliances and housewares\n • jewellery, musical instruments, scenery and costumes\n • books, journals and magazines\n • machinery and equipment used by amateurs (e.g. tools for home repairs)\n • flowers and plants\n • electronic equipment for household use\n- rental of video games, videotapes, discs, records, etc.\n- rental of gazebos and tensile structures without additional services"		"This class excludes:\n- providing accommodation services in tents, see 55.30\n- provision of online games by the publisher (not only one-time purchases but also subscriptions as well as in-game purchases and in-app purchases), see 58.21\n- operation of online gaming / video game sites, independent of publishing the games, see 60.39\n- rental of cars, motorcycles, trucks, utility trailers, and recreational vehicles without a driver, see 77.1\n- rental of sports and recreational goods, see 77.21\n- rental of office furniture, see 77.33\n- rental of caravans, see 77.39\n- rental of tents for events, see 77.39"
"8240"	"773"	"77.3"	"Rental and leasing of other machinery, equipment and tangible goods"	"77"	"77"	"3"				
"8250"	"7731"	"77.31"	"Rental and leasing of agricultural machinery and equipment"	"773"	"77.3"	"4"		"This class includes:\n- rental and operating leasing of agricultural and forestry machinery and equipment without an operator:\n • rental of products produced within the manufacture of agricultural and forestry machinery (class 28.30), e.g. agricultural tractors"		"This class excludes:\n- rental of agricultural and forestry machinery or equipment with an operator, see 01.61, 02.40"
"8260"	"7732"	"77.32"	"Rental and leasing of construction and civil engineering machinery and equipment"	"773"	"77.3"	"4"		"This class includes:\n- rental and operating leasing of construction and civil engineering machinery and equipment without an operator:\n • crane lorries\n • scaffolds and work platforms, without erection and dismantling"		"This class excludes:\n- rental of construction and civil engineering machinery or equipment with an operator, see division 43\n- rental or operating leasing of scaffolds and work platforms, including erection and dismantling, see 43.99\n- rental or operating leasing of mining machinery and equipment, see 77.39"
"8270"	"7733"	"77.33"	"Rental and leasing of office machinery, equipment and computers"	"773"	"77.3"	"4"		"This class includes:\n- rental and operating leasing of office machinery and equipment without an operator:\n • computers and computer peripheral equipment\n • duplicating machines, typewriters and word-processing machines\n • accounting machinery and equipment: cash registers, electronic calculators, etc.\n • office furniture"		
"8280"	"7734"	"77.34"	"Rental and leasing of water transport equipment"	"773"	"77.3"	"4"		"This class includes:\n- rental and operating leasing of water transport equipment without an operator:\n • commercial boats, ships and hovercraft"		"This class excludes:\n- rental of water transport equipment with an operator, see division 50\n- rental of pleasure boats without an operator, see 77.21"
"8290"	"7735"	"77.35"	"Rental and leasing of air transport equipment"	"773"	"77.3"	"4"		"This class includes:\n- rental and operating leasing of air transport equipment without an operator:\n • airplanes\n • hot-air balloons\n • helicopters"		"This class excludes:\n- rental of air transport equipment with an operator, see division 51"
"8300"	"7739"	"77.39"	"Rental and leasing of other machinery, equipment and tangible goods n.e.c."	"773"	"77.3"	"4"		"This class includes:\n- rental and operating leasing, without an operator, of other machinery and equipment generally used as capital goods by industries:\n • engines and turbines\n • machine tools\n • mining and oilfield equipment\n • professional radio, television and communication equipment\n • motion picture production equipment\n • measuring and controlling equipment\n • other scientific, commercial and industrial machinery\n- rental and operating leasing of land transport equipment (other than motor vehicles) without a driver:\n • caravans\n • railway vehicles\n- tyre leasing\n- rental of equipment for events, fairs and exhibitions (e.g. for rigging power, light, sound and stage equipment)\n- rental of furniture for events, fairs and exhibitions\n- rental of medical/hospital equipment\n- rental and leasing of slot machines"	"This class also includes:\n- rental of accommodation or office containers\n- rental of animals (e.g. herds, racehorses)\n- rental of other containers\n- rental of pallets"	"This class excludes:\n- rental of motorcycles, see 77.11\n- rental of bicycles, see 77.21\n- rental of agricultural and forestry machinery and equipment, see 77.31\n- rental of construction and civil engineering machinery and equipment, see 77.32\n- rental of office machinery and equipment, including computers, see 77.33"
"8310"	"774"	"77.4"	"Leasing of intellectual property and similar products, except copyrighted works"	"77"	"77"	"3"				
"8320"	"7740"	"77.40"	"Leasing of intellectual property and similar products, except copyrighted works"	"774"	"77.4"	"4"		"This class includes the activities of allowing others to use intellectual property products and similar products for which a royalty payment or licensing fee is paid to the owner of the product (in other words, the asset holder). The leasing of these products can take various forms (for example, permission for reproduction, use in subsequent processes or products, operating businesses under a franchise). The current owners may or may not have created these products.\n\nThis class includes:\n- leasing of intellectual property products, except copyrighted works (e.g. books, software)\n- receiving royalties or licensing fees for the use of:\n • patented entities\n • trademarks or service marks\n • brand names\n • mineral exploration and evaluation\n • franchise agreements\n • internet domains\n • rights of designed or developed board games"	"This class also includes:\n- receiving royalties or licensing fees for scientific research results"	"This class excludes:\n- acquisition of rights and publishing, see divisions 58, 59\n- producing, reproducing and distributing copyrighted works (books, software, film), see divisions 58, 59\n- streaming of content (e.g. software, books, by content publishers), see division 58\n- audiobook streaming activities not associated with its publishing, see 60.10\n- leasing of real estate, see 68.20\n- leasing of tangible products (assets), see 77.1, 77.2, 77.3"
"8324"	"775"	"77.5"	"Intermediation service activities for rental and leasing of tangible goods and non-financial intangible assets"	"77"	"77"	"3"				
"8326"	"7751"	"77.51"	"Intermediation service activities for rental and leasing of cars, motorhomes and trailers"	"775"	"77.5"	"4"		"This class includes the intermediation of the rental and leasing of passenger cars, motorhomes, motorcycles, caravans, and so on by bringing clients and service providers together for a fee or commission, without the intermediary providing the rental and leasing services that are intermediated. These intermediation activities can be carried out on digital platforms or through non-digital channels (including face-to-face, door-to-door, telephone, mail, and so on). The fee or commission can be received from either the client or the provider of the rental and leasing service. Revenue for the intermediation activities can include other sources of income (for example, revenues from the sale of advertising space)."	"This class also includes:\n- reservation services for car rentals"	"This class excludes:\n- rental of light motor vehicles, see 77.11\n- rental of heavy motor vehicles (e.g. motorhomes), see 77.12\n- rental of caravans, see 77.39"
"8328"	"7752"	"77.52"	"Intermediation service activities for rental and leasing of other tangible goods and non-financial intangible assets"	"775"	"77.5"	"4"		"This class includes the intermediation of the rental and leasing of other tangible goods and non-financial intangible assets, by bringing clients and service providers together for a fee or commission, without the intermediary providing the rental and leasing services that are intermediated. These intermediation activities can be carried out on digital platforms or through non-digital channels (including face-to-face, door-to-door, telephone, mail, and so on). The fee or commission can be received from either the client or the provider of the rental and leasing service. Revenue for the intermediation activities can include other sources of income (for example, revenues from the sale of advertising space).\n\nThis class includes:\n- providing intermediation between households that offer their goods for rental and households renting the goods (e.g. lawn mowers, ladders, bicycles)"		"This class excludes:\n- rental and leasing of personal and household goods, see 77.2\n- units that have ownership of other machinery, equipment and tangible goods and/or non-financial intangible assets ultimately rented and leased, see 77.3, 77.40"
"8330"	"78"	"78"	"Employment activities"	"O"	"O"	"2"		"This division includes activities of listing employment vacancies and referring or placing applicants for employment where the individuals referred or placed are not employees of the employment agencies, activities supplying workers to clients’ businesses for periods of time to supplement the workforce of the client, and activities of providing other human resources.\n\nThis division includes:\n- personnel search and placement activities\n- activities of theatrical casting agencies\n- activities of recruitment agencies\n- headhunting activities"		"This division excludes:\n- activities of agents for individual artists, see 74.99"
"8340"	"781"	"78.1"	"Activities of employment placement agencies"	"78"	"78"	"3"				
"8350"	"7810"	"78.10"	"Activities of employment placement agencies"	"781"	"78.1"	"4"		"This class includes listing employment vacancies and referring or placing applicants for employment where the individuals referred or placed are not employees of the employment agencies.\n\nThis class includes:\n- personnel search, selection referral and placement activities, including executive search and placement activities\n- activities of casting agencies and bureaux (e.g. theatrical casting and model agencies)\n- activities of online employment placement agencies"	"This class also includes: \n- activities of talent scouts"	"This class excludes: \n- activities of invoicing services, see 69.20\n- activities of agents for individual artists, see 74.99\n- activities of agencies providing babysitters and au pairs for households, see 78.20"
"8360"	"782"	"78.2"	"Temporary employment agency activities and other human resource provisions"	"78"	"78"	"3"				
"8370"	"7820"	"78.20"	"Temporary employment agency activities and other human resource provisions"	"782"	"78.2"	"4"		"This class includes the activities of supplying workers to clients’ businesses for specific periods of time to temporarily replace or supplement the workforce of the client. In such an employment arrangement, the temporary employment agency or provider of human resources is the employer of the individual workers provided. However, the client is responsible for the supervision of the temporary personnel.\n\nThese activities are providing human resources for clients’ businesses. The units classified here represent the employer of record for the temporary employees on matters relating to payroll, taxes, and other fiscal and human resource issues, but they are not responsible for the management and supervision of employees. The units classified here perform a wide range of human resource and personnel management duties associated with this provision."		"This class excludes:\n- activities of invoicing services, see 69.20"
"8380"	"79"	"79"	"Travel agency, tour operator and other reservation service and related activities"	"O"	"O"	"2"		"This division includes the activities of agencies, primarily engaged in the sale and operation of pre-packaged or custom-packaged travel packages, comprising transport, accommodation, amusement and entertainment, tour guide and other services to the general public and commercial clients, and the activities of arranging and assembling tours that are sold through travel agencies or directly by agents (for example, tour operators) and other travel-related services, including reservation services."	"This division also includes: \n- activities of tourist guides and for tourism promotion \n- intermediation services for travel"	"This division excludes:\n- intermediation service activities for passenger transport only, see 52.32\n- intermediation service activities for accommodation only, see 55.40\n- intermediation service activities for food and beverage service activities, see 56.40 \n- intermediation service activities for the rental of cars, motorhomes, and caravans, see 77.51\n- intermediation service activities for amusement, sport and theatrical tickets, see 82.40"
"8390"	"791"	"79.1"	"Travel agency and tour operator activities"	"79"	"79"	"3"		"This group includes the activities of agencies, primarily engaged in the sale of pre-packaged or custom-packaged travel packages, comprising transport, accommodation, tour guide and other services to the general public and commercial clients and the activities of arranging and assembling tours that are sold through travel agencies or directly by agents (for example, tour operators)."	"This group also includes the activities of tour operators."	
"8400"	"7911"	"79.11"	"Travel agency activities"	"791"	"79.1"	"4"		"This class includes:\n- activities of agencies, primarily engaged in the sale of packaged tours and cruises to the general public or to commercial clients, alongside additional accommodation advice or expertise:\n • reservation services for pre-packaged tours, domestic (national) and international\n • reservation services for customised tour packages for groups, domestic (national) or international\n- intermediation service activities for the conclusion of contracts for the provision of tourist services from tour operators"	"This class also includes:\n- intermediation of packaged travel services in the destination"	"This class excludes:\n- intermediation service activities for passenger transport only, see 52.32\n- intermediation service activities for accommodation only, see 55.40\n- activities of factual and legal actions related to the conclusion of contracts for the provision of tourist services, at the request of the customer, see division 69\n- selling of deferred travel services: form of distribution of a service linked to travel, which can be of any nature (hotels, restaurants, personal care, leisure activities, etc.), see 82.99"
"8410"	"7912"	"79.12"	"Tour operator activities"	"791"	"79.1"	"4"		"This class includes:\n- arranging, assembling and marketing packaged tours:\n • pre-packaged tours, domestic (national) and international\n • customised tour packages for groups, domestic (national) and international\n\nPackage tours usually include passenger and baggage transport, accommodation, food and sightseeing services. Tour operators are engaged in the operation of tour packages that are sold by travel agencies, including arranging and assembling different services in the packaged tour. \n\nTour operators might be employed or contracted by a travel agency, or they might operate as independent tour operators."		"This class excludes:\n- sale of packaged tours, see 79.11"
"8420"	"799"	"79.9"	"Other reservation service and related activities"	"79"	"79"	"3"				
"8430"	"7990"	"79.90"	"Other reservation service and related activities"	"799"	"79.9"	"4"		"This class includes:\n- visitor assistance services:\n • provision of travel information to visitors\n • activities of independent tourist guides\n- activities of tourism promotion"		"This class excludes:\n- fee-based reservation activities for passenger transport, see 52.32\n- timeshare exchange services, see 55.40\n- activities of travel agencies, see 79.11\n- activities of tour operators, see 79.12\n- organisation and management of events (e.g. meetings, conventions and conferences, including transport, accommodation, ticketing if managed by the organiser itself), see 82.30\n- intermediation service activities for theatrical, sports, amusement and entertainment tickets, see 82.40"
"8440"	"80"	"80"	"Investigation and security activities"	"O"	"O"	"2"		"This division includes security-related services: \n- investigation services in private, commercial, corporate, insurance and criminal law for the exercise of rights in court \n- guard and patrol services \n- picking up and delivering money, receipts or other valuable items, with personnel and equipment to protect such properties while in transit \n- security system services and the operation of electronic security alarm systems (e.g. burglar and fire alarms), as well as remote monitoring and video surveillance systems services, where the activity focuses on remote monitoring these systems, but often also involves sale, installation and repair services"	"This division also includes:\n- security services related to the prevention and safety of people at public events and premises open to the public\n- security services providing armoured car services"	"This division excludes: \n- information technology security activities, see division 62"
"8450"	"800"	"80.0"	"Investigation and security activities"	"80"	"80"	"3"		"This group includes security activities that are normally carried out by private operators."		
"8460"	"8001"	"80.01"	"Investigation and private security activities"	"800"	"80.0"	"4"		"This class includes:\n- investigation services in private, commercial, insurance and legal fields\n- guard, patrol or security services\n- support services for cash collection and deposit services\n- secure shredding and data destruction services\n- armoured car services"	"This class also includes:\n- guard and security service activities (e.g. for shops, trauma centres)\n- luggage and passenger inspection at airports, railway stations and other similar places\n- activities of security personnel for events, concerts, fairs and exhibitions"	"This class excludes:\n- risk analysis, security advice and consulting, see 80.09\n- remote surveillance activities, see 80.09\n- concierge, reception and doormen safety services, see 81.10, 82.10\n- public order and safety activities, see 84.24\n- security, including cybersecurity training, see 85.59"
"8470"	"8009"	"80.09"	"Security activities n.e.c."	"800"	"80.0"	"4"		"This class includes the provision of one or more of the following services: security system services as part of security service centres or alarm receiving centres (ARC); remote monitoring and video surveillance systems services; and – only if provided in connection with later monitoring and remote monitoring services – installation, repair and maintenance of electronic security systems."	"This class also includes:\n- security consultants’ activities\n- activities in an emergency call and service centre or alarm receiving centre (ARC) \n- monitoring and remote monitoring of electronic security systems (e.g. burglar alarms, video surveillance systems, fire alarms)\n- monitoring and remote monitoring of mechanical or electronic locking devices, safes and vaults \n- installation and maintenance of electronic security systems, (e.g. burglar or theft alarms, video surveillance systems, fire alarms), if provided in connection with later monitoring and remote monitoring services \n- installation, repair, modification and adaptation of mechanical or electronic locking devices, electronic security systems, safes and vaults, if provided in connection with later monitoring and remote monitoring services"	"This class excludes:\n- installation of security systems (e.g. burglar alarms, surveillance systems, fire alarms), without later monitoring and remote monitoring services, see 43.21\n- retail sale of electrical security alarm systems, mechanical or electronic locking devices, safes and security vaults, without later monitoring, installation or maintenance services, see 47.52\n- cybersecurity consulting activities, see 62.20\n- public order and safety activities (e.g. policing), see 84.24\n- providing key duplication services, see 95.29"
"8480"	"81"	"81"	"Services to buildings and landscape activities"	"O"	"O"	"2"		"This division includes the provision of a number of general support services, for example: \n- the provision of a combination of support services within clients’ facilities\n- the interior and exterior cleaning of buildings of all types \n- cleaning of industrial machinery, cleaning of trains, buses, planes, etc. \n- cleaning of the inside of road and sea tankers \n- disinfecting and exterminating activities for buildings, ships, trains, etc. \n- bottle cleaning \n- street sweeping \n- snow and ice removal \n- provision of landscape care and maintenance services"		
"8490"	"811"	"81.1"	"Combined facilities support activities"	"81"	"81"	"3"				
"8500"	"8110"	"81.10"	"Combined facilities support activities"	"811"	"81.1"	"4"		"This class includes the provision of a combination of support services within clients’ facilities. These services include general interior cleaning, maintenance, waste disposal, doormen and surveillance services, mail routing, reception, laundry and related services to support operations within facilities. These support activities are performed by operating staff, who are not involved with or responsible for the core business or activities of the client."		"This class excludes:\n- provision of on-site management and operation of a client’s computer systems and/or data processing facilities, see 62.20\n- management of real estate (e.g. property management of real estate or dwellings in joint ownership (mostly carried out on a fee or contract basis)), see 68.32\n- guard and security service activities, see 80.01\n- operation of prisons on a contract or fee basis, see 84.23\n- provision of only one of the support services (e.g. general interior cleaning services) or addressing only a single function (e.g. heating), see the appropriate NACE class according to the service provided\n- provision of management and operating staff for the complete operation of a client’s establishment (e.g. hotel, restaurant, mine, hospital), see the class of the unit operated"
"8510"	"812"	"81.2"	"Cleaning activities"	"81"	"81"	"3"		"This group includes general, specialised and other cleaning activities. The difference between them is not based on the type of customers served, but on the type of cleaning.\n\nThis group includes the activities of general interior cleaning of all types of buildings, the exterior cleaning of buildings, specialised cleaning activities for buildings or other specialised cleaning activities, cleaning of industrial machinery, cleaning of the inside of road and sea tankers, disinfecting and extermination activities for buildings and industrial machinery, bottle cleaning, street sweeping, snow and ice removal."		"This group excludes:\n- agricultural pest control, see 01.61\n- carpet and rug shampooing, drapery and curtain cleaning, see 96.10"
"8520"	"8121"	"81.21"	"General cleaning of buildings"	"812"	"81.2"	"4"		"This class includes:\n- general (non-specialised) cleaning of all types of buildings, e.g.:\n • offices\n • private dwellings (e.g. houses or apartments)\n • factories\n • shops\n • institutions\n- general (non-specialised) cleaning of other business and professional premises and multi-unit residential buildings\n\nThese general cleaning activities are mostly interior cleaning although they may include the cleaning of associated exterior areas (for example, windows, passageways)."		"This class excludes:\n- specialised cleaning activities (e.g. cleaning of windows, chimneys, fireplaces, boilers, exhaust units), see 81.22"
"8530"	"8122"	"81.22"	"Other building and industrial cleaning activities"	"812"	"81.2"	"4"		"This class includes:\n- exterior cleaning of buildings of all types (e.g. offices, factories, shops, schools and other institutions, other business and professional premises, multi-unit residential buildings)\n- specialised cleaning activities for businesses in food industries, including manufacturing, retail sale, restaurants, etc.\n- specialised cleaning activities for buildings (e.g. facade and window cleaning, chimney cleaning and cleaning of fireplaces, stoves, furnaces, incinerators, boilers, ventilation ducts and exhaust units)\n- specialised industrial cleaning (e.g. cleaning of industrial machinery)\n- cleaning of water supply pipelines\n- cleaning of aeraulic ducts\n- other specialised building and industrial cleaning activities n.e.c.\n- cleaning of new buildings immediately after construction\n- steam cleaning, sandblasting and similar activities for building exteriors"		
"8540"	"8123"	"81.23"	"Other cleaning activities"	"812"	"81.2"	"4"		"This class includes:\n- swimming pool cleaning and maintenance activities\n- cleaning of trains, buses, planes, etc.\n- cleaning of the inside of road and sea tankers\n- sanitising, disinfecting and exterminating activities\n- bottle cleaning\n- street sweeping and snow and ice removal\n- other cleaning activities n.e.c."		"This class excludes:\n- agricultural pest control, see 01.61\n- cleaning of motor vehicles, including car washing, see 95.31"
"8550"	"813"	"81.3"	"Landscape service activities"	"81"	"81"	"3"				
"8560"	"8130"	"81.30"	"Landscape service activities"	"813"	"81.3"	"4"		"This class includes:\n- planting, care and maintenance of parks and gardens for:\n • private and public housing\n • public and semi-public buildings (schools, hospitals, administrative buildings, church buildings, etc.)\n • municipal grounds (parks, green areas, cemeteries, etc.)\n • highway greenery (roads, train lines and tramlines, waterways, ports)\n • industrial and commercial buildings\n- planting, care and maintenance of greenery for:\n • buildings (roof gardens, facade greenery, indoor gardens, etc.)\n • sports grounds (football fields, golf courses, etc.), playgrounds, lawns for sunbathing and other recreational parks\n • stationary and flowing water (basins, alternating wet areas, ponds, swimming pools, ditches, watercourses, plant sewage systems)\n- planting of vegetation for protection against noise, wind, erosion, visibility\n- protection and restoring landscape (e.g. for parks, gardens)\n- ecological engineering works for the purpose of ecological preservation of sites"	"This class also includes: \n- restoration of natural environments (e.g. plant engineering, renaturation of ecosystems)\n- erosion control activities in mountain environments, spawning grounds and riverbanks \n- creation and relocation of species habitats (e.g. nesting boxes, shelters, hibernacula)\n- prevention, control and response activities against the introduction and spread of invasive species in fauna or flora \n- environmental management (e.g. performing protection and maintenance measures for dunes, moors, wetlands or other sensitive areas; eco-grazing)"	"This class excludes:\n- protection or restoration activities of agricultural and forestry land, see divisions 01 and 02\n- commercial growing and planting for commercial growing of plants, trees, see divisions 01 and 02\n- tree nurseries and forest tree nurseries, see 01.30, 02.10\n- keeping the land in good environmental condition for agricultural use, see 01.61\n- restoration of marine ecosystems, see 03.30\n- construction activities for landscaping purposes, see section F\n- landscape design and architectural activities, see 71.11\n- operation of national parks, nature reserves, etc., including conservation and maintenance, see 91.42"
"8570"	"82"	"82"	"Office administrative, office support and other business support activities"	"O"	"O"	"2"		"This division includes the provision of a range of day-to-day office administrative services, as well as ongoing routine business support functions for others, on a contract or fee basis."	"This division also includes all support service activities typically provided to businesses not elsewhere classified."	
"8580"	"821"	"82.1"	"Office administrative and support activities"	"82"	"82"	"3"				
"8590"	"8210"	"82.10"	"Office administrative and support activities"	"821"	"82.1"	"4"		"This class includes the provision of a combination of day-to-day office administrative services (for example, reception, financial planning, billing and record-keeping, personnel, postal and mailing services, and so on), for others on a contract or fee basis.\n\nThis class includes:\n- document preparation (e.g. editing, proofreading, typing, word processing and pre-archiving)\n- other secretarial support services\n- transcription of documents\n- letter or résumé writing\n- provision of mailbox rental services and other postal and mailing services (e.g. pre-sorting, addressing)\n- duplicating\n- blueprinting\n- operation of photocopying machines for photocopying as a self-service \n- digitalisation of files (without any further processing of data) \n- formatting of e-books"	"This class also includes support activities for others on a contract or fee basis that are ongoing routine business support functions that businesses and organisations traditionally do for themselves."	"Units classified in this class do not provide operating staff to carry out the complete administrative operations of a business. Units engaged in one particular aspect of these activities are classified according to that particular activity.\n\nThis class excludes:\n- printing of documents (offset printing, quick printing, digital printing, etc.), see 18.12\n- pre-press services, see 18.13 \n- storage of paper files, see 52.10 \n- courier services, see 53.20 \n- data processing and digitalisation of files associated with the further processing of data, see 63.10 \n- storage of data files, see 63.10 \n- rental of non-equipped offices, co-working spaces and fully-equipped offices, see 68.20 \n- activities of shared service centres (SSC) with strategic and managerial activities/centralised activities, see 70.10\n- developing and organising mail advertising campaigns, see 73.11\n- renting of containers to be used as offices, see 77.39\n- public stenography services and specialised stenotype services (e.g. court reporting), see 82.99\n- archiving of all kinds of documents (in paper or electronic forms), see 91.12"
"8600"	"822"	"82.2"	"Activities of call centres"	"82"	"82"	"3"				
"8610"	"8220"	"82.20"	"Activities of call centres"	"822"	"82.2"	"4"		"This class includes the activities of:\n- inbound call centres, including answering calls from clients by using human operators, automatic call distribution, computer telephone integration, interactive voice response systems or similar methods to receive orders, provide product information, deal with customer requests for assistance or address customer complaints\n- outbound call centres using similar methods to market goods or services to potential customers; conducting telephone interviews for market and opinion research surveys on a contract or fee basis\n- web-based contact centres"	"This class also includes the activities of:\n- centres dealing with customer requests for assistance or addressing customer complaints through other communication channels"	"This class excludes:\n- activities of brokers and agents for electric power and natural gas, see 35.40\n- intermediation service activities for specialised construction services, see 43.60 \n- intermediation service activities for retail sale, see 47.9 \n- intermediation service activities for transport, see 52.3 \n- intermediation service activities for postal and courier activities, see 53.30 \n- intermediation service activities for accommodation, see 55.40 \n- intermediation service activities for food and beverage service activities, see 56.40 \n- intermediation service activities for video game software publishing, see 58.21\n- intermediation service activities for software publishing and software downloads, see 58.29\n- intermediation service activities for telecommunication activities, see 61.20 \n- financial and insurance intermediation service activities, see section L (e.g. activities of insurance agents and brokers (class 66.22))\n- intermediation service activities for real estate activities, see 68.31 \n- market research and public opinion polling and statistical analysis thereof, see 73.20\n- patent brokering (marketing) service activities, see 74.91 \n- intermediation service activities for the rental and leasing of tangible goods and non-financial intangible assets, see 77.5 \n- travel agency activities, see 79.11\n- intermediation service activities for business support activities (except financial intermediation) n.e.c., see 82.40 \n- intermediation service activities for courses and tutors, see 85.61 \n- intermediation service activities for medical, dental and other health services, see 86.97 \n- intermediation service activities for residential care activities, see 87.91 \n- intermediation service activities for the repair and maintenance of computers, personal and household goods, motor vehicles and motorcycles, see 95.40 \n- intermediation service activities for personal services, see 96.40"
"8620"	"823"	"82.3"	"Organisation of conventions and trade shows"	"82"	"82"	"3"				
"8630"	"8230"	"82.30"	"Organisation of conventions and trade shows"	"823"	"82.3"	"4"		"This class includes the organisation, promotion and/or management of events, for example:\n- business and trade shows\n- company events\n- general or specialised exhibitions\n- conferences and conventions\n- seminars, symposiums and workshops \n- farmers’ markets and craft fairs"	"This class also includes the management and provision of the staff to operate the facilities in which the aforementioned events take place but only if the management and provision of staff are performed in association with the organisation, promotion and/or management of such events."	"This class excludes: \n- erection of exhibition stands/booths depending on the type of installation performed, see division 43 \n- organisation of cultural events (e.g. film festivals, musicals or dance festivals), see 90.39\n- technical planning, supply, setting-up and operation of audiovisual equipment and special effects associated with the organisation of artistic events, see 90.39 \n- organisation of sporting events, see 93.19\n- technical planning, supply, setting-up and operation of audiovisual equipment and special effects associated with the organisation of non-artistic events, see 93.29\n- organisation of personal ceremonies or celebrations, including weddings, name-giving ceremonies, birthday parties, etc., see 96.99"
"8632"	"824"	"82.4"	"Intermediation service activities for business support service activities n.e.c."	"82"	"82"	"3"				
"8634"	"8240"	"82.40"	"Intermediation service activities for business support service activities n.e.c."	"824"	"82.4"	"4"		"This class includes the intermediation service activities for business support activities n.e.c., by bringing clients and service providers together for a fee or commission.\n\nThese intermediation activities can be carried out on digital platforms or through non-digital channels (including face-to-face, door-to-door, telephone, mail, and so on). The fee or commission can be received from either the client or the provider of the business support service. Revenue for the intermediation activities can include other sources of income (for example, revenues from the sale of advertising space)."	"This class also includes:\n- reservation services for theatrical, sport, amusement and entertainment tickets\n - intermediation service activities for lottery games"	"This class excludes:\n- activities of brokers and agents for electric power and natural gas, see 35.40\n- intermediation service activities for specialised construction services, see 43.60\n- intermediation service activities for retail sale, see 47.9\n- intermediation service activities for transport, see 52.3\n- intermediation service activities for postal and courier activities, see 53.30\n- intermediation service activities for accommodation, see 55.40\n- intermediation service activities for food and beverage service activities, see 56.40\n- intermediation service activities for video game software publishing, see 58.21\n- intermediation service activities for software publishing and software downloads, see 58.29\n- intermediation service activities for telecommunication activities, see 61.20\n- financial and insurance intermediation service activities, see section L (e.g. activities of insurance agents and brokers (class 66.22))\n- intermediation service activities for real estate activities, see 68.31\n- travel agency activities, see 79.11\n- patent brokering (marketing) service activities, see 74.91\n- intermediation service activities for the rental and leasing of tangible goods and non-financial intangible assets, see 77.5\n- intermediation service activities for courses and tutors, see 85.61\n- appointment reservations for medical visits, see 86.97\n- intermediation service activities for medical, dental and other health services, see 86.97\n- intermediation service activities for residential care activities, see 87.91\n- intermediation service activities for the repair and maintenance of computers, personal and household goods, motor vehicles and motorcycles, see 95.40\n- intermediation service activities for personal services, see 96.40"
"8640"	"829"	"82.9"	"Business support service activities n.e.c."	"82"	"82"	"3"		"This group includes the activities of collection agencies, credit bureaux, business information agencies and all support activities not elsewhere classified. These activities are predominantly provided to businesses."		
"8650"	"8291"	"82.91"	"Activities of collection agencies and credit bureaus"	"829"	"82.9"	"4"		"This class includes: \n- collection of payments for claims and remittance of payments collected to the clients (e.g. bill or debt collection services)\n- compiling and the provision of information (e.g. credit or employment history) for financial institutions, retailers and others who have a need to evaluate the creditworthiness of individuals or businesses"	"This class also includes:\n- activities of rating agencies\n- repossession activities"	"This class excludes:\n- factoring activities, see 64.92"
"8660"	"8292"	"82.92"	"Packaging activities"	"829"	"82.9"	"4"		"This class includes:\n- packaging activities on a fee or contract basis, whether or not these involve an automated process:\n • bottling of liquid or gaseous goods, including beverages and food\n • packaging of solids (blister packaging, foil-covered, etc.)\n • security packaging of pharmaceutical preparations\n • labelling, stamping and imprinting\n • parcel packing and gift wrapping\n- product sterilisation associated with packaging"		"This class excludes:\n- manufacture of soft drinks and production of natural mineral waters, see 11.07\n- packaging activities incidental to transport, see 52.26"
"8670"	"8299"	"82.99"	"Other business support service activities n.e.c."	"829"	"82.9"	"4"		"This class includes:\n- fundraising organisation services on a contract or fee basis \n- court reporting or stenotype recording services \n- public stenography services \n- real-time (i.e. simultaneous) closed captioning of meetings, conferences \n- barcoding services \n- barcode imprinting services \n- parking meter coin collection services\n- activities of handling visa and work permits\n- restaurant voucher handling service activities \n- providing assistance in motor vehicle registration \n- relocation service activities \n- administration of gift packages for leisure activities\n- voucher issuing and handling activities\n- charity crowdfunding activities\n- company domiciliation services\n- reading of consumption of heat and hot water, including cost allocation \n- administration of loyalty programmes\n- selling of deferred travel services: form of distribution of a service linked to travel, which can be of any nature (hotels, restaurants, personal care, leisure activities, etc.)\n- trading and brokerage of crypto-assets without liabilities"		"This class excludes:\n- activities of auctioning houses (wholesale) and online auction activities (wholesale), see 46.1\n- activities of auctioning houses (retail sale) and online auction activities (retail sale), see 47.9\n- providing film or tape captioning or subtitling services, see 59.12\n- activities of shared service centres (SSC) with strategic and managerial activities/centralised activities, see 70.10\n- business and other management consultancy activities, see 70.20\n- activities of shared service centres (SSC) with two or more combined activities (set of administrative services) providing operational tasks for the whole enterprise or group (e.g. reception, financial planning, billing and record-keeping, personnel, postal and mailing services for the same enterprise group), see 82.10\n- provision of document transcription services, see 82.10\n- intermediation service activities for business support service activities n.e.c., see 82.40"
"8680"	"P"	"P"	"PUBLIC ADMINISTRATION AND DEFENCE; COMPULSORY SOCIAL SECURITY"			"1"		"This section includes activities of a governmental nature, normally carried out by the public\nadministration. This includes the enactment and judicial interpretation of laws and their pursuant regulation, as well as the administration of programmes based on them, legislative activities, taxation, national defence, public order and safety, immigration services, foreign affairs and the administration of government programmes.\n\nThe legal or institutional status is not, in itself, the determining factor for an activity to belong in this section, rather than the activity being of a nature specified in the previous paragraph. This means that activities classified elsewhere in NACE do not fall under this section, even if carried out by public entities (for example, the administration of the school system – in other words, regulations, checks, curricula – falls under this section, but teaching itself does not (see section Q), while a prison or military hospital is classified to health (see section R)). Similarly, some activities described in this section may be carried out by non-government units."	"This section also includes compulsory social security activities."	
"8690"	"84"	"84"	"Public administration and defence; compulsory social security"	"P"	"P"	"2"				
"8700"	"841"	"84.1"	"Administration of the State and the economic, social and environmental policies of the community"	"84"	"84"	"3"		"This group includes general administration (for example, executive, legislative and financial administration, at all levels of government) and supervision in the field of social, economic and environmental policy of the community."		
"8710"	"8411"	"84.11"	"General public administration activities"	"841"	"84.1"	"4"		"This class includes:\n- executive and legislative administration of central, regional and local bodies\n- activities of ministries at national and regional levels\n- administration and supervision of fiscal affairs:\n • operation of taxation schemes\n • duty/tax collection and tax violation investigation\n • customs administration\n- budget implementation and management of public funds and public debt:\n • raising and receiving of money and control of their disbursement\n- administration of overall (civil) research and development policy and associated funds\n- administration and operation of overall economic and social planning and statistical services at the various levels of government"		"This class excludes:\n- central banking, see 64.11\n- operation of government-owned or government-occupied buildings, see 68.20, 68.3\n- administration of research and development policies intended to increase personal well-being and of associated funds, see 84.12\n- administration of research and development policies intended to improve economic performance and competitiveness, see 84.13\n- administration of defence-related research and development policies and of associated funds, see 84.22\n- operation of government archives, see 91.12"
"8720"	"8412"	"84.12"	"Regulation of health care, education, cultural services and other social services"	"841"	"84.1"	"4"		"This class includes:\n- public administration of programmes aimed to increase personal well-being, e.g.:\n • health\n • education\n • culture\n • sport\n • recreation\n • environment\n • housing\n • social services\n- public administration of research and development policies and associated funds for these areas"	"This class also includes:\n- public sponsoring of recreational and cultural activities\n- distribution of public grants to artists\n- administration of potable water supply programmes\n- administration of waste collection and disposal operations\n- administration of environmental protection programmes\n- administration of housing programmes"	"This class excludes:\n- sewerage, refuse disposal and remediation activities, see divisions 37, 38, 39\n- compulsory social security activities, see 84.30\n- education activities, see section Q\n- human health-related activities, see division 86\n- museums and other cultural institutions, see division 91\n- activities of government-operated libraries and archives, see 91.1\n- sporting or other recreational activities, see division 93"
"8735"	"8413"	"84.13"	"Regulation of and contribution to more efficient operation of businesses"	"841"	"84.1"	"4"		"This class includes:\n- public administration and regulation, including subsidy allocation for different economic sectors, e.g.:\n • agriculture\n • land use\n • energy and mining resources\n • infrastructure\n • transport\n • communication\n • hotels and tourism\n • wholesale and retail sale\n- administration of research and development policies and associated funds to improve economic performance\n- administration of general labour affairs\n- implementation of regional development policy measures (e.g. to reduce unemployment)"	"This class also includes:\n- activities of the national cybersecurity agencies\n- financial regulation relating to the conduct of business and consumer protection and other wider financial regulatory activities"	"This class excludes:\n- activities of the monetary supervisory authority by the central bank, see 64.11\n- financial supervisory authority of financial service activities, except insurance and pension funding (not by the central bank), see 66.11\n- financial supervisory authority of insurance and pension funding (not by the central bank), see 66.29\n- research and experimental development activities, see division 72"
"8740"	"842"	"84.2"	"Provision of services to the community as a whole"	"84"	"84"	"3"		"This group includes foreign affairs, defence, justice, public order and safety activities."		
"8750"	"8421"	"84.21"	"Foreign affairs"	"842"	"84.2"	"4"		"This class includes:\n- administration and operation of the ministry of foreign affairs and diplomatic and consular missions stationed abroad or at offices of international organisations\n- administration, operation and support for information and cultural services intended for distribution beyond national boundaries\n- aid to foreign countries, whether or not routed through international organisations\n- provision of military aid to foreign countries\n- management of foreign trade, international financial and foreign technical affairs"		"This class excludes:\n- international disaster or conflict refugee services, see 88.99\n- activities of extraterritorial organisations and bodies, see 99.00"
"8760"	"8422"	"84.22"	"Defence activities"	"842"	"84.2"	"4"		"This class includes:\n- administration, supervision and operation of military defence affairs and land, sea, air and space defence forces, e.g.:\n • combat forces of army, navy and air force\n • engineering, transport, communication, intelligence, materiel, personnel and other non-combat forces and commands\n • reserve and auxiliary defence forces\n • military logistics (provision of equipment, structures, supplies, etc.)\n • health activities for military personnel in the field\n- administration, operation and support of civil defence forces\n- support for the elaboration of contingency plans and the carrying out of exercises in which civilian institutions and populations are involved\n- administration of defence-related research and development policies and related funds"		"This class excludes:\n- research and experimental development activities, see division 72\n- provision of military aid to foreign countries, see 84.21\n- activities of military tribunals, see 84.23\n- provision of supplies for domestic emergency use in case of peacetime disasters, see 84.24\n- educational activities of military schools, colleges and academies, see 85.40\n- activities of military hospitals, see 86.10"
"8770"	"8423"	"84.23"	"Justice and judicial activities"	"842"	"84.2"	"4"		"This class includes:\n- administration and operation of administrative, civil and criminal law courts, military tribunals, and the judicial system\n- rendering of judgements and interpretations of the law\n- activities of public prosecutors\n- arbitration of civil actions\n- prison administration and the provision of prison services, including rehabilitation services"		"This class excludes:\n- legal advice and representation in civil, criminal and other cases, see 69.10\n- activities of prison schools, see division 85\n- activities of prison hospitals, see 86.10"
"8780"	"8424"	"84.24"	"Public order and safety activities"	"842"	"84.2"	"4"		"This class includes:\n- administration and operation of regular and auxiliary police forces supported by public authorities and of port, border, coastguards and other special police forces, including traffic law enforcement, foreigner registration, and the maintenance of arrest records\n- provision of supplies for domestic emergency use in case of peacetime disasters"	"This class also includes:\n- activities of voluntary associations that ensure the protection of public safety"	"This class excludes:\n- operation of police laboratories, see 71.20\n- use of security personnel for events, concerts, fairs and exhibitions, see 80.01\n- administration and operation of military armed forces, see 84.22"
"8790"	"8425"	"84.25"	"Fire service activities"	"842"	"84.2"	"4"		"This class includes:\n- firefighting activities:\n • administration and operation of regular and auxiliary fire brigades in fire prevention, firefighting, the rescue of persons and animals, assistance in civic disasters, floods, road accidents, etc., including firefighting by units on a contract or fee basis\n- activities of beach supervisors, i.e. lifeguards\n- activities of rescue operations on open water and in mountains"		"This class excludes:\n- fire-protection and firefighting services for forestry, see 02.40\n- firefighting services and fire-prevention services for oilfields and gas fields, see 09.10\n- firefighting and fire-prevention activities at airports, see 52.23"
"8800"	"843"	"84.3"	"Compulsory social security activities"	"84"	"84"	"3"				
"8810"	"8430"	"84.30"	"Compulsory social security activities"	"843"	"84.3"	"4"		"This class includes:\n- funding and administration of government-provided social security programmes, e.g.:\n • sickness, work-accident and unemployment insurance\n • retirement pensions\n • covering losses of income due to parental leave, temporary disablement, widowhood / loss of partner"		"This class excludes:\n- complementary or supplementary health insurance, see 65.12\n- provision of retirement income benefits exclusively for the sponsor’s employees or members, see 65.30\n- administration of healthcare and social services, see 84.12\n- provision of residential care assistance services, see division 87\n- provision of welfare services and social work (without accommodation), see 88.10, 88.99"
"8820"	"Q"	"Q"	"EDUCATION"			"1"		"This section includes education at any level or for any profession. The instructions may be oral or written and may be provided by radio, television, the internet or via correspondence.\n\nEducation activities are those having an educational programme, a time frame and some evaluation of the knowledge achieved.\n\nThis section includes formal initial education at its various levels provided by institutions in the regular school system designed for students as a continuous educational pathway before their first entrance into the labour market, as well as formal education outside the regular school system with programme content and qualifications that are equivalent to those of such initial education (adult education, literacy programmes, and so on).\n\nAlso included are activities provided at their respective levels by military schools and academies, prison schools, and so on.\n\nThis section includes compulsory and non-compulsory schooling, as well as public and private education.\n\nFor each level of education, special education for physically or mentally disabled persons is included.\n\nGroups 85.1 to 85.4 take into account the formal education activities provided under the international classification of educational programmes (ISCED-P 2011 classification). The breakdown of the categories in this section is based on the level of education offered as defined by the levels of ISCED-P 2011*. The activities of educational institutions providing courses at ISCED-P 2011 Level 0 are classified in class 85.10, at ISCED-P 2011 Level 1 in class 85.20, at ISCED-P 2011 Level 2 category 24 and Level 3 category 34 in class 85.31, at ISCED-P 2011 2011 Level 2 category 25 and Level 3 category 35 in class 85.32, at ISCED-P 2011 Level 4 in class 85.33 and at ISCED-P 2011 Levels 5 to 8 in group 85.4.\n\nEducational institutions classified in groups 85.2 to 85.4 are authorised to certify successful completion of an educational programme, usually in the form of a document officially recognised by the relevant national education authorities.\n\nNOTE: * mappings between the levels of education and the name of the qualifications in national language can be found here https://europa.eu/!mDwYbG"	"This section is also based on the distinction between formal and non-formal educational programmes provided by the European classification of learning activities (CLA). Thus, it also includes non-formal instruction primarily concerned with sports, arts and recreation education, and education support activities in groups 85.5 and 85.6.\n\nThis section also includes education activities run by self-employed / own account / individual / independent lecturers (tutors, academics, instructors); such activities should be classified in group 85.5.\n\nThis section also includes activities relating to administration, inspection, operation or support of schools and other institutions providing education as well as coordination of sports programmes."	"This section excludes:\n- child day-care activities, see 88.91"
"8830"	"85"	"85"	"Education"	"Q"	"Q"	"2"				
"8840"	"851"	"85.1"	"Pre-primary education"	"85"	"85"	"3"				
"8850"	"8510"	"85.10"	"Pre-primary education"	"851"	"85.1"	"4"		"This class includes:\n- pre-primary education, which is defined as the initial stage of organised instruction designed primarily to introduce very young children to a school-type environment, that is, to provide a bridge between the home and a school-based environment."		"This class excludes:\n- child day-care activities, see 88.91"
"8860"	"852"	"85.2"	"Primary education"	"85"	"85"	"3"				
"8870"	"8520"	"85.20"	"Primary education"	"852"	"85.2"	"4"		"This class includes primary education: the furnishing of academic courses and associated coursework that give students a sound basic education in reading, writing and mathematics and an elementary understanding of other subjects (for example, history, geography, natural science, social science, art and music)."	"This class also includes the provision of education programmes within or outside the school system which are equivalent in content to programmes in primary education but are intended for those considered too old to enter primary schools. Examples of such programmes are adult literacy programmes, second chance or reintegration programmes."	"This class excludes:\n- non-formal education and training regardless of the age or field of education, see 85.5\n- child day-care activities, including day nurseries for pupils, see 88.91"
"8880"	"853"	"85.3"	"Secondary and post-secondary non-tertiary education"	"85"	"85"	"3"		"This group includes the provision of general secondary and technical and vocational secondary education."	"This group also includes the provision of education programmes within or outside the school system which are equivalent in content to programmes in secondary education but are intended for those considered too old to enter secondary schools. Examples of such programmes are adult literacy programmes, second chance or reintegration programmes."	"This group excludes:\n- non-formal education and training, see 85.5"
"8890"	"8531"	"85.31"	"General secondary education"	"853"	"85.3"	"4"		"This class includes the provision of education that lays the foundation for lifelong learning and human development and is capable of furthering education opportunities. Activities classified in this class are based on programmes that are usually on a more subject-oriented curriculum using more specialised teachers and more often employing several teachers conducting classes in their field of specialisation.\n\nSubject specialisation at this level often begins to have some influence even on the educational experience of those pursuing a general programme. Such programmes are designed to qualify students either for technical and vocational education or for entrance to higher education without any special subject prerequisite.\n\nThis class includes:\n- lower general secondary education corresponding more or less to compulsory school age\n- upper general secondary education, whether granting access or not to higher education"		"This class excludes:\n- non-formal education and training, see 85.5"
"8900"	"8532"	"85.32"	"Vocational secondary education"	"853"	"85.3"	"4"		"This class includes the provision of education typically emphasising subject-matter specialisation and instruction in both a theoretical background and practical skills that are generally associated with present or prospective employment. The aim of a programme can vary from preparation for a general field of employment to a very specific job.\n\nThis class includes:\n- technical and vocational education below the level of post-secondary non-tertiary education as defined in 85.33"	"This class also includes programmes corresponding to the definition of formal education and training as, for example, in the following fields:\n- instruction for tourist guides\n- instruction for chefs, hoteliers and restaurateurs\n- cosmetology and hairdresser/barber schools\n- computer repair training\n- education activities of driving schools for occupational drivers (e.g. of trucks, buses, coaches) and of schools for forklift drivers and professional pilots (including instructions for drone pilots)"	"This class excludes:\n- technical and vocational post-secondary non-tertiary education, see 85.33\n- technical and vocational higher education, see 85.40\n- non-formal vocational education and training, see 85.5\n- performing arts instruction for recreation, hobby and self-development purposes, see 85.52\n- education activities of driving schools not intended for occupational drivers, see 85.53\n- job training forming part of social work activities without accommodation, see 88.10, 88.99"
"8910"	"8533"	"85.33"	"Post-secondary non-tertiary education"	"853"	"85.3"	"4"		"This class includes the provision of post-secondary education and training programmes (both general and vocational) which cannot be considered tertiary education; these are post-secondary non-tertiary education and training programmes. It may also include the provision of supplementary post-secondary education to prepare for tertiary education or for post-secondary non-tertiary vocational education."		"This class excludes:\n- technical and vocational higher education, see 85.40\n- non-formal education and training, see 85.5"
"8920"	"854"	"85.4"	"Tertiary education"	"85"	"85"	"3"				
"8930"	"8540"	"85.40"	"Tertiary education"	"854"	"85.4"	"4"		"This class includes the furnishing of tertiary academic, professional and vocational courses and the granting of degrees at short-cycle, bachelor’s or equivalent level, master’s or equivalent level, and doctoral level.\n\nThis class includes education in public and private universities provided at the level of:\n- short-cycle studies, usually based on practical learning appropriate to the performance of a given profession and preparing students for entry into the labour market or other higher education programmes\n- first-cycle studies open to applicants with a secondary school leaving certificate and leading to a first-degree qualification\n- second-cycle studies open to applicants holding at least a first-cycle qualification and leading to a second-cycle qualification\n- comprehensive master’s degree courses open to applicants holding a secondary school leaving certificate and leading to a second-cycle qualification\n- postgraduate studies open to applicants who have completed at least first-cycle studies and leading to a postgraduate qualification\n- third-cycle studies (training for doctoral students) open to applicants holding at least second-cycle studies and leading to a third-cycle qualification\n\nEducation may be conducted as full-time or part-time studies."	"This class also includes:\n- short-cycle vocational education and training programmes at ISCED-P 2011 Level 5\n- higher vocational and professional education and training programmes at ISCED-P 2011 Level 6 and ISCED-P 2011 Level 7 (for example, those leading to master craftsmen qualifications)\n- education activities of performing arts schools providing tertiary education\n- adult or continuing education programmes equivalent in complexity of content to the education given in education activities already classified at this level"	"This class excludes:\n- non-formal education and training, see 85.5"
"8940"	"855"	"85.5"	"Other education"	"85"	"85"	"3"		"This group includes education (including non-formal) which is neither part of initial education in the regular school system, nor equivalent in programme content and qualifications to those programmes. It includes training for any professional, hobby or self-development purposes for both children and adults, including non-formal continuing vocational education and training. Non-formal education is defined by ISCED-P 2011 as institutionalised, intentional and planned by an education provider, as an addition, alternative and/or complement to formal education within the process of an individual’s lifelong learning. It targets people of all ages but does not necessarily apply a continuous pathway/structure; it may be short in duration and/or low-intensity, and it is typically provided in the form of short courses, workshops or seminars.\n\nThis group includes the provision of athletic instruction to groups or individuals, foreign language instruction, instruction in the arts, drama or music, as well as other instruction or specialised training provided by camps and schools, not comparable to the education in groups 85.1 to 85.4."	"This group also includes education activities run by self-employed / own account / individual / independent lecturers (tutors, academics, instructors)."	"This group excludes formal educational activities as outlined in groups 85.1 to 85.4, in other words, pre-primary education, primary education, secondary education, post-secondary non-tertiary education or tertiary education."
"8950"	"8551"	"85.51"	"Sports and recreation education"	"855"	"85.5"	"4"		"This class includes the provision of instruction in athletic activities to groups or individuals (for example, by camps, schools). Activities provided by day and overnight sports instruction camps are also included. Instruction may be provided in diverse settings (for example, the unit’s or client’s training facilities, educational institutions) or by other means, including the internet. Instruction provided in this class offers structured educational arrangements (for example, student-teacher relationships) that are specially designed for education and learning. However, it does not lead to qualifications at primary through to tertiary levels. \n\nThis class includes:\n- sports instruction in camps or schools \n- gymnastics instruction\n- riding instruction\n- swimming instruction\n- martial arts instruction\n- card game instruction (e.g. bridge)\n- board game courses \n- yoga or Pilates instruction\n- e-sports instruction"	"This class also includes:\n- activities of professional sports instructors, teachers, coaches"	"This class excludes:\n- activities provided by academic schools, colleges and universities, see 85.40\n- cultural education, see 85.52\n- sports training within sports clubs, see 93.12 \n- fitness instruction provided by fitness centres, yoga studios and similar facilities, see 93.13"
"8960"	"8552"	"85.52"	"Cultural education"	"855"	"85.5"	"4"		"This class includes the provision of instruction in the arts, drama and music (for example, by schools, studios, classes). Structured educational arrangements specially designed for education and learning (for example, student-teacher relationships and/or interactions) are provided. Such instruction is mainly for hobby, recreational or self-development purposes, and does not lead to qualifications at primary through to tertiary levels.\n\nThis class includes:\n- music instruction\n- art instruction\n- dance instruction\n- drama, fine arts, performing arts and photography instruction"	"This class also includes:\n- activities of professional arts instructors and teachers"	"This class excludes:\n- education activities of drama, fine arts, performing arts and photography schools which lead to qualifications at secondary, post-secondary non-tertiary or tertiary levels, see 85.3, 85.40\n- foreign language instruction, see 85.59\n- mediation activities, see 88.99"
"8970"	"8553"	"85.53"	"Driving school activities"	"855"	"85.5"	"4"			"This class also includes:\n- education activities of flying, sailing and shipping schools not issuing commercial certificates and permits"	"This class excludes:\n- education activities of driving or flying schools for occupational drivers and for professional pilots, see 85.32"
"8980"	"8559"	"85.59"	"Other education n.e.c."	"855"	"85.5"	"4"		"This class includes:\n- education that is not definable by level\n- academic tutoring\n- remedial courses\n- professional examination review courses\n- language instruction and conversational skills instruction\n- computer training (e.g. general computer use, programming courses, use of computer applications) \n- relaxation courses (e.g. meditation courses, breathing techniques, courses of awareness through movement, courses on stress and anxiety relief techniques)\n- sewing courses\n- oenology courses\n- family life courses (e.g. parent–child courses)\n- training on plant protection products"	"This class also includes:\n- lifeguard training\n- survival training\n- public speaking training\n- speed-reading instruction\n- activities of professional instructors and teachers in subjects other than sports, arts and driving"	"This class excludes:\n- formal adult literacy programmes, see 85.20\n- general secondary education, see 85.31\n- technical and vocational secondary education and training, see 85.32\n- entertainment activities in retirement homes, see 93.29"
"8990"	"856"	"85.6"	"Educational support activities"	"85"	"85"	"3"				
"8995"	"8561"	"85.61"	"Intermediation service activities for courses and tutors"	"856"	"85.6"	"4"		"This class includes the intermediation of service activities for courses and tutors by bringing clients and service providers together for a fee or commission, without the intermediary providing the services intermediated. These intermediation activities can be carried out on digital platforms or through non-digital channels (including face-to-face, door-to-door, telephone, mail, and so on). The fee or commission can be received from either the client or the provider of the service activities for courses and tutors. Revenue for the intermediation activities can include other sources of income (for example, revenues from the sale of advertising space)."		
"9000"	"8569"	"85.69"	"Educational support activities n.e.c."	"856"	"85.6"	"4"		"This class includes:\n- provision of non-instructional activities that support educational processes or systems:\n • educational consulting\n • vocational and career-related counselling activities\n • educational guidance counselling activities\n • educational testing evaluation activities\n • educational testing activities\n • organisation of student exchange programmes\n • examination and testing of regulated professions (e.g. pilots)\n • development of curricula\n • expert and rehabilitation activities examining learning ability"		"This class excludes:\n- research and experimental development on social sciences and humanities, see 72.20"
"9010"	"R"	"R"	"HUMAN HEALTH AND SOCIAL WORK ACTIVITIES"			"1"		"This section includes the provision of a wide range of health and social work activities. These activities can be exercised by private or public service providers."		
"9020"	"86"	"86"	"Human health activities"	"R"	"R"	"2"		"This division includes activities of short- or long-term inpatient health care. It covers general and specialty medical/surgical care offered by hospitals, preventoria, medical nursing homes, mental hospital institutions, rehabilitation centres and other human health institutions which have accommodation facilities and which engage in providing diagnostic and medical treatment to primarily inpatients, with a wide range of medical conditions.\n\nThis division also includes medical consultation and treatment in the field of general and specialised medicine, by general practitioners and medical specialists and surgeons. It includes dental practice activities of a general or specialised nature, as well as orthodontic activities.\n\nAdditionally, this division includes medical, curative, rehabilitative or prevention activities by paramedical practitioners and health professionals other than hospitals or practicing medical doctors."	"This division also includes other human health activities (for example, activities of medical laboratories, blood banks, sperm banks, transplant organ banks, and so on, including collecting, processing, storing and shipping)."	"This division excludes:\n- veterinary activities, see 75.00"
"9030"	"861"	"86.1"	"Hospital activities"	"86"	"86"	"3"				
"9040"	"8610"	"86.10"	"Hospital activities"	"861"	"86.1"	"4"		"This class includes activities for human health, performed by hospitals, legally recognised to treat patients.\n\nThis class includes:\n- short- or long-term provision of medical, diagnostic and treatment services, including physician, nursing and other health services to inpatients and the specialised accommodation services required by inpatients, as provided by general hospitals and specialised hospitals (e.g. community and regional hospitals, hospitals of non-profit organisations, university hospitals, military and prison hospitals)\n\nThe activities are chiefly directed to inpatients, are carried out under the direct supervision of medical doctors and include:\n- activities of medical and paramedical staff\n- activities of laboratory and technical facilities, including radiologic and anaesthesiologic activities\n- emergency room activities\n- provision of operating room services, pharmacy services, food and other hospital services\n- activities of family planning centres providing medical treatment (e.g. sterilisation, termination of pregnancy), with accommodation"	"This class also includes:\n- activities of mental health or psychiatric hospitals, providing diagnostic and medical treatment"	"This class excludes:\n- laboratory testing and inspection of all types of materials and products, except medical laboratory testing, see 71.20 \n- veterinary activities, see 75.00 \n- health activities for military personnel in the field, see 84.22 \n- private consultants’ services to inpatients, see 86.2 \n- dental practice activities of a general or specialised nature (e.g. dentistry, endodontic and paediatric dentistry); oral pathology, orthodontic activities, see 86.23 \n- diagnostic imaging services and medical laboratory activities, not part of hospital activities, see 86.91\n- patient transport by ambulance, see 86.92"
"9050"	"862"	"86.2"	"Medical and dental practice activities"	"86"	"86"	"3"		"This group includes medical consultation and treatment, performed by general medical practitioners and medical specialists (for example, medical doctors, dentists), legally recognised to treat patients.\n\nThese activities can be carried out in private practice, group practices, hospital outpatient clinics and in clinics attached to businesses, schools, homes for older persons, labour organisations and fraternal organisations, as well as in patients’ homes."	"This group also includes:\n- private consultants’ services to inpatients"	
"9060"	"8621"	"86.21"	"General medical practice activities"	"862"	"86.2"	"4"		"This class includes:\n- medical consultation and treatment in the field of general medicine carried out by general practitioners"		"This class excludes:\n- inpatient hospital activities, see 86.10 \n- medical specialists’ activities, see 86.22 \n- nursing and midwifery activities, see 86.94\n- physiotherapy activities, see 86.95\n- traditional, complementary and alternative medicine activities, see 86.96"
"9070"	"8622"	"86.22"	"Medical specialists activities"	"862"	"86.2"	"4"		"This class includes:\n- medical consultation and treatment in the field of specialised medicine by medical specialists and surgeons"	"This class also includes:\n- family planning centres providing medical treatment (e.g. sterilisation, termination of pregnancy), without accommodation\n- cosmetic surgery activities performed by medical specialists \n- treatment in outpatient or day clinics (e.g. dialysis, chemotherapy, insulin therapy, respiratory treatment, radiation treatment)\n- medical analysis and interpretation of diagnostic medical images (x-ray, electrocardiograms, endoscopies, etc.) \n- activities provided by psychiatrists \n- activities of vaccination centres (immunisation, inoculation)\n- activities of thrombosis centres"	"This class excludes:\n- inpatient hospital activities, see 86.10 \n- nursing and midwifery activities, see 86.94\n- activities of physiotherapists, see 86.95 \n- beauty treatment activities not performed by medical specialists (e.g. by cosmetologists), see 96.22"
"9080"	"8623"	"86.23"	"Dental practice care activities"	"862"	"86.2"	"4"		"This class includes:\n- dental practice activities of a general or specialised nature (e.g. dentistry, endodontic and paediatric dentistry); oral pathology\n- orthodontic activities"	"This class also includes:\n- dental activities in operating rooms"	"This class excludes:\n- production of artificial teeth, denture and prosthetic appliances by dental laboratories, see 32.50\n- inpatient hospital activities, see 86.10\n- activities of dental paramedical personnel (e.g. dental hygienists, dental therapists), see 86.99"
"9090"	"869"	"86.9"	"Other human health activities"	"86"	"86"	"3"		"This group includes medical, curative, rehabilitative or prevention activities (without the provision of accommodation services) by paramedical practitioners and health professionals other than hospitals or practicing medical doctors."		
"9100"	"8691"	"86.91"	"Diagnostic imaging services and medical laboratory activities"	"869"	"86.9"	"4"		"This class includes activities of medical laboratories providing analytic or diagnostic services (without the medical analysis or interpretation itself), including body fluid analysis or genetic testing, directly to outpatients with or without referral from healthcare practitioners, for example:\n- X-ray laboratories and other diagnostic imaging centres\n- blood analysis laboratories\n- DNA sequencing for ruling out or curing a specific disease"	"This class also includes: \n- laboratory doping control activities"	"This class excludes: \n- non-medical laboratory testing, testing activities in the field of food hygiene, activities of forensic laboratories, see 71.20 \n- medical analysis and interpretation of diagnostic medical images (X-ray, electrocardiograms, endoscopies, etc.), see 86.22\n- activities of genome data centres, blood and organ banks, see 86.99"
"9110"	"8692"	"86.92"	"Patient transportation by ambulance"	"869"	"86.9"	"4"		"This class includes ambulance transport of patients by any mode of transport, including airplanes. Ambulance vehicles carry paramedics / medical doctors and are usually equipped with lifesaving equipment."	"This class also includes: \n- specialised transport of patients, accompanied by paramedics \n- primary care given by a paramedic or a doctor during the patient’s transport by ambulance"	"This class excludes: \n- transport of patients in vehicles without paramedical practitioners and equipment for lifesaving, see divisions 49, 50 \n- transport of patients in airplanes without paramedical practitioners and equipment for lifesaving, see division 51 \n- transport of blood and body organs/fluids, see 86.99"
"9120"	"8693"	"86.93"	"Activities of psychologists and psychotherapists, except medical doctors"	"869"	"86.9"	"4"		"This class includes: \n- consultation and treatment activities of psychologists (e.g. clinical psychologists, health psychologists, psychotherapists), except medical doctors"	"This class also includes: \n- music therapy activities performed by psychotherapists/psychologists"	"This class excludes: \n- activities of psychiatrists, see 86.22"
"9130"	"8694"	"86.94"	"Nursing and midwifery activities"	"869"	"86.9"	"4"		"This class includes nursing and midwifery activities not performed by medical doctors, for example:\n- activities of independent nurses, who work in own consulting rooms or at patients’ homes\n- activities of maternity facilities, without permanent supervision of medical doctors"	"This class also includes: \n- palliative nursing care activities for outpatients"	"This class excludes:\n- maternity wards in hospitals, under the direct supervision of medical doctors, see 86.10\n- residential nursing care facilities, see 87.10 \n- homecare services, see 88.10"
"9140"	"8695"	"86.95"	"Physiotherapy activities"	"869"	"86.9"	"4"		"This class includes therapies provided by independent professionals to improve mobility, restore function or reduce pain. The therapies provided include physiotherapy, and so on."	"This class also includes: \n- activities of medical massage therapists \n- activities of ergotherapists \n- activities of occupational therapists"	"This class excludes: \n- activities of osteopaths, see 86.96 \n- activities of chiropractors, see 86.96 \n- body treatment techniques (e.g. shiatsu, Thai massage, Watsu, tui na qigong), see 86.99 \n- activities of massage salons for non-medical massage, see 96.23"
"9150"	"8696"	"86.96"	"Traditional, complementary and alternative medicine activities"	"869"	"86.9"	"4"		"This class includes the provision of preventive, curative, or rehabilitative healthcare services by health professionals. The health benefits of these services are not based on scientific data for diagnosing and treating diseases and have so far not been fully assessed in ways that can be universally accepted as being evidence-based.\n\nThis class includes: \n- provision of traditional medicine services that comprise a range of long-standing and still-evolving practices, developed within various societies before or during the development of modern medicine (e.g. traditional Chinese therapies such as acupuncture and Chinese herbal medicines, Unani, and traditional African medicines)\n- provision of complementary therapeutic services (e.g. Alexander therapy, aromatherapy, Bach therapy and other flower therapies, body therapy, Ayurvedic, herbal medicine, naturopathy, nutritional therapy)\n- provision of alternative therapeutic services (e.g. homeopathy, chiropractic treatments, osteopathy, crystal therapy, iridology, kinesiology, radionics)"	"This class also includes: \n- activities of healers\n- hypnotherapy\n- reflexology activities\n- remedial therapists Cesar and Mensendieck \n- naprapathy"	"This class excludes: \n- body treatment techniques (e.g. shiatsu, Thai massage, Watsu, tui na qigong), see 86.99"
"9155"	"8697"	"86.97"	"Intermediation service activities for medical, dental and other human health services"	"869"	"86.9"	"4"		"This class includes the intermediation of medical, dental and other human health services, by bringing clients and service providers together for a fee or commission, without the intermediary providing the medical, dental and other human health services that are intermediated. These intermediation activities can be carried out on digital platforms or through non-digital channels (including face-to-face, door-to-door, telephone, mail, and so on). The fee or commission can be received from either the client or the provider of the medical, dental or other human health service. Revenue for the intermediation activities can include other sources of income (for example, revenues from the sale of advertising space)."	"This class also includes: \n- appointment reservations for medical, dental and other human health services"	"This class excludes: \n- intermediation service activities for residential care activities, see 87.91"
"9160"	"8699"	"86.99"	"Other human health activities n.e.c."	"869"	"86.9"	"4"		"This class includes:\n- activities for human health n.e.c.:\n • activities of paramedical practitioners in the field of optometry, hydrotherapy, speech therapy, podiatry/chiropody, etc."	"This class also includes:\n- activities of dental paramedical personnel (e.g. dental therapists, school dental nurses or dental hygienists) who may work remote from – but are periodically supervised by – dentists\n- activities of blood banks, tissue banks, sperm banks, transplant organ banks, biobanks, genome data centres, etc., including collecting, processing, storage and shipping \n- operation of bone marrow donor registries \n- activities of orthoptists \n- activities of podiatrists \n- activities of skin therapists \n- health-related monitoring activities (infant nutrition, child health) \n- activities of dieticians \n- prevention health activities and disease detection (cancer, tuberculosis, venereal diseases) \n- transport of blood and body organs/fluids \n- shiatsu, Thai massage, Watsu, tui na qigong \n- animal therapy activities (e.g. hippotherapy)\n- colonic hydrotherapy\n- dance and movement therapy\n- art therapy"	"This class excludes:\n- production of artificial teeth, denture and prosthetic appliances by dental laboratories, see 32.50\n- non-medical laboratory testing, see 71.20\n- testing activities in the field of food hygiene, see 71.20\n- hospital activities, see 86.10\n- medical and dental practice activities, see 86.2\n- diagnostic imaging services and medical laboratory activities, see 86.91\n- activities of psychologists (e.g. clinical psychologists, health psychologists, psychotherapists, except medical doctors), see 86.93\n- nursing and midwifery activities, see 86.94 \n- physiotherapy activities, see 86.95\n- activities of medical massage therapists, see 86.95 \n- residential nursing care facilities, see 87.10\n- activities of massage salons for non-medical massage, see 96.23"
"9170"	"87"	"87"	"Residential care activities"	"R"	"R"	"2"		"This division includes the provision of residential care combined with either nursing, supervisory or other types of care, as required by the residents. Residential care is a mix of health and social services with the health services being largely nursing services. Residential care activities are provided for residents, who can be staying temporarily."	"This division also includes activities of residential care centres (providing regular residential care in places specially built or adapted for some target groups). Units are classified depending on target groups."	"This division excludes: \n- non-residential nursing activities, see 86.94\n- non-residential care activities, see division 88"
"9180"	"871"	"87.1"	"Residential nursing care activities"	"87"	"87"	"3"				
"9190"	"8710"	"87.10"	"Residential nursing care activities"	"871"	"87.1"	"4"		"This class includes the provision of residential care, with medical assistance, nursing and rehabilitation treatments. These establishments have a permanent core staff of registered or licensed practical nurses that, along with other staff, provide nursing care in combination with personal care. The medical or nursing care services typically include administering medication, performing medical diagnoses and dressing wounds, and are chiefly provided without the supervision of a medical doctor located on the premises. \n\nThis class includes activities of:\n- homes for older persons with nursing care\n- convalescent homes, other than mental health and substance abuse facilities\n- rest homes with nursing care\n- nursing care facilities\n- nursing homes/hospices\n- inpatient care hospices for palliative care"		"This class excludes: \n- palliative nursing care for outpatients, see 86.94\n- activities of homes for older persons without or with only minimal nursing care, see 87.30\n- provision of residential care and assistance services (e.g. orphanages, children’s boarding homes and hostels, temporary homeless shelters), see 87.99"
"9200"	"872"	"87.2"	"Residential care activities for persons living with or having a diagnosis of a mental illness or substance abuse"	"87"	"87"	"3"				
"9210"	"8720"	"87.20"	"Residential care activities for persons living with or having a diagnosis of a mental illness or substance abuse"	"872"	"87.2"	"4"		"This class includes the provision of residential care (but not licensed hospital care), protective supervision and counselling to persons living with or having a diagnosis of a mental illness, intellectual disability or substance abuse, irrespective of their age.\n\nThis class includes activities of:\n- facilities for the treatment of substance abuse\n- mental health convalescent homes\n- residential group homes for the emotionally disturbed\n- mental health halfway houses\n- assisted living facilities for persons having a diagnosis of intellectual disability"		"This class excludes:\n- mental health hospitals, see 86.10 \n- provision of residential nursing care and rehabilitative services for individuals other than those living with or having a diagnosis of a mental illness, see 87.10, 87.30\n- social work activities with accommodation (e.g. temporary homeless shelters), see 87.99\n- non-residential care activities for persons living with or having a diagnosis of a mental illness (e.g. mental healthcare centres), see division 88"
"9220"	"873"	"87.3"	"Residential care activities for older persons or persons with physical disabilities"	"87"	"87"	"3"				
"9230"	"8730"	"87.30"	"Residential care activities for older persons or persons with physical disabilities"	"873"	"87.3"	"4"		"This class includes the provision of residential and personal care services for older persons or persons with physical disabilities who are unable to fully care for themselves and/or who choose not to live independently. The care typically includes room, board, supervision and assistance in daily living (for example, housekeeping activities). Nursing care is sometimes provided for residents in separate on-site facilities.\n\nThis class includes activities of:\n- assisted living facilities\n- continuing care retirement communities\n- homes for older persons with minimal nursing care\n- rest homes without nursing care"		"This class excludes:\n- residential nursing care activities for older persons, see 87.10\n- provision of residential nursing and rehabilitative services for older persons or persons living with or having a diagnosis of a mental illness, see 87.20\n- social work activities with accommodation, see 87.99"
"9240"	"879"	"87.9"	"Other residential care activities"	"87"	"87"	"3"				
"9245"	"8791"	"87.91"	"Intermediation service activities for residential care activities"	"879"	"87.9"	"4"		"This class includes the intermediation of residential care activities, by bringing clients and service providers together for a fee or commission, without the intermediary providing the residential care services that are intermediated. These intermediation activities can be carried out on digital platforms or through non-digital channels (including door-to-door, face-to-face, telephone, mail, and so on). The fee or commission can be received from either the client or the provider of the residential care service. Revenue for the intermediation activities can include other sources of income (for example, revenues from the sale of advertising space)."		"This class excludes: \n- intermediation service activities for medical, dental and other human health services, see 86.97"
"9250"	"8799"	"87.99"	"Other residential care activities n.e.c."	"879"	"87.9"	"4"		"This class includes the provision of residential care and assistance services for persons, except older persons and persons with disabilities, who are unable to fully care for themselves or who do not wish to live on their own.\n\nThis class includes:\n- residential and social assistance activities provided on a round-the-clock basis to special categories of persons, but where medical treatment or education are not essential elements:\n • orphanages\n • children’s boarding homes and hostels\n • provision of residential services for homeless persons, refugees, immigrants, etc.\n • other residential family support activities\n\nThe activities are usually carried out by government offices or private organisations."	"This class also includes activities of:\n- halfway houses for groups of persons with social or personal problems\n- halfway houses for delinquents and offenders\n- juvenile correction homes"	"This class excludes:\n- funding and administration of compulsory social security programmes, see 84.30\n- activities of residential nursing care facilities, see 87.10\n- provision of residential nursing and rehabilitative services for persons living with or having a diagnosis of a mental illness, see 87.20 \n- residential care activities for persons having a diagnosis of intellectual disability, see 87.20 \n- residential care activities for older persons or persons with physical disabilities, see 87.30\n- child day-care activities, see 88.91\n- adoption service activities, see 88.99"
"9260"	"88"	"88"	"Social work activities without accommodation"	"R"	"R"	"2"		"This division includes the provision of a variety of social assistance services directly to clients. The activities in this division do not include accommodation services, except on a temporary basis."		
"9270"	"881"	"88.1"	"Social work activities without accommodation for older persons or persons with disabilities"	"88"	"88"	"3"				
"9280"	"8810"	"88.10"	"Social work activities without accommodation for older persons or persons with disabilities"	"881"	"88.1"	"4"		"This class includes:\n- social, counselling, welfare, referral and similar services which are aimed at older persons or persons with disabilities in their homes or elsewhere and carried out by government offices or by private organisations, national or local self-help organisations and by specialists providing counselling services:\n • visiting older persons and persons with disabilities\n • day-care activities for older persons or adults with disabilities\n • home assistance services for older persons or persons with disabilities\n • vocational rehabilitation and habilitation activities for persons with physical disabilities where the education component is limited"	"This class also includes: \n- activities of caregivers (home assistance)\n- homecare services\n- home assistance services, such as to carry out domestic tasks, rendered to persons having a diagnosis of temporary medical impairment"	"This class excludes:\n- funding and administration of compulsory social security programmes, see 84.30\n- activities similar to those described in this class, but including accommodation, see 87.30\n- day-care activities for children with disabilities, see 88.91"
"9290"	"889"	"88.9"	"Other social work activities without accommodation"	"88"	"88"	"3"				
"9300"	"8891"	"88.91"	"Child day-care activities"	"889"	"88.9"	"4"		"This class includes:\n- day-care activities for children provided in private homes or day-care centres \n- after-school care activities"	"This class also includes:\n- day-care activities for children with disabilities"	
"9310"	"8899"	"88.99"	"Other social work activities without accommodation n.e.c."	"889"	"88.9"	"4"		"This class includes:\n- social, counselling, welfare, refugee, referral and similar services which are delivered to individuals and families in their homes or elsewhere and carried out by government offices or by private organisations, disaster relief organisations, national or local self-help organisations and by specialists providing counselling services:\n • child and youth support activities\n • adoption service activities, activities for the prevention of cruelty to children and others\n • household budget counselling, marriage and family guidance, credit and debt counselling services\n • community and neighbourhood activities\n • activities for disaster victims, refugees, immigrants, etc.\n • vocational rehabilitation and habilitation activities for unemployed persons provided that the education component is limited\n • eligibility determination in connection with welfare benefits, rent supplements or food stamps\n • day facilities for homeless persons and other socially vulnerable groups\n • fundraising or other support activities aimed at social work\n • cultural and intercultural mediation activities aimed at: preventing the distress of adults experiencing difficulties in social and labour market integration; removing the social marginalisation of children and adolescents; rehabilitating adults and minors in prison, on probation and out of prison; and reintegrating adults into active life\n • refugee resettlement activities"		"This class excludes:\n- legal mediation activities, see 69.10\n- funding and administration of compulsory social security programmes, see 84.30\n- activities similar to those described in this class, but including accommodation, see 87.99"
"9320"	"S"	"S"	"ARTS, SPORTS AND RECREATION"			"1"		"This section includes a wide range of activities to meet varied cultural, sports and recreational interests of their customers, including live performances, entertainment, the operation of cultural and natural heritage sites, and gambling."	"This section also includes services that facilitate entertainment events and live performances."	
"9330"	"90"	"90"	"Arts creation and performing arts activities"	"S"	"S"	"2"		"This division includes arts creation and performing arts activities and the operation of facilities and provision of services to meet cultural and entertainment interests. This includes the production and promotion of, and participation in, live performances, events or exhibits intended for public viewing; the provision of artistic, creative or technical skills for the production of artistic products, live performances and events."		"This division excludes:\n- motion picture and video production/distribution, see 59.11, 59.12, 59.13\n- motion picture projection, see 59.14\n- radio and television broadcasting, see 60.10, 60.20\n- photographic activities, see 74.20 \n- cultural education (non-academic teaching of instrument playing, painting, acting, dancing, etc.), see 85.52\n- the operation of museums of all kinds, archaeological and historical sites and monuments, libraries, archives, botanical and zoological gardens; the preservation of historical sites; activities of nature reserves; see division 91\n- conservation and restoration of cultural heritage, see 91.30\n- gambling and betting activities, see 92.00\n- sports, amusement and recreation activities, see division 93"
"9340"	"901"	"90.1"	"Arts creation activities"	"90"	"90"	"3"		"This group includes activities in literary creation, musical composition, visual arts creation and related activities."		
"9350"	"9011"	"90.11"	"Literary creation and musical composition activities"	"901"	"90.1"	"4"		"This class includes:\n- activities of individual writers, for all subjects, including fictional writing, etc.\n- musical composition\n- texts and compositions writing on behalf of someone else\n- activities of scriptwriting\n- activities of journalists whose content is published by a third party\n- activities of bloggers whose content is published by a third party"	"This class also includes: \n- technical writing"	"This class excludes:\n- (re)production, distribution of books and music, see section J\n- translators working on book editing, see 74.30 \n- activities of independent musicians and actors participating in video and audiovisual content of all kinds, see 90.20"
"9360"	"9012"	"90.12"	"Visual arts creation activities"	"901"	"90.1"	"4"		"This class includes the activities of creation and production of works of the visual arts.\n\nThis class includes:\n- activities of independent artists (e.g. sculptors, painters, cartoonists, calligraphers, engravers, etchers)\n- digital forms of visual arts creation\n- creations of art featuring light installations"		"This class excludes:\n- manufacture of statues, other than artistic originals, see 23.70\n- motion picture and video production, see 59.11, 59.12\n- operation of cinemas, see 59.14\n- photographic activities, see 74.20\n- activities of personal theatrical or artistic agents or agencies, see 74.99\n- casting activities, see 78.10\n- intermediation service activities for theatrical, sport, amusement and entertainment tickets, see 82.40\n- choreography activities, see 90.13\n- creation and presentation of light and sound shows, see 93.29"
"9370"	"9013"	"90.13"	"Other arts creation activities"	"901"	"90.1"	"4"		"This class includes:\n- choreography activities"		"This class excludes:\n- renovation, renewal, reconstruction and retrofitting of historical and archaeological sites and buildings, see 43.99\n- operation of museums of all kinds, see 91.21\n- repair of furniture not considered cultural heritage and non-historical, see 95.24"
"9380"	"902"	"90.2"	"Activities of performing arts"	"90"	"90"	"3"				
"9390"	"9020"	"90.20"	"Activities of performing arts"	"902"	"90.2"	"4"		"This class includes activities in the performing arts and related activities.\n\nIt includes:\n- live stage productions (theatrical presentations, concerts, operas, dances and others):\n • activities of performing groups, circuses or companies, orchestras or bands\n • activities of performing artists (e.g. actors (including stand-up comedians), dancers, musicians (including activities of independent musicians), conductors)"	"This class also includes: \n- activities of photo models \n- activities of independent musicians and actors appearing in video and audiovisual content of all kinds\n- operation of performing arts facilities for own ensemble \n- activities of influencers appearing in vlogs published by a third party"	"This class excludes:\n- publishing texts and photographs and other contents without video by influencers or bloggers, see 58.19\n- production of video and audiovisual content, including vlogs, see 59.11\n- activities of personal theatrical or artistic agents or agencies, see 74.99\n- casting activities, see 78.10 \n- activities of bloggers not self-publishing their own created content, see 90.11"
"9400"	"903"	"90.3"	"Support activities to arts creation and performing arts"	"90"	"90"	"3"		"This group includes support activities to arts creation and performing arts. It includes activities supporting the production of theatre, opera and ballet performances, musicals, events and others, activities of producers of artistic performances, inside or outside the premises."		
"9410"	"9031"	"90.31"	"Operation of arts facilities and sites"	"903"	"90.3"	"4"		"This class includes:\n- operation of arts facilities (e.g. concert halls, theatre halls, cultural centres)\n- operation of arts facilities which support artistic creation in visual arts"	"This class also includes:\n- operation of music venues, music clubs and similar facilities for live performances"	"This class excludes: \n- retail sale of paintings and sculptures (activities of commercial art galleries), see 47.69\n- activities of bars, pubs and similar facilities which predominantly serve beverages, which may include the provision of live music and dance activities, see 56.30\n- operation of cinemas, see 59.14\n- intermediation service activities for theatrical, sport, amusement and entertainment tickets, see 82.40\n- operation of arts facilities for own ensemble, see 90.20\n- operation of museums of all kinds, see 91.21\n- operation of dance floors and ballrooms where beverage serving is not the main activity, see 93.29"
"9420"	"9039"	"90.39"	"Other support activities to arts and performing arts"	"903"	"90.3"	"4"		"This class includes:\n- support activities to the performing arts for production of live stage presentations (e.g. theatrical presentations, concerts, opera, dance, other stage productions):\n • activities of producers, stage-set designers and builders, scene-shifters, lighting engineers, etc.\n- organisation of cultural and entertainment events (e.g. film festivals, music and dance festivals)\n- activities of film and theatre directors, dramaturges, film promoters and programmes creators"	"This class also includes:\n- activities of producers or promoters of live arts events \n- technical planning, supply, setting-up and operation of audiovisual equipment and special effects associated with the organisation of artistic events"	"This class excludes: \n- production of motion pictures, including digital distribution, for direct projection in theatres or for broadcasting or streaming, see 59.1\n- broadcasting of live performances and events, see 60.20\n- activities of personal theatrical or artistic agents or agencies, see 74.99\n- casting activities, see 78.10\n- organisation of conferences, conventions and trade shows, see 82.30\n- activities of producers or promoters of sporting events, with or without facilities, see 93.19\n- activities of performing artists and groups, see 90.20\n- technical planning, supply, setting-up and operation of audiovisual equipment and special effects associated with the organisation of non-artistic events, see 93.29"
"9430"	"91"	"91"	"Libraries, archives, museums and other cultural activities"	"S"	"S"	"2"		"This division includes the activities of libraries and archives; the operation of museums of all kinds, heritage collections of all types, including library and archival documents, botanical and zoological gardens; the operation of archaeological and historical sites or buildings and the activities of nature reserves. These activities include the identification, collection, inventory, conservation/restoration and mediation of cultural or natural, tangible and intangible heritage."	"It also includes the preservation and exhibition of objects, sites and natural wonders of historical, cultural or educational interest (for example, World Heritage Sites)."	"This division excludes: \n- manufacture of musical instruments, see 32.20 \n- renovation, renewal, reconstruction and retrofitting of historical and archaeological sites and buildings, see 43.99\n- retail sale of paintings and sculptures (activities of commercial art galleries), see 47.69\n- retail sale of second-hand goods, see 47.79\n- transport and storage activities, see division 52 \n- insurance activities, see division 66 \n- architectural activities to support the conservation and restoration of cultural heritage properties, see 71.11 \n- research activities, conservation sciences devoted to cultural heritage, see division 72 \n- activities of tourist guides and lecturers, see 79.90 \n- sports, amusement and recreation activities (e.g. the operation of bathing beaches and recreation parks), see division 93\n- repair of musical instruments not considered cultural heritage and non-historical, see 95.29"
"9440"	"911"	"91.1"	"Library and archive activities"	"91"	"91"	"3"		"This group includes activities related to the management, care, preservation and assessment of libraries and archives.\n\nThis group includes: \n- documentation and information activities of libraries and archives of all kinds, including reading, listening and viewing rooms, providing library and archive services to the general public or to a specific public (e.g. students, scientists, staff members)\n- operation of public archives (at governmental, regional or local level) or of private archives (artists’, historians’, writers’ archives, etc.) \n- organisation of a library collection, whether specialised or not, cataloguing collections \n- lending and storage of books, maps, periodicals, films, records, tapes, works of art, archives, etc. \n- retrieval activities in order to comply with information requests, etc."		"This group excludes:\n- conservation and restoration of cultural heritage, see 91.30"
"9450"	"9111"	"91.11"	"Library activities"	"911"	"91.1"	"4"		"This class includes: \n- documentation and information activities of libraries of all kinds (including digital libraries), reading, listening and viewing rooms:\n • organisation of a collection, whether specialised or not\n • cataloguing collections\n • lending and storage of books, maps, periodicals, films, records, tapes, works of art, etc.\n • retrieval activities in order to comply with information requests, etc."		"This class excludes:\n- conservation and restoration of cultural heritage, see 91.30"
"9460"	"9112"	"91.12"	"Archive activities"	"911"	"91.1"	"4"		"Archive activities include the activities carried out by archival services of all types, with a view to building, storing, classifying, physical or digital archive collections and communicating them to the general public or to a particular category of users.\n\nThis class includes: \n- activities of public archives providing a service to the general public or to a special clientele (e.g. students, scientists, staff members) as well as the operation of government archives \n- activities related to the acquisition or collection of archives\n- activities related to the identification, stocktaking, description and classification of archives\n- activities related to the safety and maintenance of archive items (monitoring of the sanitary status and of climatic conditions, safety and security, rehabilitation) \n- activities related to the communication of archives to the public on site or remotely \n- digitisation of archival documents for digital archive collections"	"This class also includes: \n- archiving of all kinds of documents (in paper or electronic form)"	"This class excludes:\n- retail sale of manuscripts, see 47.69\n- storage of data files, see 63.10\n- digitisation of files (linked to further processing of data), see 63.10\n- digitisation of files (without any other related activity), see 82.10\n- conservation and restoration of cultural heritage, see 91.30"
"9470"	"912"	"91.2"	"Museum, collection, historical site and monument activities"	"91"	"91"	"3"		"This group includes the operation, management, care, preservation, exhibition and assessment of cultural heritage: tangible, intangible and digital in a wide variety of types of collections (both private and public). It includes activities pertaining to cultural heritage places as a result of human intervention in its surroundings, from landscapes to gardens, from historical and archaeological sites to buildings."		"This group excludes:\n- renovation, renewal, reconstruction and retrofitting of historical and archaeological sites and buildings, see 43.99\n- retail sale of paintings and sculptures (activities of commercial art galleries), see 47.69\n- architectural activities to support the conservation and restoration of cultural heritage properties, see 71.11 \n- activities related to conservation and restoration of cultural heritage, see 91.30"
"9480"	"9121"	"91.21"	"Museum and collection activities"	"912"	"91.2"	"4"		"This class includes:\n- operation, management, care, preservation, assessment and exhibition of collections of museums of all kinds:\n • museums or art museums; applied art, crafts and design museums (e.g. jewellery, furniture, costumes, ceramics, silverware)\n • natural history, science and technology museums, historical museums (including military museums)\n • other specialised museums\n- open-air museums, ecomuseums, digital and virtual museums\n- collections in historic houses and national galleries; interpretation centres for ethnographic, religious and folk art (at local or regional level)\n- activities of art galleries, exhibiting art (not for sale)"		"This class excludes:\n- retail sale of paintings and sculptures (activities of commercial art galleries), see 47.69 \n- library activities, see 91.11 \n- archive activities, see 91.12\n- conservation and restoration of cultural heritage, see 91.30\n- repair of furniture not considered cultural heritage and non-historical, see 95.24"
"9485"	"9122"	"91.22"	"Historical site and monument activities"	"912"	"91.2"	"4"		"This class includes the operation and preservation of cultural heritage places as a result of human intervention in its surroundings, from landscapes to gardens and from buildings to sites (natural and built heritage).\n\nThis class includes:\n- operation and preservation of historical sites and buildings\n- operation and preservation of archaeological sites open to visitors"		"This class excludes:\n- renovation, renewal, reconstruction and retrofitting of historical and archaeological sites and buildings, see 43.99\n- conservation and restoration of cultural heritage, see 91.30\n- architectural activities to support the conservation and restoration of cultural heritage properties, see 71.11 \n- archaeological excavations, see 72.20"
"9490"	"913"	"91.3"	"Conservation, restoration and other support activities for cultural heritage"	"91"	"91"	"3"				
"9500"	"9130"	"91.30"	"Conservation, restoration and other support activities for cultural heritage"	"913"	"91.3"	"4"		"This class includes: \n- conservation and restoration of historical and archaeological assets of all types of materials, whether the assets are movable or stationary"	"This class also includes:\n- consulting regarding the conservation and restoration of cultural heritage\n- activities necessary for the digitisation of cultural heritage, e.g.:\n • gathering the information and data needed for the creation of virtual replicas"	"This class excludes:\n- renovation, renewal, reconstruction and retrofitting of historical and archaeological sites and buildings, see 43.99\n- architectural activities to support the conservation and restoration of cultural heritage properties, see 71.11 \n- conservation science (research and development activities devoted to cultural heritage), see division 72 \n- archaeological excavations, see 72.20\n- repair of furniture not considered cultural heritage and non-historical, see 95.24 \n- repair of musical instruments not considered cultural heritage and non-historical, see 95.29"
"9510"	"914"	"91.4"	"Botanical and zoological garden and nature reserve activities"	"91"	"91"	"3"				
"9520"	"9141"	"91.41"	"Botanical and zoological garden activities"	"914"	"91.4"	"4"		"This class includes: \n- operation of botanical and zoological gardens, including children’s zoos\n- operation of aquariums"		"This class excludes:\n- landscape and gardening activities, see 81.30\n- operation of sport fishing and hunting preserves, see 93.19"
"9530"	"9142"	"91.42"	"Nature reserve activities"	"914"	"91.4"	"4"		"This class includes:\n- operation of nature reserves, including wildlife preservation, etc.\n- conservation and maintenance services of national parks, nature parks and reserves"		"This class excludes:\n- protection or restoring activities of agricultural land, see division 01\n- protection or restoring activities of forestry land, see division 02\n- protection or restoring activities of landscape (e.g. for parks, gardens), see 81.30\n- operation of sport fishing and hunting preserves, see 93.19"
"9540"	"92"	"92"	"Gambling and betting activities"	"S"	"S"	"2"		"This division includes the operation of gambling facilities (for example, casinos, bingo halls, electronic gambling machines) and the provision of gambling services (for example, lotteries, off-track betting). These gambling and betting activities can be carried out in gambling facilities or online."		"This division excludes:\n- operation of coin-operated games, see 93.29"
"9550"	"920"	"92.0"	"Gambling and betting activities"	"92"	"92"	"3"				
"9560"	"9200"	"92.00"	"Gambling and betting activities"	"920"	"92.0"	"4"		"This class includes gambling and betting activities, for example:\n- bookmaking and other betting operations\n- off-track betting\n- operation of casinos (including floating casinos)\n- sale of lottery tickets\n- operation (exploitation) of coin-operated gambling machines\n- quiz app subscriptions with prizes\n- sports betting\n- operation of card games as a betting activity\n- operation of gambling or lottery games"		"This class excludes:\n- operation of clubs for card games (e.g. bridge clubs), see 93.12"
"9570"	"93"	"93"	"Sports activities and amusement and recreation activities"	"S"	"S"	"2"		"This division includes sports activities in any form of physical activity undertaken, either occasionally or in an organised participatory manner, with the aim of expressing and improving physical fitness and mental well-being, and of establishing social links or achieving results in competitions at all levels.\n\nThis division includes the provision of amusement and recreation activities."	"This division also includes:\n- organisation of sporting events"	"This division excludes:\n- dramatic arts, music, other arts and entertainment (e.g. the production of live theatrical presentations, concerts, opera or dance productions, other stage productions), see division 90\n- the operation of museums of all kinds, archaeological and historical sites and monuments, libraries, archives, botanical and zoological gardens; the preservation of historical sites; activities of nature reserves; see division 91"
"9580"	"931"	"93.1"	"Sports activities"	"93"	"93"	"3"		"This group includes the operation of sports facilities; activities of sports teams or clubs primarily participating in live sporting events; independent athletes engaged in participating in live sports or racing events; activities related to training animals for sports or entertainment; sports trainers providing specialised services to support participants in sporting events or competitions; operators of arenas and stadiums; other activities of organising, promoting or managing sporting events n.e.c."		"This group excludes:\n- sports and recreation education activities, see 85.51"
"9590"	"9311"	"93.11"	"Operation of sports facilities"	"931"	"93.1"	"4"		"This class includes:\n- operation of facilities for outdoor or indoor sporting events (open, closed or covered, with or without spectator seating)\n- organisation and operation of outdoor or indoor sporting events for professionals or amateurs by organisations in their own facilities (not by sports clubs)"	"This class also includes:\n- managing and providing the staff to operate these facilities\n- provision of equipment to operate these facilities \n- operation of sports areas, which may include the operation of cableways, ski lifts and chairlifts\n- management of outdoor sport-equipped areas\n- operation of grass-roots sporting facilities"	"This class excludes:\n- transport by cableways, ski lifts and chairlifts, which may include the preparation of ski slopes, see 49.34\n- rental of recreation and sports equipment, see 77.21 \n- organisation and operation of outdoor or indoor sporting events for professionals or amateurs by sports clubs, see 93.12\n- activities of fitness facilities, see 93.13\n- organisation and operation of outdoor or indoor sporting events for professionals or amateurs by organisations (not by sports clubs) without own facilities, see 93.19 \n- park and beach activities, see 93.29"
"9600"	"9312"	"93.12"	"Activities of sports clubs"	"931"	"93.1"	"4"		"This class includes the activities of sports clubs, which, whether professional, semi-professional or amateur clubs, give their members the opportunity to engage in sporting activities.\n\nSports clubs are typically non-profit entities, but inclusion in the sports sector is legitimised by the prevailing purpose of the activity carried out (in other words, the promotion of practicing sports). The activities of education, training, the sale of advertising space and the provision of clubhouse services are, in this context, ancillary activities, which may have a prevailing weight at an economic level, but which are instrumental with respect to the prevailing purpose of the activity carried out and for its perpetuation.\n\nThis class includes:\n- operation of sports clubs, e.g.:\n • football clubs\n • bowling clubs\n • swimming clubs\n • golf clubs\n • boxing clubs\n • winter sports clubs\n • chess clubs\n • track and field clubs\n • shooting clubs\n • e-sports clubs\n • card game clubs (e.g. bridge clubs)"	"This class also includes:\n- organisation and operation of outdoor or indoor sporting events for professionals or amateurs by sports clubs\n- provision of clubhouse services by sports clubs\n- sports training within sports clubs"	"This class excludes:\n- sports instruction by individual teachers/trainers, see 85.51\n- operation of sports facilities, see 93.11 \n- activities of individual own account sportspersons and athletes, referees, judges, timekeepers, etc., see 93.19\n- activities of individual own account participants of e-sports, see 93.19\n- activities of sports federations, see 93.19"
"9610"	"9313"	"93.13"	"Activities of fitness centres"	"931"	"93.1"	"4"		"This class includes:\n- activities of fitness clubs\n- activities of yoga studios\n- activities of Pilates studios\n- activities of tai chi studios"	"This class also includes:\n- instruction provided by fitness clubs, yoga studios and similar facilities"	"This class excludes:\n- sports instruction by individual teachers/trainers, see 85.51"
"9620"	"9319"	"93.19"	"Sports activities n.e.c."	"931"	"93.1"	"4"		"This class includes:\n- activities of producers of sporting events, with or without facilities\n- activities of individual own account sportspersons and athletes, referees, judges, timekeepers, etc. \n- activities of individual own account participants of e-sports\n- activities of sports federations, sports leagues and sports governing bodies\n- activities related to promotion of sporting events\n- activities of racing stables, kennels and garages\n- operation of sport fishing and hunting preserves\n- activities of mountain guides\n- support activities for sport or recreational hunting and fishing\n- operation of vertical, aerodynamic wind tunnels \n- activities related to training animals for sports or entertainment\n- organisation and operation of outdoor or indoor sporting events for professionals or amateurs by organisations (not by sports clubs) without own facilities"		"This class excludes: \n- broadcasting of live performances and events, see 60.20\n- rental of sports equipment, see 77.21 \n- organisation of conferences, conventions and trade shows, see 82.30 \n- sports instruction in camps or schools, see 85.51\n- activities of sports instructors, teachers, coaches, see 85.51 \n- card game instruction, see 85.51\n- technical planning, supply, setting-up and operation of audiovisual equipment and special effects associated with the organisation of artistic events, see 90.39 \n- provision of personnel and equipment as part of the organisation and operation of a sporting event (not by sports clubs) with own facilities, see 93.11\n- operation of e-sports clubs, see 93.12\n- organisation and operation of outdoor or indoor sporting events for professionals or amateurs by sports clubs, see 93.12\n- technical planning, supply, setting-up and operation of audiovisual equipment and special effects associated with the organisation of non-artistic events, see 93.29 \n- park and beach activities, see 93.29"
"9630"	"932"	"93.2"	"Amusement and recreation activities"	"93"	"93"	"3"		"This group includes a wide range of units that operate facilities or provide services to meet the varied recreational interests of their patrons. It includes the operation of a variety of attractions (for example, mechanical rides, water rides, games, shows, theme exhibits and picnic grounds)."		"This group excludes:\n- dramatic arts, music and other arts, see division 90\n- sports activities, see 93.1 \n- activities related to the infrastructure and facilities for sports (e.g. swimming pools, playgrounds), see 93.11"
"9640"	"9321"	"93.21"	"Activities of amusement parks and theme parks"	"932"	"93.2"	"4"		"This class includes the activities of amusement parks and theme parks characterised by a permanent and site-based operation of a variety of attractions (for example, mechanical rides, carousels, games, shooting galleries, shows, theme exhibits, picnic grounds) that are provided under the economic and operational directive of a central operator. These parks are typically located in structurally delimited areas, for which customers must pay admission."	"This class also includes:\n- activities of aqua/water parks"	"This class excludes:\n- operation of gambling or lottery games, see 92.00\n- operation of mechanical rides, games and shows by independent providers (e.g. at fairgrounds, festivals, Christmas markets), see 93.29"
"9650"	"9329"	"93.29"	"Amusement and recreation activities n.e.c."	"932"	"93.2"	"4"		"This class includes activities related to entertainment and recreation (except amusement parks and theme parks) not elsewhere classified:\n- operation (exploitation) of coin-operated games\n- rental of leisure and pleasure equipment as an integral part of recreational facilities\n- operation of mechanical rides, games and shows by independent providers (e.g. at fairgrounds, festivals, Christmas markets)\n- activities of beaches, including rental of facilities (e.g. bathhouses, beach chairs and umbrellas)\n- activities of independent animators in amusement and recreation facilities \n- operation of dance floors and ballrooms where beverage serving is not the main activity\n- operation of computer rooms for playing computer games\n- operation of self-service amusement devices (e.g. rocking chairs/horses/cars/spaceships)\n- operation of airsoft and paintball courts \n- operation of virtual reality or geolocated games/experiences\n- amusement and recreation activities related to the infrastructure of marinas\n- operation of billiard halls\n- operation of escape rooms \n- operation of bowling alleys \n- creation and presentation of light and sound shows \n- activities of guides for underwater excursions \n- creation and presentation of fireworks displays\n- operation of picnic grounds\n- operation of laser games\n- entertainment activities in retirement homes"	"This class also includes: \n- activities of producers or entrepreneurs of live amusement and recreation events, with or without facilities \n- technical planning, supply, setting-up and operation of audiovisual equipment and special effects associated with the organisation of non-artistic events"	"This class excludes:\n- transport by cableways, ski lifts and chairlifts, which may include the preparation of ski slopes, see 49.34\n- fishing trips, see 50.10, 50.30\n- provision of space and facilities for short-stay visitors in recreational parks, forests and camping grounds, see 55.30\n- recreational camps, hunting and fishing camps, campsites and camping grounds, see 55.30\n- mobile food service activities, see 56.12 \n- activities of security personnel for events, concerts, fairs and exhibitions, see 80.01\n- organisation of conferences, conventions and trade shows, see 82.30 \n- provision of services for events, fairs and exhibitions that are part of public order and safety activities, see 84.24\n- theatrical and circus groups, see 90.20\n- operation of arts facilities (e.g. concert halls, theatre halls, music venues, music clubs and similar facilities for live performances), see 90.31\n- technical planning, supply, setting-up and operation of audiovisual equipment and special effects associated with the organisation of artistic events, see 90.39 \n- operation of gambling or lottery games, see 92.00\n- operation of sports facilities (e.g. swimming pools, skating rinks), see 93.11\n- activities of water sports clubs (canoeing, rowing, sailing, etc.), see 93.12 \n- activities of amusement parks and theme parks, see 93.21"
"9660"	"T"	"T"	"OTHER SERVICE ACTIVITIES"			"1"		"This section (as a residual category) includes the activities of membership organisations, the repair of computers, personal and household goods, motor vehicles and motorcycles, and a variety of personal service activities not covered elsewhere in the classification."		
"9670"	"94"	"94"	"Activities of membership organisations"	"T"	"T"	"2"		"This division includes activities of organisations representing interests of special groups or promoting ideas to the general public. These organisations usually have a constituency of members, but their activities may involve and benefit non-members as well. The primary breakdown of this division is determined by the purpose that these organisations serve, namely interests of employers, self-employed individuals and professional groups (group 94.1), interests of employees (group 94.2) or the promotion of religious, political, cultural, educational or recreational ideas and activities (group 94.9)."		
"9680"	"941"	"94.1"	"Activities of business, employers and professional membership organisations"	"94"	"94"	"3"		"This group includes the activities of promoting the interests of the members of business and employer organisations."	"In the case of professional membership organisations, it also includes the activities of promoting the professional interests of members of the profession."	
"9690"	"9411"	"94.11"	"Activities of business and employers membership organisations"	"941"	"94.1"	"4"		"This class includes:\n- activities of organisations whose members’ interests centre on the development and prosperity of enterprises in a particular line of business or trade (including farming) or on the economic growth and climate of a particular geographical area or political subdivision without regard for the line of business\n- activities of federations of such associations\n- activities of chambers of commerce, guilds and similar organisations\n- dissemination of information, representation before government agencies, public relations and labour negotiations of business and employer organisations"		"This class excludes:\n- activities of professional membership organisations, see 94.12\n- activities of trade unions, see 94.20\n- activities of other membership organisations n.e.c., see 94.99\n- activities of international organisations of an administrative nature, see 99.00"
"9700"	"9412"	"94.12"	"Activities of professional membership organisations"	"941"	"94.1"	"4"		"This class includes:\n- activities of organisations whose members’ interests centre chiefly on a particular scholarly discipline or professional practice or technical field (e.g. medical associations, legal associations, accounting associations, engineering associations, architects’ associations)\n- activities of associations of specialists engaged in scientific, academic or cultural activities (e.g. associations of writers, painters, performers of various kinds, journalists)\n- dissemination of information, the establishment and supervision of standards of practice, representation before government agencies, public relations of professional organisations"	"This class also includes:\n- activities of learned societies"	"This class excludes:\n- education provided by professional membership organisations, see division 85\n- activities of business and employers’ membership organisations, see 94.11\n- activities of trade unions, see 94.20\n- activities of other membership organisations n.e.c., see 94.99"
"9710"	"942"	"94.2"	"Activities of trade unions"	"94"	"94"	"3"				
"9720"	"9420"	"94.20"	"Activities of trade unions"	"942"	"94.2"	"4"		"This class includes:\n- promoting the interests of organised labour and union employees"	"This class also includes:\n- activities of associations whose members are employees interested chiefly in the representation of their views concerning the salary and work situation, and in concerted action through organisation"	"This class excludes:\n- education provided by trade unions, see division 85\n- activities of professional membership organisations, see 94.12"
"9730"	"949"	"94.9"	"Activities of other membership organisations"	"94"	"94"	"3"		"This group includes the activities of units (except business and employers’ membership organisations, professional membership organisations and trade unions) that promote the interests of their members."		
"9740"	"9491"	"94.91"	"Activities of religious organisations"	"949"	"94.9"	"4"		"This class includes:\n- activities of religious organisations or individuals providing services directly to worshippers in churches, mosques, temples, synagogues or other places\n- activities of organisations furnishing monastery and convent services\n- religious retreat activities"	"This class also includes:\n- religious funeral service activities"	"This class excludes:\n- education provided by religious organisations, see division 85\n- health activities by religious organisations, see division 86\n- social work activities by religious organisations, see divisions 87, 88"
"9750"	"9492"	"94.92"	"Activities of political organisations"	"949"	"94.9"	"4"		"This class includes:\n- activities of political organisations and auxiliary organisations (e.g. young people’s auxiliaries associated with a political party). These organisations chiefly engage in influencing decision-taking in public governing bodies by placing members of the party or those sympathetic to the party in political office and involve the dissemination of information, public relations, fundraising, etc."		
"9760"	"9499"	"94.99"	"Activities of other membership organisations n.e.c."	"949"	"94.9"	"4"		"This class includes:\n- activities of organisations (not directly affiliated to a political party) furthering a public cause or issue by means of public education, political influence, fundraising, etc.:\n • citizens’ initiative or protest movements\n • environmental and ecological movements\n • organisations supporting community and educational facilities n.e.c.\n • organisations for the protection and betterment of special groups (e.g. ethnic and minority groups)\n • associations for patriotic purposes, including war veterans’ associations\n • associations intended to promote health\n • associations for the protection of animals\n • consumer associations\n- activities of automobile associations (other than sports)\n- activities of associations for the purpose of social acquaintanceship (e.g. Rotary Clubs, lodges)\n- activities of associations of youth (e.g. scout associations, young persons’ associations, student associations, clubs, fraternities and sororities)\n- activities of associations for the pursuit of cultural or recreational activities or a hobby, other than sports or games (e.g. poetry, literature and book clubs, historical clubs, gardening clubs, film and photographic clubs, music and art clubs, craft and collectors’ clubs, social clubs, carnival clubs)"	"This class also includes:\n- grant-giving activities by membership organisations or others\n- activities of philanthropic intermediaries and activities to promote volunteerism\n- international cooperation and solidarity activities\n- service activities to promote hunting and trapping"	"This class excludes:\n- charitable activities like fundraising aimed at social work, see 88.99\n- activities of sports clubs, see 93.12\n- activities of sports federations, see 93.19\n- activities of professional membership organisations, see 94.12\n- activities of international organisations under international treaties between states, see 99.00"
"9770"	"95"	"95"	"Repair and maintenance of computers, personal and household goods, and motor vehicles and motorcycles"	"T"	"T"	"2"		"This division includes the repair and maintenance of computers and computer peripheral equipment, communication equipment, consumer electronics, garden equipment, footwear and leather goods, furniture and home furnishings, clothing, sports goods, musical instruments and other personal and household goods, as well as the repair and maintenance of motor vehicles and motorcycles."		"This division excludes specialised maintenance and repair of industrial, commercial and similar machinery and equipment not used by households, see division 33."
"9780"	"951"	"95.1"	"Repair and maintenance of computers and communication equipment"	"95"	"95"	"3"				
"9790"	"9510"	"95.10"	"Repair and maintenance of computers and communication equipment"	"951"	"95.1"	"4"		"This class includes the repair and maintenance of electronic equipment (for example, computers and computing machinery, peripheral and communication equipment).\n\nThis class includes the repair and maintenance of:\n- desktop computers\n- laptop computers\n- magnetic disc drives and flash drives\n- optical disc drives\n- renovation of discs\n- printers\n- monitors\n- keyboards \n- webcams \n- headsets, including in-ear wireless headsets\n- mice, joysticks and trackball accessories\n- internal and external computer modems\n- dedicated computer terminals\n- computer servers\n- scanners, including barcode scanners\n- smart card readers\n- virtual reality helmets/headsets\n- computer projectors\n- cordless telephones\n- smart telephones and tablets\n- telecommunication carrier equipment\n- communication transmission equipment (e.g. routers, bridges, modems)\n- two-way radios\n- commercial television and video cameras"	"This class also includes:\n- repair and maintenance of computer terminals like automatic teller machines (ATMs) and point-of-sale (POS) terminals, not mechanically operated\n- repair and maintenance of handheld computers (personal digital assistants (PDAs))"	"This class excludes:\n- refilling of ink and toner cartridges by retail sellers, see 47.40\n- repair and maintenance of consumer electronics, see 95.21"
"9800"	"952"	"95.2"	"Repair and maintenance of personal and household goods"	"95"	"95"	"3"		"This group includes the repair and maintenance of personal and household goods."		
"9810"	"9521"	"95.21"	"Repair and maintenance of consumer electronics"	"952"	"95.2"	"4"		"This class includes the repair and maintenance of consumer electronics:\n- repair of consumer electronics:\n • television, radio receivers\n • audio and video players\n • household-type video cameras and photographic equipment\n • video game devices"		
"9820"	"9522"	"95.22"	"Repair and maintenance of household appliances and home and garden equipment"	"952"	"95.2"	"4"		"This class includes the repair and servicing of household appliances and home and garden equipment:\n- repair and servicing of household appliances:\n • refrigerators, stoves, washing machines, clothes/tumble dryers, room air conditioners, etc.\n- repair and servicing of home and garden equipment:\n • lawnmowers, edgers, snowblowers, leaf blowers, trimmers, etc."		"This class excludes:\n- repair of handheld power tools and commercial refrigeration, see 33.12 \n- repair of central air-conditioning systems, see 43.22"
"9830"	"9523"	"95.23"	"Repair and maintenance of footwear and leather goods"	"952"	"95.2"	"4"		"This class includes the repair and maintenance of footwear and leather goods:\n- repair of boots, shoes, luggage, etc.\n- fitting of heels"		"This class excludes:\n- activities of shoeshiners, see 96.99"
"9840"	"9524"	"95.24"	"Repair and maintenance of furniture and home furnishings"	"952"	"95.2"	"4"		"This class includes:\n- reupholstering, refinishing and repairing of furniture and home furnishings, including office furniture\n- assembly of self-standing furniture"		
"9850"	"9525"	"95.25"	"Repair and maintenance of watches, clocks and jewellery"	"952"	"95.2"	"4"		"This class includes:\n- repair of watches, clocks and their parts (e.g. watch cases and housings of any material)\n- repair of jewellery"		"This class excludes:\n- repair of time clocks, time/date stamps, time locks and similar time-recording devices, see 33.13"
"9860"	"9529"	"95.29"	"Repair and maintenance of personal and household goods n.e.c."	"952"	"95.2"	"4"		"This class includes the repair and maintenance of personal and household goods:\n- repair and maintenance of bicycles, electric bicycles, monowheels, hoverboards, kickscooters\n- repair and alteration of clothing\n- repair of sports goods (except sporting guns) and camping equipment\n- repair of books\n- repair of non-historical musical instruments\n- repair of toys and similar articles\n- repair of other personal and household goods\n- piano tuning\n- knife sharpening\n- key cutting activities"	"This class also includes:\n- ‘while-you-wait’ engraving"	"This class excludes:\n- industrial engraving of metals, see 25.53\n- repair of sporting and recreational guns, 33.11\n- repair of handheld power tools, see 33.12\n- locksmith activities, see 80.09"
"9870"	"953"	"95.3"	"Repair and maintenance of motor vehicles and motorcycles"	"95"	"95"	"3"		"This group includes the repair and maintenance of motor vehicles and motorcycles."		
"9880"	"9531"	"95.31"	"Repair and maintenance of motor vehicles"	"953"	"95.3"	"4"		"This class includes:\n- repair and maintenance of motor vehicles, including trailers and semi-trailers, e.g.:\n • mechanical repairs\n • electrical repairs\n • electronic injection systems repair\n • ordinary servicing\n • bodywork repair\n • repair of motor vehicle parts\n • washing, polishing, etc.\n • spraying and painting\n • repair of screens and windows\n • repair of motor vehicle seats\n • mechatronics system repair and diagnostics services\n- repair, fitting or replacement service activities for tubes and tyres\n- anti-rust treatment\n- installation of parts and accessories not as part of the manufacturing process\n- repair and maintenance of non-military amphibious vehicles"	"This class also includes:\n- repair and maintenance of caravan and motorhome housing cells"	"This class excludes:\n- retreading and rebuilding of tyres, see 22.11\n- fitting out services for caravans and motorhomes, see 29.20\n- repair of forklifts and agricultural tractors, see 33.12"
"9890"	"9532"	"95.32"	"Repair and maintenance of motorcycles"	"953"	"95.3"	"4"		"This class includes:\n- repair and maintenance of motorcycles\n- motorcycle and motorcycle parts spraying and painting activities\n- bodywork repair on motorcycles\n- washing, polishing, etc., of motorcycles"		"This class excludes:\n- repair and maintenance of bicycles and electric bicycles, see 95.29"
"9892"	"954"	"95.4"	"Intermediation service activities for repair and maintenance of computers, personal and household goods, and motor vehicles and motorcycles"	"95"	"95"	"3"				
"9894"	"9540"	"95.40"	"Intermediation service activities for repair and maintenance of computers, personal and household goods, and motor vehicles and motorcycles"	"954"	"95.4"	"4"		"This class includes intermediation for the repair and maintenance of computers, personal and household goods, motor vehicles and motorcycles by bringing clients and service providers together for a fee or commission, without the intermediary providing the services intermediated. These intermediation activities can be carried out on digital platforms or through non-digital channels (including face-to-face, door-to-door, telephone, telephone, mail, and so on). The fee or commission can be received from either the client or the provider of the repair and maintenance service. Revenue for the intermediation activities can include other sources of income (for example, revenues from the sale of advertising space)."		
"9900"	"96"	"96"	"Personal service activities"	"T"	"T"	"2"		"This division includes all personal service activities not mentioned elsewhere in the classification. Notably it includes types of services, such as washing and (dry-)cleaning of textiles and fur products, hairdressing, beauty treatment, day spa and similar activities, funeral and related activities."		
"9910"	"961"	"96.1"	"Washing and cleaning of textile and fur products"	"96"	"96"	"3"				
"9920"	"9610"	"96.10"	"Washing and cleaning of textile and fur products"	"961"	"96.1"	"4"		"This class includes:\n- laundering and dry-cleaning, pressing, etc., of all kinds of clothing (including fur) and textiles, provided by mechanical equipment, by hand or by self-service coin-operated machines, whether for the general public or for industrial or commercial clients\n- carpet and rug shampooing, drapery and curtain cleaning, whether on clients’ premises or not\n- provision of combined rental and care services, including washing and cleaning of textiles (e.g. linen, work uniforms and related items)\n- reusable diaper supply services"		"This class excludes:\n- repair and alteration of clothing, see 95.29"
"9930"	"962"	"96.2"	"Hairdressing, beauty treatment, day spa and similar activities"	"96"	"96"	"3"				
"9940"	"9621"	"96.21"	"Hairdressing and barber activities"	"962"	"96.2"	"4"		"This class includes:\n- hair washing, trimming and cutting, setting, dyeing, tinting, waving, straightening and similar activities\n- hairstyling\n- shaving and beard trimming"		"This class excludes:\n- manufacture of wigs, see 32.99"
"9950"	"9622"	"96.22"	"Beauty care and other beauty treatment activities"	"962"	"96.2"	"4"		"This class includes beauty treatment activities not performed by medical specialists (for example, by cosmetologists), such as facial massage, manicure, pedicure, permanent make-up, depilation and tanning."		"This class excludes:\n- cosmetic surgery activities performed by medical specialists, see 86.22"
"9960"	"9623"	"96.23"	"Day spa, sauna and steam bath activities"	"962"	"96.2"	"4"		"This class includes:\n- activities of Turkish baths, sauna and steam baths, day spas, solariums, weight loss and slendering salons, etc.\n- activities of massage salons for non-medical massage"		"This class excludes:\n- physical well-being services as part of accommodation activities, see division 55\n- activities of medical massage therapists, see 86.95\n- activities of practitioners in the field of shiatsu, Thai massage, Watsu, tui na, qigong, see 86.99 \n- activities of health, fitness and body-building clubs and facilities, see 93.13"
"9970"	"963"	"96.3"	"Funeral and related activities"	"96"	"96"	"3"				
"9980"	"9630"	"96.30"	"Funeral and related activities"	"963"	"96.3"	"4"		"This class includes:\n- burial and incineration of human or animal corpses and related activities:\n • preparing the dead for burial or cremation; embalming and morticians’ services\n • providing burial or cremation services\n • rental of equipped space in funeral parlours\n- rental or sale of graves\n- maintenance of graves and mausoleums\n- transport of human remains"		"This class excludes:\n- cemetery gardening, see 81.30\n- religious funeral service activities, see 94.91"
"9982"	"964"	"96.4"	"Intermediation service activities for personal services"	"96"	"96"	"3"				
"9984"	"9640"	"96.40"	"Intermediation service activities for personal services"	"964"	"96.4"	"4"		"This class includes intermediation for personal services by bringing clients and service providers together for a fee or commission, without the intermediary providing the services intermediated. These intermediation activities can be carried out on digital platforms or through non-digital channels (including face-to-face, door-to-door, telephone, mail, and so on). The fee or commission can be received from either the client or the provider of the personal service. Revenue for the intermediation activities can include other sources of income (for example, revenues from the sale of advertising space)."		
"9990"	"969"	"96.9"	"Other personal service activities"	"96"	"96"	"3"				
"9995"	"9691"	"96.91"	"Provision of domestic personal service activities"	"969"	"96.9"	"4"		"This class includes the provision of a range of domestic personal service activities like cooking, washing, cleaning and ironing services, at home for households. When only one activity is performed it is classified according to this activity."		"This class excludes:\n- cleaning of buildings, see 81.21 \n- home care services for older persons, including live-in care services, see 88.10\n- day-care activities for children provided in private homes or day-care centres, see 88.91 \n- after-school care services, see 88.91"
"10000"	"9699"	"96.99"	"Other personal service activities n.e.c."	"969"	"96.9"	"4"		"These activities are predominantly provided to individuals.\n\nThis class includes:\n- astrological and spiritualists’ activities\n- social activities (e.g. escort services, dating services, services of a marriage bureau)\n- provision or arrangement of sexual services, organisation of prostitution events or operation of prostitution establishments\n- pet care services (e.g. boarding, grooming or training pets)\n- operation of shelters for abandoned pets\n- genealogical activities\n- activities of tattooing and piercing studios\n- activities of shoe-shiners, porters, car parkers, etc.\n- concession operation of coin-operated personal services machines (e.g. photo booths, weighing machines or lockers)\n- operation of photo automats for printing photographs from electronic records (e.g. from telephone, memory cards, flash drives)\n- dating and other speed networking activities\n- tattoo artist activities, using biological substances (e.g. henna) for temporary decoration\n- horse whispering activities\n- housesitting activities\n- wedding planners’ activities"		"This class excludes:\n- veterinary activities, see 75.00\n- home cleaning activities, see 81.21\n- yoga or Pilates instruction, see 85.51\n- provision of alternative therapeutic services (e.g. homeopathy, chiropractic treatments, osteopathy, crystal therapy, iridology, kinesiology and radionics), see 86.96\n- activities of practitioners in the field of shiatsu, Thai massage, Watsu, tui na, qigong, see 86.99\n- homecare services for older persons, including live-in care services, see 88.10\n- day-care activities for children provided in private homes or day-care centres, see 88.91\n- after-school care services, see 88.91 \n- operation of coin-operated gambling machines, see 92.00\n- operation of coin-operated washing machines, see 96.10"
"10010"	"U"	"U"	"ACTIVITIES OF HOUSEHOLDS AS EMPLOYERS AND UNDIFFERENTIATED GOODS - AND SERVICE-PRODUCING ACTIVITIES OF HOUSEHOLDS FOR OWN USE"			"1"				
"10020"	"97"	"97"	"Activities of households as employers of domestic personnel"	"U"	"U"	"2"		"This division only includes activities of private households as employers of domestic personnel.\n\nThe output of these activities is considered production in the European system of accounts (ESA), and for this purpose and for certain surveys this division has been included in NACE Rev. 2.1. The same activities when carried out by independent service providers (as opposed to domestic staff employed and paid by the household) are not classified here (for example, babysitting activities (class 88.91), washing of textiles (class 96.10) and valet activities (class 96.99)."		
"10030"	"970"	"97.0"	"Activities of households as employers of domestic personnel"	"97"	"97"	"3"				
"10040"	"9700"	"97.00"	"Activities of households as employers of domestic personnel"	"970"	"97.0"	"4"		"This class includes households’ employment of domestic personnel (for example, cooks, cleaners, gardeners, chauffeurs, caretakers, babysitters, personal assistants).\n\nThis allows the employed domestic personnel to state the activity of their employer in censuses or studies, even though the employer is an individual. The product produced by this activity is consumed by the employing household."		"This class excludes:\n- provision of personal and household services (e.g. cleaning, ironing, cooking, gardening, homecare services for dependents) by service providers (for-profit, not-for-profit, public organisations or self-employed), see the appropriate NACE class according to the service provided"
"10050"	"98"	"98"	"Undifferentiated goods- and service-producing activities of private households for own use"	"U"	"U"	"2"		"This division includes the undifferentiated subsistence goods-producing and services-producing activities of households.\n\nHouseholds should be classified here only if it is impossible to identify a primary activity for the subsistence activities of the household. If the household engages in market activities, it should be classified according to the primary market activity carried out."		
"10060"	"981"	"98.1"	"Undifferentiated goods-producing activities of private households for own use"	"98"	"98"	"3"				
"10070"	"9810"	"98.10"	"Undifferentiated goods-producing activities of private households for own use"	"981"	"98.1"	"4"		"This class includes the undifferentiated subsistence goods-producing activities of households, in other words, the activities of households that are engaged in a variety of activities that produce goods for their own subsistence. These activities include hunting and gathering, farming, and the production of shelter, clothing and other goods by the household for its own subsistence."		"If households are also engaged in the production of marketed goods, they are classified to the appropriate goods-producing industry of NACE.\nIf they are principally engaged in a specific goods-producing subsistence activity, they are classified to the appropriate goods-producing industry of NACE."
"10080"	"982"	"98.2"	"Undifferentiated service-producing activities of private households for own use"	"98"	"98"	"3"				
"10090"	"9820"	"98.20"	"Undifferentiated service-producing activities of private households for own use"	"982"	"98.2"	"4"		"This class includes the undifferentiated subsistence service-producing activities of households. These activities include cooking, teaching, caring for household members and other services produced by the household for its own subsistence."		"If households are also engaged in the production of multiple goods for subsistence purposes, they are classified to the undifferentiated subsistence goods-producing activities of households."
"10100"	"V"	"V"	"ACTIVITIES OF EXTRATERRITORIAL ORGANISATIONS AND BODIES"			"1"				
"10110"	"99"	"99"	"Activities of extraterritorial organisations and bodies"	"V"	"V"	"2"				
"10120"	"990"	"99.0"	"Activities of extraterritorial organisations and bodies"	"99"	"99"	"3"				
"10130"	"9900"	"99.00"	"Activities of extraterritorial organisations and bodies"	"990"	"99.0"	"4"		"This class includes:\n- activities of international organisations under international treaties between states, e.g.:\n • the United Nations (UN) and the specialised agencies of the United Nations system, regional bodies\n • the International Monetary Fund (IMF), the World Bank\n • the World Customs Organization (WCO), the Organisation for Economic Co-operation and Development (OECD)\n • the Organization of the Petroleum Exporting Countries (OPEC), the European Free Trade Association (EFTA)\n- activities of institutions and bodies of the European Union (EU)"	"This class also includes:\n- activities of general government agencies of other countries (e.g. embassies, consulates, military bases, scientific bases)"	
