LEVEL	CODE	version	NATIONAL_TITLE_BE_NL	NATIONAL_TITLE_BE_FR	NATIONAL_TITLE_BE_DE	NATIONAL_TITLE_BE_EN
1	A      	2025	LANDBOUW, BOSBOUW EN VISSERIJ	AGRICULTURE, SYLVICULTURE ET PÊCHE	LAND- UND FORSTWIRTSCHAFT, FISCHEREI	AGRICULTURE, FORESTRY AND FISHING
1	B      	2025	WINNING VAN DELFSTOFFEN	INDUSTRIES EXTRACTIVES	BERGBAU UND GEWINNUNG VON STEINEN UND ERDEN	MINING AND QUARRYING
1	C      	2025	INDUSTRIE	INDUSTRIE MANUFACTURIÈRE	VERARBEITENDES GEWERBE/HERSTELLUNG VON WAREN	MANUFACTURING
1	D      	2025	PRODUCTIE EN DISTRIBUTIE VAN ELEKTRICITEIT, GAS, STOOM EN GEKOELDE LUCHT	PRODUCTION ET DISTRIBUTION D’ÉLECTRICITÉ, DE GAZ, DE VAPEUR ET D’AIR CONDITIONNÉ	ENERGIEVERSORGUNG	ELECTRICITY, GAS, STEAM AND AIR CONDITIONING SUPPLY
1	E      	2025	DISTRIBUTIE VAN WATER; AFVAL- EN AFVALWATERBEHEER EN SANERING	PRODUCTION ET DISTRIBUTION D’EAU; ASSAINISSEMENT, GESTION DES DÉCHETS ET DÉPOLLUTION	WASSERVERSORGUNG; ABWASSER- UND ABFALLENTSORGUNG UND BESEITIGUNG VON UMWELTVERSCHMUTZUNGEN	WATER SUPPLY; SEWERAGE, WASTE MANAGEMENT AND REMEDIATION ACTIVITIES
1	F      	2025	BOUWNIJVERHEID	CONSTRUCTION	BAUGEWERBE/BAU	CONSTRUCTION
1	G      	2025	GROOT- EN DETAILHANDEL	COMMERCE	HANDEL	WHOLESALE AND RETAIL TRADE
1	H      	2025	VERVOER EN OPSLAG	TRANSPORTS ET ENTREPOSAGE	VERKEHR UND LAGEREI	TRANSPORTATION AND STORAGE
1	I      	2025	VERSCHAFFEN VAN ACCOMMODATIE EN MAALTIJDEN	HÉBERGEMENT ET RESTAURATION	GASTGEWERBE/BEHERBERGUNG UND GASTRONOMIE	ACCOMMODATION AND FOOD SERVICE ACTIVITIES
1	J      	2025	ACTIVITEITEN VAN UITGEVERIJEN, OMROEPACTIVITEITEN EN PRODUCTIE EN DISTRIBUTIE VAN INHOUD	ÉDITION, DIFFUSION ET ACTIVITÉS DE PRODUCTION ET DE DISTRIBUTION DE CONTENU	VERLAGSWESEN, RUNDFUNK SOWIE ERSTELLUNG UND VERBREITUNG VON MEDIENINHALTEN	PUBLISHING, BROADCASTING, AND CONTENT PRODUCTION AND DISTRIBUTION ACTIVITIES
1	K      	2025	TELECOMMUNICATIE, COMPUTERPROGRAMMERING, CONSULTANCY, INFORMATICA-INFRASTRUCTUUR EN ANDERE ACTIVITEITEN OP HET GEBIED VAN INFORMATIEDIENSTEN	TÉLÉCOMMUNICATIONS, PROGRAMMATION INFORMATIQUE, CONSEIL, INFRASTRUCTURE INFORMATIQUE ET AUTRES ACTIVITÉS DE SERVICE D'INFORMATION	TELEKOMMUNIKATION, SOFTWAREENTWICKLUNG, IT-BERATUNG UND ERBRINGUNG SONSTIGER DIENSTLEISTUNGEN DER INFORMATIONSTECHNOLOGIE UND DER COMPUTERINFRASTRUKTUR	TELECOMMUNICATION, COMPUTER PROGRAMMING, CONSULTING, COMPUTING INFRASTRUCTURE AND OTHER INFORMATION SERVICE ACTIVITIES
1	L      	2025	FINANCIËLE ACTIVITEITEN EN VERZEKERINGEN	ACTIVITÉS FINANCIÈRES ET D’ASSURANCE	ERBRINGUNG VON FINANZ- UND VERSICHERUNGSDIENSTLEISTUNGEN	FINANCIAL AND INSURANCE ACTIVITIES
1	M      	2025	EXPLOITATIE VAN EN HANDEL IN ONROEREND GOED	ACTIVITÉS IMMOBILIÈRES	GRUNDSTÜCKS- UND WOHNUNGSWESEN	REAL ESTATE ACTIVITIES
1	N      	2025	WETENSCHAPPELIJKE EN TECHNISCHE ACTIVITEITEN EN OVERIGE SPECIALISTISCHE ZAKELIJKE DIENSTVERLENING	ACTIVITÉS SPÉCIALISÉES, SCIENTIFIQUES ET TECHNIQUES	ERBRINGUNG VON WISSENSCHAFTLICHEN UND TECHNISCHEN DIENSTLEISTUNGEN	PROFESSIONAL, SCIENTIFIC AND TECHNICAL ACTIVITIES
1	O      	2025	ADMINISTRATIEVE EN ONDERSTEUNENDE DIENSTEN	ACTIVITÉS DE SERVICE ADMINISTRATIF ET DE SOUTIEN	ERBRINGUNG VON SONSTIGEN WIRTSCHAFTLICHEN DIENSTLEISTUNGEN	ADMINISTRATIVE AND SUPPORT SERVICE ACTIVITIES
1	P      	2025	OPENBAAR BESTUUR EN DEFENSIE; VERPLICHTE SOCIALE VERZEKERINGEN	ADMINISTRATION PUBLIQUE ET DÉFENSE; SÉCURITÉ SOCIALE OBLIGATOIRE	ÖFFENTLICHE VERWALTUNG, VERTEIDIGUNG; SOZIALVERSICHERUNG	PUBLIC ADMINISTRATION AND DEFENCE; COMPULSORY SOCIAL SECURITY
1	Q      	2025	ONDERWIJS	ENSEIGNEMENT	ERZIEHUNG UND UNTERRICHT	EDUCATION
1	R      	2025	MENSELIJKE GEZONDHEIDSZORG EN MAATSCHAPPELIJKE DIENSTVERLENING	SANTÉ HUMAINE ET ACTIVITÉS D’ACTION SOCIALE	GESUNDHEITS- UND SOZIALWESEN	HUMAN HEALTH AND SOCIAL WORK ACTIVITIES
1	S      	2025	KUNST, SPORT EN RECREATIE	ARTS, SPORTS ET ACTIVITÉS RÉCRÉATIVES	KUNST, SPORT UND ERHOLUNG	ARTS, SPORTS AND RECREATION
1	T      	2025	OVERIGE DIENSTEN	AUTRES ACTIVITÉS DE SERVICES	ERBRINGUNG VON SONSTIGEN DIENSTLEISTUNGEN	OTHER SERVICE ACTIVITIES
1	U      	2025	ACTIVITEITEN VAN HUISHOUDENS ALS WERKGEVER EN NIET-GEDIFFERENTIEERDE PRODUCTIE VAN GOEDEREN EN DIENSTEN DOOR HUISHOUDENS VOOR EIGEN GEBRUIK	ACTIVITÉS DES MÉNAGES EN TANT QU’EMPLOYEURS; ACTIVITÉS INDIFFÉRENCIÉES DES MÉNAGES EN TANT QUE PRODUCTEURS DE BIENS ET SERVICES POUR USAGE PROPRE	PRIVATE HAUSHALTE MIT HAUSPERSONAL SOWIE HERSTELLUNG VON WAREN UND ERBRINGUNG VON DIENSTLEISTUNGEN DURCH PRIVATE HAUSHALTE FÜR DEN EIGENBEDARF OHNE AUSGEPRÄGTEN SCHWERPUNKT	ACTIVITIES OF HOUSEHOLDS AS EMPLOYERS AND UNDIFFERENTIATED GOODS – AND SERVICE-PRODUCING ACTIVITIES OF HOUSEHOLDS FOR OWN USE
1	V      	2025	ACTIVITEITEN VAN EXTRATERRITORIALE ORGANISATIES EN INSTANTIES	ACTIVITÉS DES ORGANISATIONS ET ORGANISMES EXTRATERRITORIAUX	EXTERRITORIALE ORGANISATIONEN UND KÖRPERSCHAFTEN	ACTIVITIES OF EXTRATERRITORIAL ORGANISATIONS AND BODIES
2	01     	2025	Teelt van gewassen, veeteelt, jacht en diensten in verband met deze activiteiten	Culture et production animale, chasse et services annexes	Landwirtschaft, Jagd und damit verbundene Tätigkeiten	Crop and animal production, hunting and related service activities
3	01.1	2025	Teelt van eenjarige gewassen	Cultures non permanentes	Anbau ein- und zweijähriger Pflanzen	Growing of non-perennial crops
4	01.11	2025	Teelt van andere granen dan rijst, en van peulgewassen en oliehoudende zaden	Culture de céréales, à l’exception du riz, et de légumineuses et de graines oléagineuses	Anbau von anderem Getreide als Reis sowie von Hülsenfrüchten und Ölsaaten	Growing of cereals, other than rice, leguminous crops and oil seeds
5	01.110	2025	Teelt van andere granen dan rijst, en van peulgewassen en oliehoudende zaden	Culture de céréales, à l’exception du riz, et de légumineuses et de graines oléagineuses	Anbau von anderem Getreide als Reis sowie von Hülsenfrüchten und Ölsaaten	Growing of cereals, other than rice, leguminous crops and oil seeds
7	01.11001	2025	Graanteelt (m.u.v. rijst) : harde tarwe, zachte tarwe, rogge, gerst, haver, maïs, enz.	Culture de céréales (à l'exception du riz) : blé dur, blé tendre, seigle, orge, avoine, maïs, etc.	Anbau von Getreide (ohne Reis): Hartweizen, Weichweizen, Roggen, Gerste, Hafer, Mais usw.	Cereal cultivation (except rice) : hard wheat, soft wheat, rye, barley, oats, maize, etc.
7	01.11002	2025	Teelt van oliehoudende zaden en van peulvruchten  : aardnoten, sojabonen, koolzaad, enz.	Culture de graines oléagineuses et de légumineuses : arachides, fèves de soja, fèves de colza, etc	Anbau von Ölsaaten und Hülsenfrüchten: Erdnüsse, Sojabohnen, Raps usw	Growing of oil seeds and leguminous crops : groundnuts, soya beans, rapeseeds, etc
7	01.11003	2025	Teelt van drooggeoogste zaden van peulvruchten zoals erwten en bonen	Culture de légumes à cosse secs tels que pois fourragers et haricots	Anbau von trockenen ausgelösten Hülsenfrüchten wie Futtererbsen und Bohnen	Growing of dried leguminous vegetables such as feed peas and beans
7	01.11004	2025	Teelt van zaaigranen	Production de semences céréalières	Anbau von Getreidesamen	Growing of cereal seeds
7	01.11005	2025	Teelt, n.e.g.	Cultures n.c.a.	Ackerkulturen a.n.g.	Crops n.e.c.
4	01.12	2025	Teelt van rijst	Culture du riz	Anbau von Reis	Growing of rice
5	01.120	2025	Teelt van rijst	Culture du riz	Anbau von Reis	Growing of rice
4	01.13	2025	Teelt van groenten, meloenen en wortel- en knolgewassen	Culture de légumes, de melons, de racines et de tubercules	Anbau von Gemüse und Melonen sowie Wurzeln und Knollen	Growing of vegetables and melons, roots and tubers
5	01.130	2025	Teelt van groenten, meloenen en wortel- en knolgewassen	Culture de légumes, de melons, de racines et de tubercules	Anbau von Gemüse und Melonen sowie Wurzeln und Knollen	Growing of vegetables and melons, roots and tubers
7	01.13001	2025	Teelt van paddestoelen en truffels	Culture des champignons et des truffes	Anbau von Pilzen und Trüffeln	Growing of mushrooms and truffles
7	01.13002	2025	Teelt van zaai- en plantgoed voor de groenteteelt	Production de semences de légumes	Anbau von Gemüsesamen	Production of vegetable seeds
7	01.13003	2025	Aardappelteelt	Culture de pommes de terre	Kartoffelanbau	Growing of potatoes
7	01.13004	2025	Teelt van wortels en knollen met een hoog zetmeel- of inulinegehalte	Culture de racines et de tubercules à forte teneur en amidon ou en inuline	Anbau von Wurzeln und Knollen mit hohem Stärke- und Inulingehalt	Growing of roots and tubers  with a high grade of starch or inulin
4	01.14	2025	Teelt van suikerriet	Culture de la canne à sucre	Anbau von Zuckerrohr	Growing of sugar cane
5	01.140	2025	Teelt van suikerriet	Culture de la canne à sucre	Anbau von Zuckerrohr	Growing of sugar cane
4	01.15	2025	Teelt van tabak	Culture du tabac	Anbau von Tabak	Growing of tobacco
5	01.150	2025	Teelt van tabak	Culture du tabac	Anbau von Tabak	Growing of tobacco
4	01.16	2025	Teelt van vezelgewassen	Culture de plantes à fibres	Anbau von Faserpflanzen	Growing of fibre crops
5	01.160	2025	Teelt van vezelgewassen	Culture de plantes à fibres	Anbau von Faserpflanzen	Growing of fibre crops
4	01.19	2025	Teelt van andere eenjarige gewassen	Autres cultures non permanentes	Anbau von sonstigen ein- und zweijährigen Pflanzen	Growing of other non-perennial crops
5	01.191	2025	Teelt van bloemen	Culture de fleurs	Blumenbau	Growing of flowers
7	01.19101	2025	Teelt van bloemen en snijbloemen	Culture de fleurs et de fleurs à couper	Anbau von Blumen und Schnittblumen	Growing of flowers and of cut flowers
7	01.19102	2025	Vervaardiging van gedroogde bloemen	Fabrication de fleurs séchées	Herstellung getrockneter Blumen	Manufacture of dried flowers
7	01.19103	2025	Teelt van zaai- en plantgoed voor de bloementeelt	Production de semences de fleurs	Produktion von Blumensaatgut	Production of flower seeds
5	01.199	2025	Teelt van andere eenjarige gewassen, n.e.g.	Autres cultures non permanentes n.c.a.	Sonstiger Anbau einjähriger Pflanzen a.n.g.	Growing of other non-perennial crops n.e.c.
3	01.2	2025	Teelt van meerjarige gewassen	Cultures permanentes	Anbau mehrjähriger Pflanzen	Growing of perennial crops
4	01.21	2025	Teelt van druiven	Culture de la vigne	Anbau von Wein- und Tafeltrauben	Growing of grapes
5	01.210	2025	Teelt van druiven	Culture de la vigne	Anbau von Wein- und Tafeltrauben	Growing of grapes
7	01.21001	2025	Teelt van wijn- en tafeldruiven	Culture de raisins de cuve et de raisins de table	Anbau von Wein- und Tafeltrauben	Growing of wine grapes and table grapes
4	01.22	2025	Teelt van tropisch en subtropisch fruit	Culture de fruits tropicaux et subtropicaux	Anbau von tropischen und subtropischen Früchten	Growing of tropical and subtropical fruits
5	01.220	2025	Teelt van tropisch en subtropisch fruit	Culture de fruits tropicaux et subtropicaux	Anbau von tropischen und subtropischen Früchten	Growing of tropical and subtropical fruits
4	01.23	2025	Teelt van citrusvruchten	Culture d’agrumes	Anbau von Zitrusfrüchten	Growing of citrus fruits
5	01.230	2025	Teelt van citrusvruchten	Culture d’agrumes	Anbau von Zitrusfrüchten	Growing of citrus fruits
4	01.24	2025	Teelt van pit- en steenvruchten	Culture de fruits à pépins et à noyau	Anbau von Kern- und Steinobst	Growing of pome fruits and stone fruits
5	01.240	2025	Teelt van pit- en steenvruchten	Culture de fruits à pépins et à noyau	Anbau von Kern- und Steinobst	Growing of pome fruits and stone fruits
7	01.24001	2025	Fruitteelt : de teelt van appels, peren, abrikozen, kersen, perziken, enz.	Culture de fruits : pommes, poires, abricots, cerises, pêches, etc.	Anbau von Obst: Äpfel, Birnen, Aprikosen, Kirschen, Pfirsichen usw.	Growing of fruits: apples, pears, apricots, cherries, peaches, etc.
4	01.25	2025	Teelt van andere boomvruchten, kleinfruit en noten	Culture d’autres fruits d’arbres ou d’arbustes et de fruits à coque	Anbau von sonstigem Obst und Nüssen	Growing of other tree and bush fruits and nuts
5	01.250	2025	Teelt van andere boomvruchten, kleinfruit en noten	Culture d’autres fruits d’arbres ou d’arbustes et de fruits à coque	Anbau von sonstigem Obst und Nüssen	Growing of other tree and bush fruits and nuts
4	01.26	2025	Teelt van oliehoudende vruchten	Culture de fruits oléagineux	Anbau von ölhaltigen Früchten	Growing of oleaginous fruits
5	01.260	2025	Teelt van oliehoudende vruchten	Culture de fruits oléagineux	Anbau von ölhaltigen Früchten	Growing of oleaginous fruits
4	01.27	2025	Teelt van gewassen bestemd voor de vervaardiging van dranken	Culture de plantes à boissons	Anbau von Pflanzen zur Herstellung von Getränken	Growing of beverage crops
5	01.270	2025	Teelt van gewassen bestemd voor de vervaardiging van dranken	Culture de plantes à boissons	Anbau von Pflanzen zur Herstellung von Getränken	Growing of beverage crops
4	01.28	2025	Teelt van specerijgewassen en van aromatische en medicinale gewassen	Culture de plantes à épices, aromatiques, médicinales et pharmaceutiques	Anbau von Gewürzpflanzen, Pflanzen für aromatische, narkotische und pharmazeutische Zwecke	Growing of spices, aromatic, drug and pharmaceutical crops
5	01.280	2025	Teelt van specerijgewassen en van aromatische en medicinale gewassen	Culture de plantes à épices, aromatiques, médicinales et pharmaceutiques	Anbau von Gewürzpflanzen, Pflanzen für aromatische, narkotische und pharmazeutische Zwecke	Growing of spices, aromatic, drug and pharmaceutical crops
7	01.28001	2025	Kruidenteelt : kappers, venkelzaad, peterselie, kervel, dragon, marjolein, enz.	Culture de condiments : câpres, graines de fenouil, persil, cerfeuil, estragon, marjolaine, etc.	Gewürzmittelanbau: Kapern, Fenchelsamen, Petersilie, Kerbel, Estragon, Majoran usw.	Cultivation of herbs : capers, fennel seeds, parsley, chervil, tarragon, marjoram, etc.
7	01.28002	2025	Teelt van specerijgewassen : laurier, bazielkruid, anijs, koriander, komijn, kaneel, kruidnagel, muskaatnoot, gember, enz.	Culture de plantes pour épices : laurier, basilic, anis, coriandre, cumin, cannelle, clous de girofle, noix muscade, gingembre, etc.	Gewürzpflanzenanbau: Lorbeerbaum, Basilikum, Anis Koriander Kümmel, Zimt, Gewürznelke, Muskatnuß, Ingwer usw	Growing of plants for spicing: bay leaf, basil, anise, coriander, cumin, cinnamon, cloves, nutmeg, ginger, etc.
7	01.28003	2025	Teelt van geneeskrachtige planten en van planten gebruikt voor insecten- of parasietenbestrijding en dergelijke	Culture de plantes à usage pharmaceutique ou insecticide, parasiticide ou similaire	Anbau von Heilpflanzen oder von zur Herstellung von Insektiziden und Parasitiziden verwendeten Pflanzen oder dergleichen	Growing of plants for pharmaceutical purposes or insecticide, parasiticide or similar
4	01.29	2025	Teelt van andere meerjarige gewassen	Autres cultures permanentes	Anbau sonstiger mehrjähriger Pflanzen	Growing of other perennial crops
5	01.290	2025	Teelt van andere meerjarige gewassen	Autres cultures permanentes	Anbau sonstiger mehrjähriger Pflanzen	Growing of other perennial crops
7	01.29001	2025	Teelt van plantaardige producten voor vlechtwerk	Culture de végétaux pour la sparterie	Pflanzenanbau für Sparteriewaren	Growing of plants for plaiting
3	01.3	2025	Plantenvermeerdering	Reproduction de plantes	Betrieb von Baumschulen sowie Anbau von Pflanzen zu Vermehrungszwecken	Plant propagation
4	01.30	2025	Plantenvermeerdering	Reproduction de plantes	Betrieb von Baumschulen sowie Anbau von Pflanzen zu Vermehrungszwecken	Plant propagation
5	01.301	2025	Boomkwekerijen, muv bosboomkwekerijen	Exploitation de pépinières, sauf pépinières forestières	Baumschulen mit Ausnahme von Forstbaumschulen	Operation of tree nurseries, except forest nurseries
5	01.309	2025	Overige plantenvermeerdering	Autre reproduction de plantes	Sonstige Pflanzenvermehrung	Other plant propagation
7	01.30901	2025	Teelt van planten bestemd om te worden overgeplant en van sierplanten : struiken, heesters, sierbomen, bomen en plantgoed voor fruitaanplantingen, enz.	Culture de plantes destinées à la plantation et à l'ornementation : buissons, arbustes, plantes ornementales d'intérieur, arbres, etc.	Anbau von Pflanzen zum Umpflanzen und von Zierpflanzen: Sträucher, Ziersträucher u bäume, Bäume usw	Cultivation of plants for planting and ornamentation: bushes, shrubs, indoor ornamentals, trees, etc.
7	01.30902	2025	Teelt van graszoden	Culture de gazon en rouleaux	Anbau von Grasmatten	Growing of turf rolls
3	01.4	2025	Veeteelt	Production animale	Tierhaltung	Animal production
4	01.41	2025	Fokken en houden van melkvee	Élevage de vaches laitières	Haltung von Milchkühen	Raising of dairy cattle
5	01.410	2025	Fokken en houden van melkvee	Élevage de vaches laitières	Haltung von Milchkühen	Raising of dairy cattle
7	01.41001	2025	Fokken van melkvee	Élevage de vaches laitières	Zucht von Milchkühen	Raising of dairy cattle
7	01.41002	2025	Productie van niet-behandelde (rauwe) melk van koeien of buffels	Production de lait cru de vache ou de bufflonne	Produktion von Kuh- oder Büffelrohmilch	Production of cow or buffalo raw milk
4	01.42	2025	Fokken en houden van andere runderen en buffels	Élevage d’autres bovins et de buffles	Haltung von sonstigen Rindern	Raising of other cattle and buffaloes
5	01.420	2025	Fokken en houden van andere runderen en buffels	Élevage d’autres bovins et de buffles	Haltung von sonstigen Rindern	Raising of other cattle and buffaloes
4	01.43	2025	Fokken en houden van paarden en andere paardachtigen	Élevage de chevaux et d’autres équidés	Haltung von Pferden und Eseln	Raising of horses and other equines
5	01.430	2025	Fokken en houden van paarden en andere paardachtigen	Élevage de chevaux et d’autres équidés	Haltung von Pferden und Eseln	Raising of horses and other equines
4	01.44	2025	Fokken en houden van kamelen en andere kameelachtigen	Élevage de chameaux et d’autres camélidés	Haltung von Kamelen	Raising of camels and camelids
5	01.440	2025	Fokken en houden van kamelen en andere kameelachtigen	Élevage de chameaux et d’autres camélidés	Haltung von Kamelen	Raising of camels and camelids
4	01.45	2025	Fokken en houden van schapen en geiten	Élevage d’ovins et de caprins	Haltung von Schafen und Ziegen	Raising of sheep and goats
5	01.450	2025	Fokken en houden van schapen en geiten	Élevage d’ovins et de caprins	Haltung von Schafen und Ziegen	Raising of sheep and goats
7	01.45001	2025	Fokken van schapen en geiten	Elevage d'ovins et de caprins	Zucht von Schafen und Ziegen	Raising of sheep and goats
7	01.45002	2025	Productie van ruwe wol	Production de laine brute	Produktion von Rohwolle	Production of raw wool
7	01.45003	2025	Productie van rauwe schape- en geitemelk	Production de lait cru de brebis et de chèvre	Produktion von Schafs- und Ziegenrohmilch	Production of raw milk from sheep and goats
4	01.46	2025	Fokken en houden van varkens	Élevage de porcins	Haltung von Schweinen	Raising of swine and pigs
5	01.461	2025	Fokvarkenshouderijen	Élevage de porcs reproducteurs	Zucht von Zuchtschweinen	Raising of breeding pigs
7	01.46101	2025	Fokvarkenshouderijen, inclusief de fokkerijen van everzwijnen	Elevage de porcs reproducteurs, y compris l'élevage de sangliers	Zucht von Zuchtschweinen, einschließlich Wildschweinzucht	Raising of breeding pigs, including raising of boars
5	01.462	2025	Varkensvetmesterijen	Élevage de porcs à l'engrais	Mastschweinezucht	Raising of fattening pigs
7	01.46201	2025	Varkensvetmesterijen, inclusief de vetmesterijen voor derden	Elevage de porcs à l'engrais, y compris l'engraissement pour le compte de tiers	Mastschweinezucht einschließlich Mastschweinezucht für Dritte	Raising of fattening pigs, including fattening for third parties
4	01.47	2025	Fokken en houden van pluimvee	Élevage de volailles	Haltung von Geflügel	Raising of poultry
5	01.471	2025	Kippenkwekerijen	Elevage de poules	Hühnerzucht	Raising of hens
5	01.472	2025	Productie van eieren van pluimvee	Production d’œufs de volailles	Produktion von Geflügeleiern	Production of poultry eggs
5	01.479	2025	Pluimveehouderijen, muv kippenkwekerijen	Élevage d'autres volailles, sauf poules	Geflügelzucht, mit Ausnahme von Hühnern	Raising of other poultry, excluding hens
4	01.48	2025	Fokken en houden van andere dieren	Élevage d'autres animaux	Sonstige Tierhaltung	Raising of other animals
5	01.480	2025	Fokken en houden van andere dieren	Élevage d'autres animaux	Sonstige Tierhaltung	Raising of other animals
7	01.48001	2025	Bijenteelt en de productie van honing en bijenwas	Elevage d'abeilles et la production de miel et de cire d'abeilles	Imkerei sowie Herstellung von Honig und Bienenwachs	Raising of bees, production of honey and beeswax
7	01.48002	2025	Fokken van konijnen	Elevage de lapins	Zucht von Kaninchen	Raising of rabbits
7	01.48003	2025	Fokken van huisdieren (met uitzondering van vissen)	Elevage d'animaux domestiques (à l'exception des poissons)	Zucht von Haustieren (mit Ausnahme von Fischen)	Raising of pets (excluding fish)
7	01.48004	2025	Fokken van pelsdieren	Elevage d'animaux à fourrure	Zucht von Pelztieren	Raising of fur animals
7	01.48005	2025	Fokken van wild in kwekerijen	Elevage de gibier dans les fermes d'élevage	Zucht von Wild in Zuchtbetrieben	Raising of game in farms
7	01.48006	2025	Kweken van huisjesslakken (escargots)	Elevage d'escargots	Schneckenzucht	Breeding of snails
7	01.48007	2025	Fokken van andere dieren, n.e.g.	Elevage d'autres animaux n.c.a.	Zucht von anderen Tieren a.n.g.	Raising of other animals n.e.c.
3	01.5	2025	Gemengd landbouwbedrijf	Culture et élevage associés	Gemischte Landwirtschaft	Mixed farming
4	01.50	2025	Gemengd landbouwbedrijf	Culture et élevage associés	Gemischte Landwirtschaft	Mixed farming
5	01.500	2025	Gemengd landbouwbedrijf	Culture et élevage associés	Gemischte Landwirtschaft	Mixed farming
7	01.50001	2025	Teelt van gewassen in combinatie met het fokken van vee, voor zover de omzet voor elk van de afzonderlijke activiteiten minder dan 2/3 van de totale omzet bedraagt	Culture associée à l'élevage de bétail, pour autant que le chiffre d'affaires d'une de ces deux activités n'atteigne pas les 2/3 du chiffre d'affaires total	Anbau von Pflanzen, vorausgesetzt, dass der Umsatz aus einer der beiden Tätigkeiten weniger als 2/3 des gesamten Umsatzes beträgt	Growing of plants associated with livestock breeding, as long as the turnover of one of these two activities is less than two thirds of the total turnover
3	01.6	2025	Ondersteunende activiteiten in verband met de landbouw; activiteiten met betrekking tot gewassen na de oogst	Activités de soutien à l’agriculture et traitement primaire des récoltes	Erbringung von landwirtschaftlichen Dienstleistungen und nach der Ernte anfallende Tätigkeiten	Support activities to agriculture and post-harvest crop activities
4	01.61	2025	Ondersteunende activiteiten in verband met de teelt van gewassen	Activités de soutien aux cultures	Erbringung von landwirtschaftlichen Dienstleistungen für den Pflanzenbau	Support activities for crop production
5	01.610	2025	Ondersteunende activiteiten in verband met de teelt van gewassen	Activités de soutien aux cultures	Erbringung von landwirtschaftlichen Dienstleistungen für den Pflanzenbau	Support activities for crop production
7	01.61001	2025	Voorbereiden van landbouwvelden	Préparation des terres	Vorbereitung der Ackerböden	Land preparation
7	01.61002	2025	Opzetten van een teelt	Création de cultures	Anbau von Kulturen	Creating cultures
7	01.61003	2025	Besproeien van gewassen ook vanuit de lucht	Pulvérisation des récoltes, y compris par voie aérienne	Besprühen von Pflanzen, einschließlich aus der Luft	Crop spraying, including by air
7	01.61004	2025	Snoeien van fruitbomen en wijnstokken	Taille des arbres fruitiers et des vignes	Obstbäumeschnitt und Rebenschnitt	Fruit trees and vines pruning
7	01.61005	2025	Overplanten van rijst en uitdunnen van bieten	Transplantation du riz et démariage des betteraves	Umpflanzen von Reis und Ausdünnen von Rüben	Transplanting of rice, thinning of beets
7	01.61006	2025	Verhuur van landbouwmachines en -werktuigen met bedieningspersoneel	Location de machines et d'équipements agricoles avec opérateur	Vermietung von Landwirtschaftsmaschinen und geräten mit Bedienpersonal	Renting  of agricultural machinery and equipment with operator
7	01.61007	2025	Ongediertebestrijding (ook konijnen) mbt de landbouw	Lutte contre les animaux nuisibles (y compris les lapins) en relation avec l'agriculture	Schädlingsbekämpfung (einschließlich Kaninchien) im Bereich der Landwirtschaft	Pest control (including rabbits) related to agriculture
7	01.61008	2025	Exploitatie van irrigatiesystemen voor de landbouw	Exploitation de systèmes d'irrigation pour l'agriculture	Betrieb von Bewässerungssystemen für die Landwirtschaft	Operation of irrigation systems for agriculture
4	01.62	2025	Ondersteunende activiteiten in verband met de veeteelt	Activités de soutien à la production animale	Erbringung von landwirtschaftlichen Dienstleistungen für die Tierhaltung	Support activities for animal production
5	01.620	2025	Ondersteunende activiteiten in verband met de veeteelt	Activités de soutien à la production animale	Erbringung von landwirtschaftlichen Dienstleistungen für die Tierhaltung	Support activities for animal production
7	01.62001	2025	Kunstmatige inseminatie	Activités en rapport avec l'insémination artificielle	Tätigkeiten im Bereich der künstlichen Befruchtung	Activities related to artificial insemination
7	01.62002	2025	Scheren van schapen voor derden	Tonte d'ovins pour le compte de tiers	Schafschur für Dritte	Shearing sheep for third parties
7	01.62003	2025	Inspecteren van kuddes, drijven van vee, het laten weiden van andermans vee, het kapoenen van gevogelte, het reinigen van hokken	Services de conduite de troupeaux, services de paissance, services de nettoyage des poulaillers, etc.	Herdenüberwachung, Viehtreiben, Weiden lassen von fremdem Vieh, Kapaunisieren von Hähnen, Stallreinigung	Herds driving services, grazing services, hen houses cleaning services, etc.
7	01.62004	2025	Activiteit van hoefsmeden	Activités des maréchaux-ferrants	Hufschmiedetätigkeiten	Farriers activities
4	01.63	2025	Behandeling van gewassen na de oogst en van zaden voor vermeerdering	Traitement primaire des récoltes et traitement des semences	Nach der Ernte anfallende Tätigkeiten in der pflanzlichen Erzeugung und Saatgutaufbereitung	Post-harvest crop activities and seed processing for propagation
5	01.630	2025	Behandeling van gewassen na de oogst en van zaden voor vermeerdering	Traitement primaire des récoltes et traitement des semences	Nach der Ernte anfallende Tätigkeiten in der pflanzlichen Erzeugung und Saatgutaufbereitung	Post-harvest crop activities and seed processing for propagation
7	01.63001	2025	Voorbereidende behandeling van de gewassen in functie van primaire markten : wassen, afsnijden, sorteren, desinfecteren	Préparation des cultures en vue de leur commercialisation primaire : nettoyage, taille, triage, désinfection	Vorbereitende Behandlung von Pflanzen im Hinblick auf die Erstvermarktung: waschen, beschneiden, sortieren, desinfizieren	Preparation of crops for their initial commercialization: cleaning, cutting, sorting, disinfection
3	01.7	2025	Jacht, zetten van vallen en diensten in verband met deze activiteiten	Chasse, piégeage et activités de service connexes	Jagd, Fallenstellerei und damit verbundene Tätigkeiten	Hunting, trapping and related service activities
4	01.70	2025	Jacht, zetten van vallen en diensten in verband met deze activiteiten	Chasse, piégeage et activités de service connexes	Jagd, Fallenstellerei und damit verbundene Tätigkeiten	Hunting, trapping and related service activities
5	01.700	2025	Jacht, zetten van vallen en diensten in verband met deze activiteiten	Chasse, piégeage et activités de service connexes	Jagd, Fallenstellerei und damit verbundene Tätigkeiten	Hunting, trapping and related service activities
7	01.70001	2025	Jacht en plaatsen van vallen voor dieren op commerciële basis voor de voedselvoorziening, voor het verzamelen van bont of huiden, tbv onderzoekscentra en dierentuinen of voor gebruik als huisdier	Chasse ou piégeage d'animaux pour l'alimentation commerciale, leur fourrure, leur peau, ou destinés à des centres de recherche ou des parcs zoologiques, ou utilisés comme animaux de compagnie	Jagd oder Fallenstellen mit kommerzieller Absicht zur Nahrungsmittelerzeugung, Gewinnung von Pelzen oder Häuten oder für Forschungszentren und zoologische Gärten bzw für die Nutzung als Haustier	Hunting or trapping animals for commercial food supply, fur, skin, or for research centres or zoos, or used as pets
2	02     	2025	Bosbouw en exploitatie van bossen	Sylviculture et exploitation forestière	Forstwirtschaft und Holzeinschlag	Forestry and logging
3	02.1	2025	Bosbouw en bosbouwactiviteiten	Sylviculture et autres activités forestières	Forstwirtschaft	Silviculture and other forestry activities
4	02.10	2025	Bosbouw en bosbouwactiviteiten	Sylviculture et autres activités forestières	Forstwirtschaft	Silviculture and other forestry activities
5	02.100	2025	Bosbouw en bosbouwactiviteiten	Sylviculture et autres activités forestières	Forstwirtschaft	Silviculture and other forestry activities
7	02.10001	2025	Houtteelt : aanplanten, herbeplanten, verplanten, uitdunnen en in stand houden van bossen en andere houtopstanden	Sylviculture sur pied : boisement, reboisement, transplantation, coupe d'éclaircie et conservation des forêts et des coupes	Forstwirtschaft: Anpflanzung, Wiederbepflanzung, Umpflanzung, Ausdünnung und Instandhaltung von Wäldern und anderen Waldbeständen	Growing of standing timber:  planting, replanting, transplanting, thinning and conserving of forests and timber tracts
7	02.10002	2025	Teelt van hakhout	Culture de taillis et de bois de trituration	Niederwaldbetrieb mit Kurzumtrieb	Growing of coppice and pulpwood
7	02.10003	2025	Exploitatie van bosboomkwekerij	Exploitation de pépinières forestières	Betrieb von Forstbaumschulen	Operation of forest nurseries
3	02.2	2025	Exploitatie van bossen	Exploitation forestière	Holzeinschlag	Logging
4	02.20	2025	Exploitatie van bossen	Exploitation forestière	Holzeinschlag	Logging
5	02.200	2025	Exploitatie van bossen	Exploitation forestière	Holzeinschlag	Logging
7	02.20001	2025	Exploitatie van bossen : houthakken en de productie van onbewerkt hout als mijnhout, gekloofde staken, palen en brandhout	Exploitation forestière : abattage d'arbres et production de bois brut tels que les bois de mine, les échalas fendus, les piquets et les bois de chauffage	Holzeinschlag: Holzfällen und Erzeugung von Rohholz wie Grubenholz, Spaltpfähle, Pfosten und Brennholz	Lumbering: logging and production of crude timber, such as mining timber, split poles, posts and firewood
3	02.3	2025	Verzamelen van in het wild groeiende producten met uitzondering van hout	Récolte de produits forestiers non ligneux poussant à l’état sauvage	Sammeln von wildwachsenden Produkten, ohne Holz	Gathering of wild growing non-wood products
4	02.30	2025	Verzamelen van in het wild groeiende producten met uitzondering van hout	Récolte de produits forestiers non ligneux poussant à l’état sauvage	Sammeln von wildwachsenden Produkten, ohne Holz	Gathering of wild growing non-wood products
5	02.300	2025	Verzamelen van in het wild groeiende producten met uitzondering van hout	Récolte de produits forestiers non ligneux poussant à l’état sauvage	Sammeln von wildwachsenden Produkten, ohne Holz	Gathering of wild growing non-wood products
3	02.4	2025	Ondersteunende diensten in verband met de bosbouw	Activités de soutien à l’exploitation forestière	Erbringung von Dienstleistungen für Forstwirtschaft und Holzeinschlag	Support services to forestry
4	02.40	2025	Ondersteunende diensten in verband met de bosbouw	Activités de soutien à l’exploitation forestière	Erbringung von Dienstleistungen für Forstwirtschaft und Holzeinschlag	Support services to forestry
5	02.400	2025	Ondersteunende diensten in verband met de bosbouw	Activités de soutien à l’exploitation forestière	Erbringung von Dienstleistungen für Forstwirtschaft und Holzeinschlag	Support services to forestry
7	02.40001	2025	Inventarisering van bossen, evaluatie van houtopstanden, brandbeveiliging	Inventaire des forêts, évaluation du bois, protection contre les incendies	Waldinventur, Schätzung der Forstbestände, Waldbrandverhütung	Forest inventory, evaluation of wood, protection against fires
7	02.40002	2025	Vervoer van stamstukken in het bos	Transport de grumes dans les forêts	Transport von Stammholz im Wald	Transport of logs within the forest
2	03     	2025	Visserij en aquacultuur	Pêche et aquaculture	Fischerei und Aquakultur	Fishing and aquaculture
3	03.1	2025	Visserij	Pêche	Fischerei	Fishing
4	03.11	2025	Zeevisserij	Pêche en mer	Meeresfischerei	Marine fishing
5	03.110	2025	Zeevisserij	Pêche en mer	Meeresfischerei	Marine fishing
7	03.11001	2025	Visserij op volle zee en in kustwateren	Pêche en haute mer et côtière	Hochsee- und Küstenfischerei	Offshore and inshore marine fishing
7	03.11002	2025	Vangen van schaal- en schelpdieren in zee	Ramassage en mer de crustacés et de mollusques	Fang auf See von Krustentieren und Weichtieren	Sea gathering of crustaceans and molluscs
4	03.12	2025	Binnenvisserij	Pêche en eau douce	Süßwasserfischerei	Freshwater fishing
5	03.120	2025	Binnenvisserij	Pêche en eau douce	Süßwasserfischerei	Freshwater fishing
3	03.2	2025	Aquacultuur	Aquaculture	Aquakultur	Aquaculture
4	03.21	2025	Mariene aquacultuur	Aquaculture en mer	Meeresaquakultur	Marine aquaculture
5	03.210	2025	Mariene aquacultuur	Aquaculture en mer	Meeresaquakultur	Marine aquaculture
7	03.21001	2025	Kweken van oesterzaad, mossels, jonge zeekreeften, jonge garnalen, visbroed en pootvis	Production de naissains d'huîtres, de moules, de jeunes langoustes, de larve de crevettes, d'alevins et de saumoneaux	Zucht von Austernlarven, Muscheln, jungen Langusten, Garnelenlarven, Setzlingen und jungen Lachsen	Production of oyster spat, mussels, lobsterlings, shrimp larvae, fish fry and fingerlings
7	03.21002	2025	Teelt van porphyra en andere eetbare zeewieren	Culture d'algues et autres plantes aquatiques comestibles	Zucht von Algen und sonstigen eßbaren Wasserpflanzen	Growing of algae and other edible seaweeds
4	03.22	2025	Aquacultuur in zoet water	Aquaculture en eau douce	Süßwasseraquakultur	Freshwater aquaculture
5	03.220	2025	Aquacultuur in zoet water	Aquaculture en eau douce	Süßwasseraquakultur	Freshwater aquaculture
7	03.22001	2025	Visteelt in zoet water	Pisciculture en eau douce	Süßwasserfischzucht	Freshwater fish farming
3	03.3	2025	Ondersteunende activiteiten voor visserij en aquacultuur	Activités de soutien à la pêche et l’aquaculture	Erbringung von Dienstleistungen für Fischerei und Aquakultur	Support activities for fishing and aquaculture
4	03.30	2025	Ondersteunende activiteiten voor visserij en aquacultuur	Activités de soutien à la pêche et l’aquaculture	Erbringung von Dienstleistungen für Fischerei und Aquakultur	Support activities for fishing and aquaculture
5	03.300	2025	Ondersteunende activiteiten voor visserij en aquacultuur	Activités de soutien à la pêche et l’aquaculture	Erbringung von Dienstleistungen für Fischerei und Aquakultur	Support activities for fishing and aquaculture
2	05     	2025	Winning van steenkool en bruinkool	Extraction de houille et de lignite	Kohlenbergbau	Mining of coal and lignite
3	05.1	2025	Winning van steenkool	Extraction de houille	Steinkohlenbergbau	Mining of hard coal
4	05.10	2025	Winning van steenkool	Extraction de houille	Steinkohlenbergbau	Mining of hard coal
5	05.100	2025	Winning van steenkool	Extraction de houille	Steinkohlenbergbau	Mining of hard coal
7	05.10001	2025	Wassen, kalibreren, sorteren, vergruizen, enz., van steenkool	Lavage, calibrage, triage, pulvérisation, etc., de la houille	Waschen, kalibrieren, sortieren, zerkleinern usw von Steinkohle	Washing, sizing, sorting, spraying of hard coal
7	05.10002	2025	Vervaardiging van steenkoolagglomeraten	Agglomération de la houille	Agglomerierung von Kohle	Agglomeration of hard coal
3	05.2	2025	Winning van bruinkool	Extraction de lignite	Braunkohlenbergbau	Mining of lignite
4	05.20	2025	Winning van bruinkool	Extraction de lignite	Braunkohlenbergbau	Mining of lignite
5	05.200	2025	Winning van bruinkool	Extraction de lignite	Braunkohlenbergbau	Mining of lignite
2	06     	2025	Winning van aardolie en aardgas	Extraction d’hydrocarbures	Gewinnung von Erdöl und Erdgas	Extraction of crude petroleum and natural gas
3	06.1	2025	Winning van aardolie	Extraction de pétrole brut	Gewinnung von Erdöl	Extraction of crude petroleum
4	06.10	2025	Winning van aardolie	Extraction de pétrole brut	Gewinnung von Erdöl	Extraction of crude petroleum
5	06.100	2025	Winning van aardolie	Extraction de pétrole brut	Gewinnung von Erdöl	Extraction of crude petroleum
3	06.2	2025	Winning van aardgas	Extraction de gaz naturel	Gewinnung von Erdgas	Extraction of natural gas
4	06.20	2025	Winning van aardgas	Extraction de gaz naturel	Gewinnung von Erdgas	Extraction of natural gas
5	06.200	2025	Winning van aardgas	Extraction de gaz naturel	Gewinnung von Erdgas	Extraction of natural gas
7	06.20001	2025	Winning van condensaten	Extraction de condensats	Förderung von Kondensaten	Extraction of condensates
7	06.20002	2025	Verwijderen en scheiden van vloeibare koolwaterstoffracties	Décantation et la séparation de fractions d'hydrocarbures liquides	Dekantation und Trennung flüssiger Kohlenwasserstoffteile	Decantation and separation of liquid hydrocarbon fractions
2	07     	2025	Winning van metaalertsen	Extraction de minerais métalliques	Erzbergbau	Mining of metal ores
3	07.1	2025	Winning van ijzererts	Extraction de minerais de fer	Eisenerzbergbau	Mining of iron ores
4	07.10	2025	Winning van ijzererts	Extraction de minerais de fer	Eisenerzbergbau	Mining of iron ores
5	07.100	2025	Winning van ijzererts	Extraction de minerais de fer	Eisenerzbergbau	Mining of iron ores
3	07.2	2025	Winning van non-ferrometaalertsen	Extraction de minerais de métaux non ferreux	NE-Metallerzbergbau	Mining of non-ferrous metal ores
4	07.21	2025	Winning van uranium- en thoriumerts	Extraction de minerais d’uranium et de thorium	Bergbau auf Uran- und Thoriumerze	Mining of uranium and thorium ores
5	07.210	2025	Winning van uranium- en thoriumerts	Extraction de minerais d’uranium et de thorium	Bergbau auf Uran- und Thoriumerze	Mining of uranium and thorium ores
4	07.29	2025	Winning van andere non-ferrometaalertsen	Extraction d’autres minerais de métaux non ferreux	Sonstiger NE-Metallerzbergbau	Mining of other non-ferrous metal ores
5	07.290	2025	Winning van andere non-ferrometaalertsen	Extraction d’autres minerais de métaux non ferreux	Sonstiger NE-Metallerzbergbau	Mining of other non-ferrous metal ores
2	08     	2025	Overige winning van delfstoffen	Autres industries extractives	Gewinnung von Steinen und Erden, sonstiger Bergbau	Other mining and quarrying
3	08.1	2025	Winning van steen, zand en klei	Extraction de pierres, de sables et d’argiles	Gewinnung von Natursteinen, Kies, Sand, Ton und Kaolin	Quarrying of stone, sand and clay
4	08.11	2025	Winning van siersteen, kalksteen, gips, leisteen en andere steen	Extraction de pierres ornementales, de calcaire industriel, de gypse, d’ardoise et d’autres pierres	Gewinnung von Naturwerksteinen, Kalk- und Gipsstein, Schiefer und sonstigem Gestein	Quarrying of ornamental stone, limestone, gypsum, slate and other stone
5	08.111	2025	Winning van sier- en bouwsteen	Extraction de pierres ornementales et de construction	Gewinnung von Naturwerksteinen und Bausteinen	Quarrying of ornamental and building stone
7	08.11101	2025	Winning, het ruw houwen en zagen van steensoorten voor de steenhouwerij of voor het bouwbedrijf, zoals marmer, graniet, zandsteen, enz.	Extraction, taille grossière et sciage de pierres de taille pour les entreprises de travail de la pierre ou pour la construction, telles que le marbre, le granit, le grès, etc.	Gewinnen, Rohbearbeiten und Zuschneiden von Bruchsteinen wie Marmor, Granit, Sandstein usw für Steinmetz- und Baubetriebe	Extraction, rough cutting and sawing of stone for stone transformation companies or for construction, such as marble, granite, sandstone, etc.
5	08.112	2025	Winning van kalksteen, gips, leisteen en andere steen	Extraction de pierres calcaires, de gypse et d'ardoise et d’autres pierres	Gewinnung von Kalk- und Gipsstein, Schiefer und sonstigem Gestein	Quarrying of limestone, gypsum, slate and other stone
7	08.11201	2025	Winning, malen en breken van kalksteen	Extraction, broyage et concassage des pierres calcaires	Gewinnung, Zermahlung und Zerstampfung von Kalksteinen	Extraction, crushing and grinding of limestone
7	08.11202	2025	Winning van ongebrande dolomiet	Extraction de dolomie non calcinée	Gewinnung, Zermahlung und Zerstampfung von Dolomit	Extraction of not calcined dolomite
7	08.11203	2025	Winning van leisteen	Extraction d'ardoise	Gewinnung von Schiefer	Quarrying of slate
4	08.12	2025	Winning van grind, zand, klei en kaolien	Exploitation de gravières et sablières, extraction d’argiles et de kaolin	Gewinnung von Kies und Sand, Ton und Kaolin	Operation of gravel and sand pits and mining of clay and kaolin
5	08.121	2025	Winning van grind	Extraction de gravières	Gewinnung von Kies	Extraction of gravel
7	08.12101	2025	Winning van grind uit groeven of door middel van uitbaggering	Extraction de graviers dans des carrières ou par dragage	Kiesabbau in Gruben oder durch Ausbaggern	Extraction of gravel in quarries or by dredging
7	08.12102	2025	Breken en malen van grind	Concassage et broyage de graviers	Zerstampfung und Zermahlung von Kies	Crushing and grinding of gravel
5	08.122	2025	Winning van zand	Extraction de sablières	Gewinnung von Sand	Extraction of sand
7	08.12201	2025	Winning van industriezand en zand voor het bouwbedrijf uit groeven of door middel van uitbaggering	Extraction de sables industriels et de sables pour la construction, dans des carrières ou par dragage	Gewinnung von Industrie- und Bausand, in Sandgruben oder durch Ausbaggerung	Extraction of industrial and construction sand, in quarries or by dredging
5	08.123	2025	Winning van klei en kaolien	Extraction d'argiles et de kaolin	Abbau von Lehm, feuerfestem Lehm und Kaolin	Extraction of clay and kaolin
3	08.9	2025	Winning van delfstoffen, n.e.g.	Activités extractives n.c.a.	Sonstiger Bergbau; Gewinnung von Steinen und Erden a.n.g.	Mining and quarrying n.e.c.
4	08.91	2025	Winning van mineralen voor de chemische en de kunstmestindustrie	Extraction de minéraux chimiques et d’engrais minéraux	Bergbau auf chemische und Düngemittelminerale	Mining of chemical and fertiliser minerals
5	08.910	2025	Winning van mineralen voor de chemische en de kunstmestindustrie	Extraction de minéraux chimiques et d’engrais minéraux	Bergbau auf chemische und Düngemittelminerale	Mining of chemical and fertiliser minerals
4	08.92	2025	Winning van turf	Extraction de tourbe	Torfgewinnung	Extraction of peat
5	08.920	2025	Winning van turf	Extraction de tourbe	Torfgewinnung	Extraction of peat
7	08.92001	2025	Vervaardiging van tuinturf	Production de tourbe pour l'horticulture	Torferzeugung für den Gartenbau	Peat production for horticulture
4	08.93	2025	Zoutwinning	Production de sel	Gewinnung von Salz	Extraction of salt
5	08.930	2025	Zoutwinning	Production de sel	Gewinnung von Salz	Extraction of salt
4	08.99	2025	Overige winning van delfstoffen, n.e.g.	Autres activités extractives n.c.a.	Gewinnung von Steinen und Erden a.n.g.	Other mining and quarrying n.e.c.
5	08.990	2025	Overige winning van delfstoffen, n.e.g.	Autres activités extractives n.c.a.	Gewinnung von Steinen und Erden a.n.g.	Other mining and quarrying n.e.c.
7	08.99001	2025	Winning van mineralen en overige materialen :  teelaarde en humus, schuur-, slijp- en polijstmiddelen, asbest, diatomeeënaarde, natuurlijk grafiet, speksteen, veldspaat, edelstenen, kwarts, mica, enz.	Extraction de minéraux et de matériaux divers : terraux et humus, mat abrasives, amiante, farines siliceuses fossiles, graphite naturel, stéatite (talc), feldspath, pierres gemmes, quartz, mica, etc.	Gewinnung von Mineralien und anderen Stoffen: Torf und Humus, Scheuer-, Schleif- und Poliermittel, Asbest, Kieselguhr, Naturgraphit, Speckstein, Feldspat, Edelsteine, Quarz, Glimmer usw	Extraction of various minerals and materials: breeding ground and humus, abrasive materials, asbestos, siliceous fossil meals, natural graphite, steatite (talc), feldspar, gemstones,quartz,mica,etc
2	09     	2025	Ondersteunende activiteiten in verband met de mijnbouw	Activités de soutien aux industries extractives	Erbringung von Dienstleistungen für den Bergbau und für die Gewinnung von Steinen und Erden	Mining support service activities
3	09.1	2025	Ondersteunende activiteiten in verband met de aardolie- en aardgaswinning	Activités de soutien à l’extraction d’hydrocarbures	Erbringung von Dienstleistungen für die Gewinnung von Erdöl und Erdgas	Support activities for petroleum and natural gas extraction
4	09.10	2025	Ondersteunende activiteiten in verband met de aardolie- en aardgaswinning	Activités de soutien à l’extraction d’hydrocarbures	Erbringung von Dienstleistungen für die Gewinnung von Erdöl und Erdgas	Support activities for petroleum and natural gas extraction
5	09.100	2025	Ondersteunende activiteiten in verband met de aardolie- en aardgaswinning	Activités de soutien à l’extraction d’hydrocarbures	Erbringung von Dienstleistungen für die Gewinnung von Erdöl und Erdgas	Support activities for petroleum and natural gas extraction
7	09.10001	2025	Proefboren, gericht boren en bijboren met betrekking tot de aardolie- en aardgaswinning	Forage et reforage dirigés liés à l'extraction du pétrole et du gaz	Bohrungen und gezielte Nachbohrungen für die Gewinnung von Erdöl und Erdgas	Directional drilling related to the extraction of oil and gas
7	09.10002	2025	Opbouwen van boortorens ter plaatse, repareren en ontmantelen van boortorens	Montage in situ, réparation et démontage de tours de forage	Montage vor Ort, Instandsetzung und Zerlegung von Bohrtürmen	In situ assembly, repair and dismantling of rigs
3	09.9	2025	Ondersteunende activiteiten in verband met de overige winning van delfstoffen	Activités de soutien aux autres industries extractives	Erbringung von Dienstleistungen für den sonstigen Bergbau und die Gewinnung von Steinen und Erden	Support activities for other mining and quarrying
4	09.90	2025	Ondersteunende activiteiten in verband met de overige winning van delfstoffen	Activités de soutien aux autres industries extractives	Erbringung von Dienstleistungen für den sonstigen Bergbau und die Gewinnung von Steinen und Erden	Support activities for other mining and quarrying
5	09.900	2025	Ondersteunende activiteiten in verband met de overige winning van delfstoffen	Activités de soutien aux autres industries extractives	Erbringung von Dienstleistungen für den sonstigen Bergbau und die Gewinnung von Steinen und Erden	Support activities for other mining and quarrying
2	10     	2025	Vervaardiging van voedingsmiddelen	Industries alimentaires	Herstellung von Nahrungs- und Futtermitteln	Manufacture of food products
3	10.1	2025	Verwerking en conservering van vlees en vervaardiging van vleesproducten	Transformation et conservation de la viande et préparation de produits à base de viande	Schlachten und Fleischverarbeitung	Processing and preserving of meat and production of meat products
4	10.11	2025	Verwerking en conservering van vlees, met uitzondering van vlees van gevogelte	Transformation et conservation de la viande, à l’exception de la viande de volaille	Schlachten, ohne Schlachten von Geflügel	Processing and preserving of meat, except of poultry meat
5	10.111	2025	Activiteiten van slachthuizen	Activités des abattoirs	Tätigkeiten von Schlachthäusern	Activities of slaughterhouses
5	10.112	2025	Activiteiten van uitsnijderijen	Activités des ateliers de découpe de viande	Tätigkeiten von Zerlegungsbetrieben	Activities of meat cutting plants
5	10.113	2025	Verwerking van afgeleide producten van vlees	Transformation des produits dérivés de la viande	Verarbeitung von Nebenprodukten aus Fleisch	Processing of meat products
5	10.119	2025	Overige verwerking en conservering van vlees, met uitzondering van vlees van gevogelte	Autre transformation et conservation de la viande, à l’exception de la viande de volaille	Sonstige Schlachten, ohne Schlachten von Geflügel	Other processing and preserving of meat, except poultry meat
4	10.12	2025	Verwerking en conservering van vlees van gevogelte	Transformation et conservation de la viande de volaille	Schlachten von Geflügel	Processing and preserving of poultry meat
5	10.120	2025	Verwerking en conservering van vlees van gevogelte	Transformation et conservation de la viande de volaille	Schlachten von Geflügel	Processing and preserving of poultry meat
7	10.12001	2025	Slachten van gevogelte	Abattage de volailles	Geflügelschlachtung	Poultry slaughter
7	10.12002	2025	Productie van vers vlees van gevogelte in individuele porties	Production de viandes fraîches de volailles en portions individuelles	Gewinnung von frischen Geflügelfleisch in Einzelportionen	Production of fresh poultry meat in single portions
7	10.12003	2025	Productie van veren en dons	Production de plumes et de duvets	Gewinnung von Federn und Daunen	Production of feathers and down
4	10.13	2025	Vervaardiging van producten van vlees of van vlees van gevogelte	Préparation de produits à base de viande et viande de volaille	Fleischverarbeitung	Production of meat and poultry meat products
5	10.130	2025	Vervaardiging van producten van vlees of van vlees van gevogelte	Préparation de produits à base de viande et viande de volaille	Fleischverarbeitung	Production of meat and poultry meat products
7	10.13001	2025	Productie van gedroogd, gezouten of gerookt vlees	Production de viandes séchées, salées ou fumées	Herstellung von getroknetem, gesalzenem oder geräuchertem Fleisch	Production of dried, salted or smoked meat
7	10.13002	2025	Vervaardiging van producten op basis van vlees (charcuteriewaren) : worst, salami, witte pens, bloedworst, andouillettes, cervelaatworst, patés, galantines, rillette, gekookte ham, enz.	Production de produits à base de viande (charcuterie) : saucisses, salami, boudins, andouillettes, cervelas, pâtés, galantines, rillettes, jambons cuits, etc.	Herstellung von Fleischprodukten (Wurstwaren): Wurst, Salami, Weißwurst, Blutwurst, Zervelatwurst, Pasteten, Galantinen, Kochschinken usw	Production of meat products (deli meats) sausages, salami, boudins, chitterlings, Wieners, pies, galantines, rillettes, cooked ham, etc.
7	10.13003	2025	Productie van diepgevroren vleeswaren	Production de produits surgelés à base de viande	Herstellung von tiefgekühlten Fleischwaren	Production of frozen meat products
7	10.13011	2025	Bereiding van vers vlees van gevogelte	Préparation de viande fraîche de volailles	Verarbeitung von frischem Geflügelfleisch	Preparation of fresh poultry meat
3	10.2	2025	Verwerking en conservering van vis en van schaal- en weekdieren	Transformation et conservation de poisson, de crustacés et de mollusques	Fischverarbeitung	Processing and preserving of fish, crustaceans and molluscs
4	10.20	2025	Verwerking en conservering van vis en van schaal- en weekdieren	Transformation et conservation de poisson, de crustacés et de mollusques	Fischverarbeitung	Processing and preserving of fish, crustaceans and molluscs
5	10.200	2025	Verwerking en conservering van vis en van schaal- en weekdieren	Transformation et conservation de poisson, de crustacés et de mollusques	Fischverarbeitung	Processing and preserving of fish, crustaceans and molluscs
7	10.20001	2025	Conservering , koelen of diepvriezen van vis en schaal- en weekdieren : drogen, roken, zouten, pekelen, inblikken, enz.	Conservation, congélation ou surgélation de poissons, de crustacés et mollusques : séchage, fumage, salage, saumurage, mise en conserve, etc.	Haltbarmachen, Tiefkühlen oder Tieffrieren von Fisch, Krustentieren und Weichtieren: trocknen, räuchern, salzen, pökeln, konservieren usw	Preservation, refrigeration or freezing of fish, crustaceans and molluscs: drying, smoking, salting, pickling, canning, etc.
7	10.20002	2025	Vervaardiging van producten op basis van vis en van schaal- en weekdieren : productie van gekookte vis, visfillets, kuit en hom, kaviaar, kaviaarsurrogaten, enz.	Préparation de produits à base de poissons, de crustacés et de mollusques : poissons cuits, filets de poisson, laitances, caviar, succédanés du caviar, etc.	Herstellung von Produkten auf der Basis von Fisch, Krustentieren und Weichtieren: gekochter Fisch, Fischfilets, Fischrogen und milch, Kaviar, Kaviarsurrogate usw	Preparation of products from fish, crustaceans and molluscs: cooked fish, fish fillets, roes, caviar, caviar substitutes, etc.
7	10.20003	2025	Bevriezen of diepvriezen van vis, schaal- en weekdieren	Congélation et surgélation de poissons, de crustacés et de mollusques	Tiefkühlen oder Tieffrieren von Fisch, Krustentieren und Weichtieren	Refrigeration and freezing of fish, crustaceans and molluscs
3	10.3	2025	Verwerking en conservering van groenten en fruit	Transformation et conservation de fruits et légumes	Obst- und Gemüseverarbeitung	Processing and preserving of fruit and vegetables
4	10.31	2025	Verwerking en conservering van aardappelen	Transformation et conservation de pommes de terre	Kartoffelverarbeitung	Processing and preserving of potatoes
5	10.311	2025	Verwerking en conservering van aardappelen, exclusief productie van diepgevroren aardappelbereidingen	Transformation et conservation de pommes de terre, sauf fabrication de préparations surgelées à base de pommes de terre	Verarbeitung und Konservierung von Kartoffeln, mit Ausnahme von tiefgefrorenen Kartoffelerzeugnissen	Processing and preserving of potatoes, except manufacture of prepared frozen potatoes
7	10.31101	2025	Productie van aardappelconserven, exclusief diepgevroren producten	Production de conserves de pommes de terre, à l'exclusion des produits surgelés	Herstellung von Kartoffelkonserven, mit Ausnahme von tiefgefrorenen Erzeugnissen	Production of canned potatoes, excluding frozen products
7	10.31102	2025	Productie van gedehydreerde aardappelpuree	Production de purées de pommes de terre déshydratées	Herstellung von getrocknetem Kartoffelpüree	Production of dehydrated mashed potatoes
7	10.31103	2025	Productie van chips en dergelijke producten	Production de pommes chips et de produits similaires	Herstellung von Kartoffelchips und ähnlichen Erzeugnissen	Production of potato chips and similar products
7	10.31104	2025	Industrieel schillen van aardappelen	Epluchage industriel des pommes de terre	Industrielles Schälen von Kartoffeln	Industrial peeling of potatoes
5	10.312	2025	Productie van diepgevroren aardappelbereidingen	Fabrication de préparations surgelées à base de pommes de terre	Produktion von tiefgefrorenen Kartoffelerzeugnissen	Manufacture of prepared frozen potatoes
4	10.32	2025	Vervaardiging van groente- en fruitsappen	Préparation de jus de fruits et légumes	Herstellung von Frucht- und Gemüsesäften	Manufacture of fruit and vegetable juice
5	10.320	2025	Vervaardiging van groente- en fruitsappen	Préparation de jus de fruits et légumes	Herstellung von Frucht- und Gemüsesäften	Manufacture of fruit and vegetable juice
7	10.32001	2025	Vervaardiging van fruitsiropen	Fabrication de sirops de fruits	Herstellung von Fruchtsirups	Manufacture of fruit syrups
4	10.39	2025	Overige verwerking en conservering van groenten en fruit	Autre transformation et conservation de fruits et légumes	Sonstige Verarbeitung von Obst und Gemüse	Other processing and preserving of fruit and vegetables
5	10.391	2025	Verwerking en conservering van groenten, exclusief productie van diepgevroren groenten	Transformation et conservation de légumes, sauf fabrication de légumes surgelés	Verarbeitung und Konservierung von Gemüse, mit Ausnahme der Herstellung von tiefgefrorenem Gemüse	Processing and preserving of vegetables, except manufacture of frozen vegetables
7	10.39101	2025	Productie van uit groenten bestaande voedingsmiddelen	Production de produits alimentaires à base de légumes	Herstellung von Lebensmitteln auf der Basis von Gemüse	Production of food products from vegetables
7	10.39102	2025	Conservering van groenten : drogen, inleggen in olie of in azijn, inblikken, enz.	Conservation des légumes : séchage, immersion dans l'huile ou le vinaigre, mise en conserve, etc.	Gemüsekonservierung: Trocknung, Einlegen in Öl oder Essig, Einmachen usw.	Preservation of vegetables: drying, immersing in oil or vinegar, canning, etc.
5	10.392	2025	Verwerking en conservering van fruit, exclusief productie van diepgevroren fruit	Transformation et conservation de fruits, sauf fabrication de fruits surgelés	Verarbeitung und Konservierung von Obst, mit Ausnahme der Herstellung von tiefgefrorenem Obst	Processing and preserving of fruit, except manufacture of frozen fruit
7	10.39201	2025	Productie van uit fruit bestaande voedingsmiddelen	Production de produits alimentaires à base de fruits	Herstellung von Lebensmitteln auf der Basis von Obst	Production of food products from fruit
7	10.39202	2025	Vervaardiging van jam, marmelade, gelei en fruitmoes	Fabrication de confitures, marmelades et gelées	Herstellung von Konfitüren, Marmeladen, Gelees und Obstmus	Manufacture of jams, marmalades and jellies
7	10.39203	2025	Conservering van fruit : bevriezen, drogen, inleggen, inblikken, enz.	Conservation de fruits : congélation, séchage, immersion, mise en conserve, etc.	die Fruchtkonservierung: Gefrieren, Trocknung, Einlegen, Einmachen usw	Fruit preservation: freezing, drying, dipping, canning, etc.
5	10.393	2025	Productie van diepgevroren groenten en fruit	Fabrication de légumes et de fruits surgelés	Herstellung von tiefgefrorenem Gemüse und Obst	Manufacture of frozen fruit and vegetables
3	10.4	2025	Vervaardiging van plantaardige en dierlijke oliën en vetten	Fabrication d’huiles et graisses végétales et animales	Herstellung von pflanzlichen und tierischen Ölen und Fetten	Manufacture of vegetable and animal oils and fats
4	10.41	2025	Vervaardiging van oliën en vetten	Fabrication d’huiles et graisses	Herstellung von Ölen und Fetten, ohne Margarine u Ä Nahrungsfette	Manufacture of oils and fats
5	10.410	2025	Vervaardiging van oliën en vetten	Fabrication d’huiles et graisses	Herstellung von Ölen und Fetten, ohne Margarine u Ä Nahrungsfette	Manufacture of oils and fats
7	10.41001	2025	Raffinage van plantaardige oliën : olijfolie, sojaolie, enz.	Raffinage d'huiles végétales : huiles d'olive, de soja, etc.	Raffination pflanzlicher Öle: Oliven- und Sojaöle usw	Refining of vegetable oils: olive oil, soya oil, etc.
4	10.42	2025	Vervaardiging van margarine en andere spijsvetten	Fabrication de margarine et graisses comestibles similaires	Herstellung von Margarine u Ä Nahrungsfetten	Manufacture of margarine and similar edible fats
5	10.420	2025	Vervaardiging van margarine en andere spijsvetten	Fabrication de margarine et graisses comestibles similaires	Herstellung von Margarine u Ä Nahrungsfetten	Manufacture of margarine and similar edible fats
3	10.5	2025	Vervaardiging van zuivelproducten en consumptie-ijs	Fabrication de produits laitiers et de glace alimentaire	Herstellung von Milcherzeugnissen und Speiseeis	Manufacture of dairy products and edible ice
4	10.51	2025	Vervaardiging van zuivelproducten	Fabrication de produits laitiers	Herstellung von Milcherzeugnissen	Manufacture of dairy products
5	10.510	2025	Vervaardiging van zuivelproducten	Fabrication de produits laitiers	Herstellung von Milcherzeugnissen	Manufacture of dairy products
7	10.51001	2025	Vervaardiging van verse vloeibare melk, gepasteuriseerd, gesteriliseerd, gehomogeniseerd en/of ultra-hoog verhit	Production de laits liquides frais, pasteurisés, stérilisés, homogénéisés et/ou ayant subi un chauffage ultracourt (UHT)	Herstellung von frischer, pasteurisierter, sterilisierter, homogenisierter und/oder ultrahocherhitzter Flüssigmilch	Production of fresh liquid milk, pasteurized, sterilized, homogenized and/or ultra heat treated (UHT)
7	10.51002	2025	Vervaardiging van room van verse verwerkte vloeibare melk, gepasteuriseerd, gesteriliseerd, gehomogeniseerd	Production de crèmes de laits liquides frais, pasteurisées, stérilisées, homogénéisées	Herstellung von Rahm aus frisch verarbeiteter pasteurisierter, sterilisierter, homogenisierter Flüssigmilch	Production of creams of fresh liquid milk, pasteurized, sterilized, homogenized
7	10.51003	2025	Vervaardiging van ingedikte melk, ook indien met toegevoegde suiker of andere zoetstoffen	Production de laits concentrés, édulcorés ou non	Herstellung von eingedickter Milch, auch mit Zusatz von Zucker oder anderen Süßmitteln	Production of condensed milk, sweetened or not
7	10.51004	2025	Productie van boter	Production de beurre	Butterherstellung	Production of butter 
7	10.51005	2025	Productie van kaas en wrongel	Production de fromages et de caillebotte	Käse- und Quarkherstellung	Production of cheese and curd
7	10.51006	2025	Productie van wei	Production de lactosérum	Molkeherstellung	Production of whey 
7	10.51007	2025	Productie van caseïne en lactose (melksuikers)	Production de caséine et de lactose	Kasein- und Laktoseherstellung	Production of casein and lactose
7	10.51008	2025	Productie van yoghurt	Production de yoghourt	Joghurtherstellung	Production of yoghurt
7	10.51009	2025	Productie van verse desserten op basis van melk	Production de desserts lactés frais	Herstellung von frischen Desserts auf Milchbasis	Production of fresh dairy desserts
4	10.52	2025	Vervaardiging van roomijs en ander consumptie-ijs	Fabrication de crèmes glacées et autres glaces alimentaires	Herstellung von Speiseeis	Manufacture of ice cream and other edible ice
5	10.520	2025	Vervaardiging van roomijs en ander consumptie-ijs	Fabrication de crèmes glacées et autres glaces alimentaires	Herstellung von Speiseeis	Manufacture of ice cream and other edible ice
7	10.52001	2025	Productie van roomijs en ander consumptieijs (bv sorbet), inclusief roomijs dat door de producent zelf langs de openbare weg verkocht wordt	Production de crèmes glacées et d'autres glaces de consommation (ex sorbet), y compris les crèmes glacées mises en vente par le producteur sur la voie publique	Herstellung von Sahneeis und anderem Speiseeis (zB Sorbet), einschließlich Speiseeis, dass durch den Hersteller selbst auf öffentlicher Straße verkauft wird	Production of ice cream and other edible ice (eg sorbet), including ice creams sold by the producer in the street
3	10.6	2025	Vervaardiging van maalderijproducten, zetmeel en zetmeelproducten	Travail des grains; fabrication de produits amylacés	Mahl- und Schälmühlen, Herstellung von Stärke und Stärkeerzeugnissen	Manufacture of grain mill products, starches and starch products
4	10.61	2025	Vervaardiging van maalderijproducten	Travail des grains	Mahl- und Schälmühlen	Manufacture of grain mill products
5	10.610	2025	Vervaardiging van maalderijproducten	Travail des grains	Mahl- und Schälmühlen	Manufacture of grain mill products
7	10.61001	2025	Malen van granen: productie van meel, gries, griesmeel en pellets van tarwe, rogge, haver, maïs en andere granen	Mouture des grains: production de farines, de gruaux, de semoules ou d'agglomérés sous forme de pellets, de blé, de seigle, d'avoine, de maïs ou d'autres grains de céréales	Mahlen von Getreide: Herstellung von Mehl, Grieß, Grießmehl und Pellets von Weizen, Roggen, Hafer, Mais und anderen Getreiden	Grain milling: production of flour, groats, semolina or pellets of wheat, rye, oats, corn or other cereal grains
7	10.61002	2025	Vervaardiging van graanpreparaten voor het ontbijt	Fabrication d'aliments pour le petit déjeuner à base de céréales	Herstellung von Getreideerzeugnissen für das Frühstück	Manufacturing of cereal based breakfast food
7	10.61003	2025	Vervaardiging van bereide meelmengsels voor brood, cake, biscuits, pannekoeken, enz.	Fabrication de farines mélangées préparées pour la fabrication de pains, de gâteaux, de biscuits, de crêpes, etc.	die Herstellung vermischter Mehle, die für die Herstellung von Brot, Kuchen, Keksen, Pfannkuchen zubereitet wurden usw	Manufacture of prepared mixed flour for the manufacture of bread, cakes, biscuits, pancakes, etc.
4	10.62	2025	Vervaardiging van zetmeel en zetmeelproducten	Fabrication de produits amylacés	Herstellung von Stärke und Stärkeerzeugnissen	Manufacture of starches and starch products
5	10.620	2025	Vervaardiging van zetmeel en zetmeelproducten	Fabrication de produits amylacés	Herstellung von Stärke und Stärkeerzeugnissen	Manufacture of starches and starch products
3	10.7	2025	Vervaardiging van bakkerijproducten en deegwaren	Fabrication de produits de boulangerie-pâtisserie et de pâtes alimentaires	Herstellung von Back- und Teigwaren	Manufacture of bakery and farinaceous products
4	10.71	2025	Vervaardiging van brood; vervaardiging van vers banketbakkerswerk	Fabrication de pain; fabrication de pâtisserie fraîche	Herstellung von Backwaren, ohne Dauerbackwaren	Manufacture of bread; manufacture of fresh pastry goods and cakes
5	10.711	2025	Industriële vervaardiging van brood en van vers banketbakkerswerk	Fabrication industrielle de pain et de pâtisserie fraîche	Industrielle Herstellung von Brot und frischen Backwaren	Industrial manufacture of bread and fresh pastry goods and cakes
7	10.71101	2025	Industriële vervaardiging van bakkerijproducten hoofdzakelijk bestemd voor levering aan de detailhandel, horecabedrijven, enz.: brood, gebakjes, taarten en ander vers of diepgevroren banketbakkerswerk	Fabrication industrielle de produits de boulangerie principalement destinés à être livrés au commerce de détail, horeca, etc.: pains, gâteaux, tartes et autres produits frais ou surgelés	Industrielle Herstellung von hauptsächlich für die Lieferung an den Einzelhandel, Hotel- und Gaststätten usw bestimmte Bäckereierzeugnissen: Brot, Gebäck, Kuchen und andere frische oder tiefgefrorene	Industrial manufacture of bakery products mainly destined for retail trade, catering, etc. : breads, cakes, pies and other fresh or frozen products
7	10.71102	2025	Vervaardiging van bakkerijproducten in de vorm van deeg	Fabrication de pâtes destinées à la cuisson	Herstellung von Bäckereierzeugnissen in Form von Teig	Manufacture of ready to bake doughs
5	10.712	2025	Ambachtelijke vervaardiging van brood en van vers banketbakkerswerk	Fabrication artisanale de pain et de pâtisserie fraîche	Handwerkliche Herstellung von Brot und frischen Backwaren	Small-scale manufacture of bread and fresh pastry goods and cakes
7	10.71201	2025	Ambachtelijke vervaardiging van brood, broodjes, verse cakes, taarten en ander vers banketbakkerswerk door warme bakkers	Fabrication artisanale de pains, de petits pains, de gâteaux frais, de tartes et d'autres produits frais de pâtisserie	Handwerkliche Herstellung von Brot, Brötchen, frischem Gebäck, Kuchen und anderen frischen Bäckereierzeugnissen	Manufacture of homemade breads, rolls, fresh cakes, pies and other fresh pastry goods
4	10.72	2025	Vervaardiging van beschuit, biscuit en houdbaar banketbakkerswerk	Fabrication de biscuits, biscottes et pâtisseries de conservation	Herstellung von Dauerbackwaren	Manufacture of rusks, biscuits, preserved pastries and cakes
5	10.720	2025	Vervaardiging van beschuit, biscuit en houdbaar banketbakkerswerk	Fabrication de biscuits, biscottes et pâtisseries de conservation	Herstellung von Dauerbackwaren	Manufacture of rusks, biscuits, preserved pastries and cakes
7	10.72001	2025	Vervaardiging van beschuit, koekjes, peperkoek, enz.	Fabrication de biscottes, de biscuits, de pains d'épices, etc.	Herstellung von Zwieback, Keksen, Lebkuchen usw.	Manufacture of rusks, biscuits, gingerbread, etc.
7	10.72002	2025	Vervaardiging van ander houdbaar banketbakkerswerk, exclusief diepvriesproducten	Fabrication de pâtisserie et de gâteaux de conservation (à l'exclusion des produits surgelés)	Herstellung von Dauerbackwaren (mit Ausnahme von Tiefkühlprodukten)	Manufacture of preserved pastry goods and cakes (excluding frozen products)
7	10.72003	2025	Vervaardiging van versnaperingen, zoet dan wel gezouten	"Fabrication de produits ""apéritifs"" sucrés ou salés"	Herstellung von Aperitif-Snacks, süß oder gesalzen	"Manufacture of sweet or salted ""appetizers"""
4	10.73	2025	Vervaardiging van deegwaren	Fabrication de pâtes alimentaires	Herstellung von Teigwaren	Manufacture of farinaceous products
5	10.730	2025	Vervaardiging van deegwaren	Fabrication de pâtes alimentaires	Herstellung von Teigwaren	Manufacture of farinaceous products
7	10.73001	2025	Vervaardiging van al dan niet gevulde, verse of gekookte pasta's als macaroni, spaghetti, noedels, lasagne, enz.	Fabrication de pâtes alimentaires farcies ou non, fraîches ou cuites telles les macaronis, les spaghettis, les nouilles, les lasagnes, etc.	Herstellung von gefüllten oder nicht gefüllten, frischen oder gekochten Teigwaren wie Maccheroni, Spaghetti, Nudeln, Lasagne usw	Manufacture of pasta, stuffed or not, fresh or cooked such as macaroni, spaghetti, noodles, lasagna, etc.
3	10.8	2025	Vervaardiging van andere voedingsmiddelen	Fabrication d’autres produits alimentaires	Herstellung von sonstigen Nahrungsmitteln	Manufacture of other food products
4	10.81	2025	Vervaardiging van suiker	Fabrication de sucre	Herstellung von Zucker	Manufacture of sugar
5	10.810	2025	Vervaardiging van suiker	Fabrication de sucre	Herstellung von Zucker	Manufacture of sugar
7	10.81001	2025	Productie van riet-, biet-, ahorn, palmsuiker, enz., en van stroop van deze suikers	Production de sucre et de sirop de sucre obtenus à partir de jus de canne, de betterave, d'érable, de palme, etc.	Herstellung von Rohr-, Rüben-,Ahorn-, Palmzucker usw sowie Sirup aus diesen Zuckersorten	Production of sugar and sugar syrup from sugar cane juice, beet, maple, palm, etc.
7	10.81002	2025	Productie van saccharosesuiker	Production de saccharose	Herstellung von Saccharose	Production of sucrose
4	10.82	2025	Vervaardiging van cacao, chocolade en suikerwerk	Fabrication de cacao, de chocolat et de produits de confiserie	Herstellung von Süßwaren, ohne Dauerbackwaren	Manufacture of cocoa, chocolate and sugar confectionery
5	10.820	2025	Vervaardiging van cacao, chocolade en suikerwerk	Fabrication de cacao, de chocolat et de produits de confiserie	Herstellung von Süßwaren, ohne Dauerbackwaren	Manufacture of cocoa, chocolate and sugar confectionery
7	10.82001	2025	Vervaardiging van cacao, -boter, -vet en -olie	Fabrication de cacao, de beurre de cacao, de graisse de cacao et d'huile de cacao	Herstellung von Kakao, Kakaobutter, Kakaofett und Kakaoöl	Manufacture of cocoa, cocoa butter, cocoa fat and cocoa oil
7	10.82002	2025	Vervaardiging van chocolade en chocoladeproducten	Fabrication du chocolat et de confiseries au chocolat	Herstellung von Schokolade und Süßwaren mit Schokolade	Manufacture of chocolate and chocolate confectionery
7	10.82003	2025	Vervaardiging van suikerwerk	Fabrication de confiseries	Herstellung von Süßwaren	Manufacture of confectionery
7	10.82004	2025	Konfijten van vruchten	Fabrication de fruits confits	Herstellung von kandierten Früchten	Manufacture of candied fruit
4	10.83	2025	Verwerking van thee en koffie	Transformation du thé et du café	Verarbeitung von Kaffee und Tee, Herstellung von Kaffee-Ersatz	Processing of tea and coffee
5	10.830	2025	Verwerking van thee en koffie	Transformation du thé et du café	Verarbeitung von Kaffee und Tee, Herstellung von Kaffee-Ersatz	Processing of tea and coffee
7	10.83001	2025	Branden van koffie en verwijderen van cafeïne : vervaardiging van gemalen koffie, van oploskoffie, van extracten en concentraten van koffie	Torréfaction et décaféination du café : fabrication de café moulu, de café soluble, d'extraits et de concentrés de café	Röstung und Entkoffeinierung von Kaffebohnen: Herstellung von gemahlenem und löslichem Kaffee, Kaffee-Extrakten und -Konzentraten	Roasting and decaffeination of coffee: manufacture of ground coffee, soluble coffee and extracts and concentrates of coffee
7	10.83002	2025	Vervaardiging van koffiesurrogaten	Fabrication de succédanés du café	Herstellung von Kaffee-Ersatzmitteln	Manufacture of coffee substitutes
7	10.83003	2025	Mengen van thee en maté	 Mélange du thé et du maté	Herstellung von Tee- und Mate-Mischungen	 Mixing of tea and mate
7	10.83004	2025	Vervaardiging van kruidentheeën (pepermunt, verveine, kamille, enz.)	Fabrication de tisanes de plantes (menthe, verveine, camomille, etc.)	Herstellung von Kräutertees (Minze, Eisenkraut, Kamille usw.)	Manufacture of plant infusions (mint, vervain, chamomile, etc.)
7	10.83011	2025	Vervaardiging van geneeskrachtige kruidentheeën	Fabrication de tisanes de plantes médicinales	Herstellung von Heilkräutertees	Manufacture of herbal teas from medicinal plants
4	10.84	2025	Vervaardiging van specerijen, sauzen en kruiderijen	Fabrication de condiments et assaisonnements	Herstellung von Würzmitteln und Soßen	Manufacture of condiments and seasonings
5	10.840	2025	Vervaardiging van specerijen, sauzen en kruiderijen	Fabrication de condiments et assaisonnements	Herstellung von Würzmitteln und Soßen	Manufacture of condiments and seasonings
7	10.84001	2025	Vervaardiging van specerijen en kruiderijen (inclusief malen, mengen, enz.)	Fabrication de condiments et d'épices (y compris la mouture, le mélange, etc.)	Herstellung von Würzmitteln und Gewürzen (einschließlich Mahlung und Mischung usw)	Manufacture of condiments and spices (including grinding, mixing, etc.)
7	10.84002	2025	Vervaardiging van azijn	Fabrication du vinaigre	Herstellung von Essig	Manufacture of vinegar
7	10.84003	2025	Vervaardiging van sausen	Fabrication de sauces	Herstellung von Soßen	Manufacture of sauces
4	10.85	2025	Vervaardiging van bereide maaltijden en schotels	Fabrication de plats préparés	Herstellung von Fertiggerichten	Manufacture of prepared meals and dishes
5	10.850	2025	Vervaardiging van bereide maaltijden en schotels	Fabrication de plats préparés	Herstellung von Fertiggerichten	Manufacture of prepared meals and dishes
7	10.85001	2025	Productie van vers bereide maaltijden die vlees bevatten	Production de plats préparés à base de viande	Herstellung von fleischhaltigen Fertiggerichten	Production of meat based prepared meals
7	10.85002	2025	Productie van diepgevroren bereide maaltijden die vlees bevatten	Production de plats surgelés préparés à base de viande	Herstellung von fleischhaltigen Tiefkühlgerichten	Production of frozen meat based prepared meals
7	10.85003	2025	Productie van vers bereide maaltijden die vis bevatten	Production de plats frais préparés à base de poisson	Herstellung von fischhaltigen Fertiggerichten	Production of fresh fish based prepared meals
7	10.85004	2025	Productie van diepgevroren bereide maaltijden die vis bevatten	Production de plats surgelés préparés à base de poisson	Herstellung von fischhaltigen Tiefkühlgerichten	Production of frozen fish based prepared meals
4	10.86	2025	Vervaardiging van gehomogeniseerde voedingspreparaten en dieetvoeding	Fabrication d’aliments homogénéisés et diététiques	Herstellung von homogenisierten und diätetischen Nahrungsmitteln	Manufacture of homogenised food preparations and dietetic food
5	10.860	2025	Vervaardiging van gehomogeniseerde voedingspreparaten en dieetvoeding	Fabrication d’aliments homogénéisés et diététiques	Herstellung von homogenisierten und diätetischen Nahrungsmitteln	Manufacture of homogenised food preparations and dietetic food
7	10.86001	2025	Vervaardiging van levensmiddelen die bestemd zijn voor bijzondere voeding : zuigelingenvoeding, opvolgmelk en andere opvolgvoeding, babyvoeding, enz.	Fabrication de denrées alimentaires destinées à une alimentation particulière : préparations pour nourrissons, laits de suite et autres aliments du deuxième âge, aliments pour bébés, etc.	Herstellung von  Lebenmitteln, die für besondere Ernährungszwecke bestimmt sind:  Säuglingsnahrung, Folgemilch und andere Folgelebensmittel, Babynahrung usw	Manufacture of foodstuffs for particular nutritional uses: preparations for infants, follow-up milk and other foods given to older infants, baby food, etc.
4	10.89	2025	Vervaardiging van andere voedingsmiddelen, n.e.g.	Fabrication d’autres produits alimentaires n.c.a.	Herstellung von sonstigen Nahrungsmitteln a.n.g.	Manufacture of other food products n.e.c.
5	10.890	2025	Vervaardiging van andere voedingsmiddelen, n.e.g.	Fabrication d’autres produits alimentaires n.c.a.	Herstellung von sonstigen Nahrungsmitteln a.n.g.	Manufacture of other food products n.e.c.
7	10.89001	2025	Vervaardiging van bereiden soepen of bouillons	Fabrication de soupes, de potages ou de bouillons préparés	Herstellung von Fertig-Suppen oder -Bouillons	Manufacture of soups and broths and preparations therefor
7	10.89002	2025	Vervaardiging van houdbare melkdesserten	Fabrication de desserts lactés de conservation	Herstellung von haltbaren Milchdesserts	Manufacture of preserved dairy desserts
7	10.89003	2025	Vervaardiging van voedingssupplementen en voedingsmiddelen die met vitaminen, proteïnen, enz. zijn verrijkt	Fabrication de compléments alimentaires et de produits alimentaires enrichis de vitamines, protéines,	Herstellung von Lebensmittelzusätzen und mit Vitaminen, Proteinen usw angereicherten Lebensmitteln	Manufacture of food supplements and foods fortified with vitamins, proteins,
7	10.89004	2025	Vervaardiging van kunsthoning en karamel	Fabrication de miel artificiel et de caramel	Herstellung von Kunsthonig und Karamell	Manufacture of artificial honey and caramel
3	10.9	2025	Vervaardiging van diervoeders	Fabrication d’aliments pour animaux	Herstellung von Futtermitteln	Manufacture of prepared animal feeds
4	10.91	2025	Vervaardiging van veevoeders	Fabrication d’aliments pour animaux de ferme	Herstellung von Futtermitteln für Nutztiere	Manufacture of prepared feeds for farm animals
5	10.910	2025	Vervaardiging van veevoeders	Fabrication d’aliments pour animaux de ferme	Herstellung von Futtermitteln für Nutztiere	Manufacture of prepared feeds for farm animals
7	10.91001	2025	Vervaardiging van bereide veevoeders, inclusief toevoegingen	Fabrication de produits composés pour l'alimentation des animaux de ferme, y compris les aliments de complément	Herstellung von Produkten, die für das Viehfutter des Bauernhofes zusammengesetzt sind, einschließlich Ergänzungsnahrungsmittel	Manufacturing of compound feedingstuffs for farm animals, including complementary feedingstuffs
4	10.92	2025	Vervaardiging van voeders voor huisdieren	Fabrication d’aliments pour animaux de compagnie	Herstellung von Futtermitteln für sonstige Tiere	Manufacture of prepared pet foods
5	10.920	2025	Vervaardiging van voeders voor huisdieren	Fabrication d’aliments pour animaux de compagnie	Herstellung von Futtermitteln für sonstige Tiere	Manufacture of prepared pet foods
2	11     	2025	Vervaardiging van dranken	Fabrication de boissons	Getränkeherstellung	Manufacture of beverages
3	11.0	2025	Vervaardiging van dranken	Fabrication de boissons	Getränkeherstellung	Manufacture of beverages
4	11.01	2025	Vervaardiging van gedistilleerde dranken door distilleren, rectificeren en mengen	Fabrication de boissons distillées, par distillation, rectification et mélange	Herstellung von Spirituosen	Distilling, rectifying and blending of spirits
5	11.010	2025	Vervaardiging van gedistilleerde dranken door distilleren, rectificeren en mengen	Fabrication de boissons distillées, par distillation, rectification et mélange	Herstellung von Spirituosen	Distilling, rectifying and blending of spirits
7	11.01001	2025	Vervaardiging van gedistilleerde alcoholische dranken zoals whisky, cognac, gin, enz.	Fabrication de boissons alcooliques distillées telles que le whisky, le cognac, le gin, etc.	Herstellung von destillierten alkoholischen Getränken, wie Whisky, Cognac, Gin usw	Manufacture of distilled alcoholic beverages such as whiskey, brandy, gin, etc.
7	11.01002	2025	Vervaardiging van likeuren en aperitieven op basis van alcohol	Fabrication de liqueurs et d'apéritifs à base d'alcool	Herstellung von alkoholhaltigen Likören und Aperitiven	Manufacturing of liqueurs and alcohol-based aperitifs
4	11.02	2025	Vervaardiging van wijn uit druiven	Production de vin (de raisin)	Herstellung von Traubenwein	Manufacture of wine from grape
5	11.020	2025	Vervaardiging van wijn uit druiven	Production de vin (de raisin)	Herstellung von Traubenwein	Manufacture of wine from grape
7	11.02001	2025	Vervaardiging van wijn uit verse druiven zoals tafelwijn, landwijn, kwaliteitswijn, schuimwijn, champagne, enz.	Production de vins à partir de raisins frais tels que les vins de table, les vins de pays, les vins de qualité, les vins mousseux, le champagne, etc.	Weinerzeugung aus frischen Trauben wie Tafelweine, Landweine, Qualitätsweine, Schaumweine, Champagner usw	Production of wine from fresh grapes such as table wines, local wines, quality wines, sparkling wines, champagne, etc.
4	11.03	2025	Vervaardiging van cider en andere gefermenteerde vruchtendranken	Fabrication de cidre et autres boissons fermentées à base de fruits	Herstellung von Apfelwein und sonstigen gegorenen Getränken aus Obst	Manufacture of cider and other fermented fruit beverages
5	11.030	2025	Vervaardiging van cider en andere gefermenteerde vruchtendranken	Fabrication de cidre et autres boissons fermentées à base de fruits	Herstellung von Apfelwein und sonstigen gegorenen Getränken aus Obst	Manufacture of cider and other fermented fruit beverages
7	11.03001	2025	Vervaardiging van cider, perenwijn en andere vruchtenwijn	Fabrication de cidre, de poiré et de vins d'autres fruits	Herstellung von Apfelwein, Birnenwein und anderen Fruchtweinen	Manufacture of cider, perry and other fruit wines
4	11.04	2025	Vervaardiging van andere niet-gedistilleerde gegiste dranken	Production d’autres boissons fermentées non distillées	Herstellung von Wermutwein und sonstigen aromatisierten Weinen	Manufacture of other non-distilled fermented beverages
5	11.040	2025	Vervaardiging van andere niet-gedistilleerde gegiste dranken	Production d’autres boissons fermentées non distillées	Herstellung von Wermutwein und sonstigen aromatisierten Weinen	Manufacture of other non-distilled fermented beverages
7	11.04001	2025	Vervaardiging van gearomatiseerde wijnen (vermout)	Fabrication de vins aromatisés (vermouths)	Herstellung von aromatisierten Weinen (Vermouth)	Manufacture of aromatized wines (vermouth)
4	11.05	2025	Vervaardiging van bier	Fabrication de bière	Herstellung von Bier	Manufacture of beer
5	11.050	2025	Vervaardiging van bier	Fabrication de bière	Herstellung von Bier	Manufacture of beer
4	11.06	2025	Vervaardiging van mout	Fabrication de malt	Herstellung von Malz	Manufacture of malt
5	11.060	2025	Vervaardiging van mout	Fabrication de malt	Herstellung von Malz	Manufacture of malt
4	11.07	2025	Vervaardiging van frisdranken en water in flessen	Fabrication de boissons non alcoolisées et d’eaux embouteillées	Herstellung von Erfrischungsgetränken und Mineralwässern	Manufacture of soft drinks and bottled waters
5	11.070	2025	Vervaardiging van frisdranken en water in flessen	Fabrication de boissons non alcoolisées et d’eaux embouteillées	Herstellung von Erfrischungsgetränken und Mineralwässern	Manufacture of soft drinks and bottled waters
7	11.07001	2025	Productie van natuurlijk mineraalwater	Production d'eaux minérales naturelles	Herstellung von natürlichem Mineralwasser	Production of natural mineral waters
7	11.07002	2025	Vervaardiging van niet-alcoholische dranken, muv bier en alcoholvrije wijn  : natuurlijk mineraalwater,  water met toegevoegde zoetstoffen en/of gearomatiseerd water: limonade, cola, tonics, enz.	Fabrication de boissons sans alcool excepté bière et vin sans alcool : eaux minérales naturelles, boissons non alcoolisées édulcorées et/ou aromatisées comme citronnade, cola, tonics, etc.	Herstellung von nichtalkoholischen Getränken, mit Ausnahme von Bier und alkoholfreiem Wein:  natürliches Mineralwasser, Wasser mit Zusatz von Süßstoffen und/oder aromatisiertes Wasser wie Limonaden, C	Manufacture of non-alcoholic beverages except  non-alcoholic beer and wine : natural mineral water, sweetened and / or aromatized non-alcoholic beverages such as lemonade, cola, tonic waters etc.
7	11.07003	2025	Productie van ijsthee	Production de thé glacé	Herstellung von Eistee	Production of iced tea
2	12     	2025	Vervaardiging van tabaksproducten	Fabrication de produits à base de tabac	Tabakverarbeitung	Manufacture of tobacco products
3	12.0	2025	Vervaardiging van tabaksproducten	Fabrication de produits à base de tabac	Tabakverarbeitung	Manufacture of tobacco products
4	12.00	2025	Vervaardiging van tabaksproducten	Fabrication de produits à base de tabac	Tabakverarbeitung	Manufacture of tobacco products
5	12.000	2025	Vervaardiging van tabaksproducten	Fabrication de produits à base de tabac	Tabakverarbeitung	Manufacture of tobacco products
7	12.00001	2025	Vervaardiging van tabaksproducten zoals sigaretten, sigarettentabak, sigaren, pijptabak, pruimtabak en snuif	Fabrication de produits à base de tabac tels que les cigarettes, les cigares, le tabac à cigarettes, à pipe, à mâcher ou à priser	Herstellung von Tabakerzeugnissen wie Zigaretten, Zigarettentabak, Zigarren, Pfeifentabak, Kau- und Schnupftabak	Manufacture of tobacco products such as cigarettes, cigars, cigarette tobacco, pipe tobacco, chewing tobacco or snuff
7	12.00002	2025	Vervaardiging van gehomogeniseerde en gereconstitueerde tabak	"Fabrication de tabacs ""homogénéisés"" ou ""reconstitués"""	Herstellung von homogenisiertem oder rekonstituiertem Tabak	"Manufacture of ""homogenised"" or ""reconstituted"" tobacco"
2	13     	2025	Vervaardiging van textiel	Fabrication de textiles	Herstellung von Textilien	Manufacture of textiles
3	13.1	2025	Bewerken en spinnen van textielvezels	Préparation de fibres textiles et filature	Spinnstoffaufbereitung und Spinnerei	Preparation and spinning of textile fibres
4	13.10	2025	Bewerken en spinnen van textielvezels	Préparation de fibres textiles et filature	Spinnstoffaufbereitung und Spinnerei	Preparation and spinning of textile fibres
5	13.100	2025	Bewerken en spinnen van textielvezels	Préparation de fibres textiles et filature	Spinnstoffaufbereitung und Spinnerei	Preparation and spinning of textile fibres
7	13.10001	2025	Voorbewerking, kaarden en kammen van katoen- of katoenachtige vezels	Préparation, cardage et peignage de fibres de type cotonnier	Vorbehandeln, kardieren und kämmen von Baumwoll- oder baumwollartigen Fasern	Preparation, carding and combing of cotton-type fibres
7	13.10002	2025	Spinnen van garens, hetzij van katoen, hetzij van katoenachtige kunstmatige of synthetische vezels, voor het weven, het breien, enz.	Filature de fils de type cotonnier en fibres de coton, en fibres artificielles ou en fibres synthétiques, pour le tissage, la bonneterie, etc.	Spinnerei von Fäden vom Baumwolltyp aus Baumwollfasern, aus künstlichen Fasern oder aus synthetischen Fasern für das Weben, die Herstellung von Wirkwaren usw	Thread spinning of cotton-type fibres, artificial or synthetic fibers, for weaving, knitting, etc.
7	13.10003	2025	Spinnen van garens, hetzij van vlas, hetzij van vlasachtige kunstmatige of synthetische vezels, voor het weven, het breien, enz.	Filature de fils de type linier en fibres de lin, en fibres artificielles ou en fibres synthétiques, pour le tissage, la bonneterie etc.	Spinnerei von Fäden vom Leinentyp aus Leinfasern, aus künstlichen Fasern oder aus synthetischen Fasern für das Weben, Strickwaren usw	Thread spinning of linen-type fibres, artificial or synthetic fibres, for weaving, knitting, etc.
7	13.10004	2025	Textureren, twisten, twijnen, kabelen en dippen van synthetisch of kunstmatig vezelgaren	Texturation, retordage, moulinage, câblage et foulardage de fils de filaments artificiels ou synthétiques	Texturieren, Zwirnen, Moulinieren, Klotzen von synthetischen Fasergarnen	Texturing, twisting, throwing, cabling and padding of artificial or synthetic filaments
7	13.10005	2025	Vervaardiging van borduurgarens	Fabrication de fils à broder	Herstellung von Stickgarnen	Manufacture of embroidery threads
7	13.10006	2025	Voorbewerken en spinnen van andere textielvezels, zoals jute of bastvezels	Préparation et filature d'autres fibres textiles telles que les fibres de jute ou les fibres libériennes	Vorbehandeln und Spinnen von anderen Textilfasern wie Jute- oder Bastfasern	Preparation and spinning of other textile fibres such as jute fibres or bast fibres
7	13.10007	2025	Vervaardiging van papiergaren	Fabrication de fils de papier	Herstellung von Papiergarnen	Manufacture of paper yarn
3	13.2	2025	Weven van textiel	Tissage	Weberei	Weaving of textiles
4	13.20	2025	Weven van textiel	Tissage	Weberei	Weaving of textiles
5	13.200	2025	Weven van textiel	Tissage	Weberei	Weaving of textiles
7	13.20001	2025	Vervaardiging van brede katoenweefsels of van katoenachtige synthetische of kunstmatige garens	Fabrication de tissus de type cotonnier en fils de coton ou en fibres synthétiques ou artificielles	Herstellung von breitem Baumwollgewebe oder von baumwollartigen, synthetischen oder künstlichen Garnen	Manufacture of cotton-type fabric of cotton threads or artificial or synthetic fibres
7	13.20002	2025	Vervaardiging van fluweel, chenilleweefsel, lussenweefsel (bad- of frotteerstof), weefsel met gaasbinding (inclusief verbandweefsel), enz.	Fabrication de velours, de tissus de chenile, de tissus bouclés (tissus-éponges), de tissus à points de gaze (y compris les tissus pour pansements), etc.	Herstellung von Samt, Chenillegewebe, Schlingengewebe (Frottierstoffe), Drehergewebe (einschließlich Verbandstoffe) usw	Manufacture of velvet, chenille fabrics, terry fabrics, gauze fabrics (including fabrics for dressings), etc.
7	13.20003	2025	Vervaardiging van brede weefsels van kamwol of van kamwolachtige synthetische en kunstmatige garens	Fabrication de tissus de type lainier, cycle peigné, en laine filée ou en fibres synthétiques ou artificielles	Herstellung von breitem Gewebe aus Kammwolle oder von kammwollartigen, synthetischen oder künstlichen Garnen	Manufacture of wool type fabrics, worsted-type, of spun wool or artificial or synthetic fibres
7	13.20004	2025	Vervaardiging van textielstoffen van polypropeen	Fabrication de tissus en polypropylène	Herstellung von Textilstoffen aus Polypropylen	Manufacture of polypropylene textile fabrics
3	13.3	2025	Textielveredeling	Ennoblissement textile	Veredlung von Textilien und Bekleidung	Finishing of textiles
4	13.30	2025	Textielveredeling	Ennoblissement textile	Veredlung von Textilien und Bekleidung	Finishing of textiles
5	13.300	2025	Textielveredeling	Ennoblissement textile	Veredlung von Textilien und Bekleidung	Finishing of textiles
7	13.30001	2025	Bleken, verven, voorbereiden en bedrukken (zeefdrukken)  van textielvezels, garens, weefsels, stoffen en confectieartikelen (inclusief kleding)	Blanchiment, teinture, apprêtage et impression (sérigraphique) de fibres textiles, de fils, de tissus et d'articles en textile, y compris les vêtements	Bleichen, Färben, Vorbehandeln und Bedrucken (Siebdruck) von Textilfasern, Garnen, Geweben, Stoffen und Konfektionsartikeln (einschließlich Kleidung)	Bleaching, dyeing, finishing and printing (screen printing) of textile fibres, of threads, fabrics and textile articles, including clothing
7	13.30002	2025	Drogen, stomen, krimpen, repareren, sanforiseren, merceriseren, enz. van niet zelf geproduceerd textiel	Séchage, vaporisage, décatissage, stoppage, sanforisage, mercerisage, etc. de textiles fabriqués par des tiers	Trocknen, Dämpfen, Dekatieren, Reparieren, Sanforisieren, Merzerisieren usw von Textilien aus Fremdproduktion	Drying, steaming, decatising, mending, sanforizing, mercerizing, etc. of textiles manufactured by third parties
3	13.9	2025	Vervaardiging van andere textielproducten	Fabrication d'autres textiles	Herstellung von sonstigen Textilwaren	Manufacture of other textiles
4	13.91	2025	Vervaardiging van gebreide en gehaakte stoffen	Fabrication d'étoffes à mailles	Herstellung von gewirktem und gestricktem Stoff	Manufacture of knitted and crocheted fabrics
5	13.910	2025	Vervaardiging van gebreide en gehaakte stoffen	Fabrication d'étoffes à mailles	Herstellung von gewirktem und gestricktem Stoff	Manufacture of knitted and crocheted fabrics
4	13.92	2025	Vervaardiging van huishoudtextiel en geconfectioneerde artikelen voor stoffering	Fabrication de textiles ménagers et d'articles d’ameublement confectionnés	Herstellung von Heimtextilien und konfektionierten Textilwaren für die Innenausstattung	Manufacture of household textiles and made-up furnishing articles
5	13.921	2025	Vervaardiging van beddengoed, tafellinnen en textielwaren voor huishoudelijk gebruik	Fabrication de linges de lit et de table et d'articles textiles à usage domestique	Herstellung von Bettwäsche, Tischwäsche und Heimtextilien	Manufacture of bed and table linen and textile articles for domestic use
7	13.92101	2025	Vervaardiging van tafel-, bed-, toilet- en huishoudlinnen	Fabrication de linge de table, de lit, de toilette ou de cuisine	Herstellung von Tisch-, Bett-, Toiletten- und Küchenwäsche	Manufacture of table, bed, toilet and kitchen linen
7	13.92102	2025	Vervaardiging van dekbedden, dekens, gewatteerde dekens, beddespreien, kussens, poefs, peluws, slaapzakken, enz.	Fabrication d'édredons, couvertures, couvre-lits, coussins, poufs, oreillers, sacs de couchage, etc.	Herstellung von Daunendecken, Bettdecken, wattierten Decken, Tagesdecken, Kissen, Sitzkissen, Kopfkissen, Schlafsäcken usw	Making eiderdowns, blankets, bedspreads, cushions, footstools, pillows, sleeping bags, etc.
7	13.92103	2025	Vervaardiging van stofdoeken, vaatdoeken en dergelijke	Fabrication de chiffons à épousseter, lavettes et articles similaires	Herstellung von Staubtüchern, Spültüchern und Ähnlichem	Manufacture of dust cloths, dishcloths and similar articles
5	13.929	2025	Vervaardiging van overige geconfectioneerde artikelen van textiel, muv kleding	Fabrication d'autres articles textiles confectionnés, sauf habillement	Herstellung von anderen konfektionierten Textilartikeln mit Ausnahme von Kleidung	Manufacture of other made-up textile articles, except wearing apparel
7	13.92901	2025	Vervaardiging van geconfectioneerde stofferingsartikelen : gordijnen, bedgordijnen, rolgordijnen, meubelhoezen, enz.	Fabrication d'articles confectionnés pour l'ammeublement : rideaux, tours de lit, stores, housses pour meubles, etc.	Herstellung von konfektionierten Innenausstattungsartikeln: Vorhänge, Bettvorhänge, Rollos, Möbelbezüge, usw	Manufacture of articles for furnishing: curtains, cot bumpers, blinds, furniture covers, etc.
7	13.92902	2025	Vervaardiging van vlaggen, vaandels, banieren, enz.	Fabrication de drapeaux, de banderoles, de bannières, etc.	Herstellung von Fahnen, Flaggen, Bannern usw	Manufacture of flags, banners, etc.
4	13.93	2025	Vervaardiging van vloerkleden en tapijt	Fabrication de tapis et moquettes	Herstellung von Teppichen	Manufacture of carpets and rugs
5	13.930	2025	Vervaardiging van vloerkleden en tapijt	Fabrication de tapis et moquettes	Herstellung von Teppichen	Manufacture of carpets and rugs
7	13.93001	2025	Vervaardiging van vloerbedekkingen van textiel, inclusief die van naaldgetouwvilt : tapijten, karpetten, matten en tegels	Fabrication de revêtements de sols en matières textiles, y compris les feutres aiguilletés : tapis, carpettes, paillassons et carreaux	Herstellung von Textilbelägen für Fußböden, einschließlich solchen aus Nadelfilz: Teppiche, Matten und Fliesen	Manufacture of textile floor coverings , including needle felt products: carpets, rugs, mats and tiles
4	13.94	2025	Vervaardiging van koord, bindgaren, touw en netten	Fabrication de ficelles, cordes, cordages et filets	Herstellung von Seilerwaren	Manufacture of cordage, rope, twine and netting
5	13.940	2025	Vervaardiging van koord, bindgaren, touw en netten	Fabrication de ficelles, cordes, cordages et filets	Herstellung von Seilerwaren	Manufacture of cordage, rope, twine and netting
4	13.95	2025	Vervaardiging van ongeweven stoffen en artikelen van ongeweven stoffen	Fabrication de textiles non-tissés et articles non-tissés	Herstellung von Vliesstoff und nicht-konfektionierten Erzeugnissen daraus	Manufacture of non-wovens and non-woven articles
5	13.950	2025	Vervaardiging van ongeweven stoffen en artikelen van ongeweven stoffen	Fabrication de textiles non-tissés et articles non-tissés	Herstellung von Vliesstoff und nicht-konfektionierten Erzeugnissen daraus	Manufacture of non-wovens and non-woven articles
4	13.96	2025	Vervaardiging van ander technisch en industrieel textiel	Fabrication d'autres textiles techniques et industriels	Herstellung von technischen Textilien	Manufacture of other technical and industrial textiles
5	13.960	2025	Vervaardiging van ander technisch en industrieel textiel	Fabrication d'autres textiles techniques et industriels	Herstellung von technischen Textilien	Manufacture of other technical and industrial textiles
7	13.96001	2025	Vervaardiging van smalle weefsels en lint (inclusief bolduclint), zijnde lint zonder inslag van aaneengelijmde, evenwijdig lopende draden of textielvezels	Fabrication d'articles de rubanerie, y compris les rubans sans trame, en fils ou fibres parallélisés et encollés	Herstellung von Bandweberei-Artikeln (einschließlich Bolduc-Bänder), schusslose Bänder aus parallel gelegten und geklebten Garnen oder Fasern	Manufacture of narrow woven fabrics, including fabrics consisting of warp without weft assembled by means of an adhesive
7	13.96002	2025	Vervaardiging van etiketten, insignes, badges, enz.	Fabrication d'étiquettes, d'écussons, etc.	Herstellung von Etiketten, Abzeichen, Wappen usw	Manufacture of labels, badges, etc.
7	13.96003	2025	Vervaardiging van sierartikelen : vlechten, eikels, kwasten, pompons, enz.	Fabrication d'articles ornementaux : tresses, glands, floches, pompons, etc.	Herstellung von Dekorationsartikeln: Zöpfe, Ziereicheln, Quasten, Pompons usw	Manufacture of ornamental trimmings: braids, tassels, pompons etc. 
7	13.96004	2025	Vervaardiging van weefsels, geïmpregneerd, bekleed of bedekt met kunststof of voorzien van inlagen van kunststof	Fabrication de tissus imprégnés, enduits ou recouverts de matière plastique ou stratifiés avec de la matière plastique	Herstellung von imprägnierten, mit Kunststoff beschichteten oder überzogenen oder mit Kunststofflagen versehenen Webstoffen	Manufacture of fabrics impregnated, coated, covered or laminated with plastics
7	13.96011	2025	Vervaardiging van confectie-artikelen voor stoffering : dekzeilen, tenten, zeilen voor pleziervaartuigen, luifels, losse hoezen voor auto's, machines of meubels,  enz.	Fabrication d'articles confectionnés pour l'ameublement : bâches, tentes, voiles pour embarcations, stores d'extérieur, housses amovibles pour voitures, machines ou mobilier, etc.	Herstellung von konfektionierten Ausstattungsartikeln: Deckplanen, Zelte, Segel für Freizeitfahrzeuge, Wetterdächer, Schonbezüge für Autos, Maschinen oder Meubel, usw	Manufacture of articles for furnishing: tarpaulins, tents, sails for boats, outdoor blinds, loose covers for cars, machines or furniture, etc.
4	13.99	2025	Vervaardiging van andere textielproducten, n.e.g.	Fabrication d'autres textiles n.c.a.	Herstellung von sonstigen Textilwaren a.n.g.	Manufacture of other textiles n.e.c.
5	13.990	2025	Vervaardiging van andere textielproducten, n.e.g.	Fabrication d'autres textiles n.c.a.	Herstellung von sonstigen Textilwaren a.n.g.	Manufacture of other textiles n.e.c.
7	13.99001	2025	Vervaardiging van vilt	Fabrication de feutres	Herstellung von Filzen	Manufacture of felts
7	13.99002	2025	Vervaardiging van tule en filetweefsel, van kant aan het stuk, in banden of in de vorm van motieven, en van borduurwerk	Fabrication de tulles, tulles-bobinots et autres tissus à mailles nouées, de dentelles en pièces, en bandes ou en motifs, et de broderies	Herstellung von Tüll, geknüpften Netzstoffen, Spitzen in Stücken, Streifen oder in Motivform und von Stickereien	Manufacture of tulle and other net fabrics, knitted or crocheted fabrics, hand or mechanically-made lace, in the piece, in strips or in motifs and of embroideries
2	14     	2025	Vervaardiging van kleding	Industrie de l’habillement	Herstellung von Bekleidung	Manufacture of wearing apparel
3	14.1	2025	Vervaardiging van gebreide en gehaakte kleding	Fabrication d'articles à mailles	Herstellung von Bekleidung aus gewirktem und gestricktem Stoff	Manufacture of knitted and crocheted apparel
4	14.10	2025	Vervaardiging van gebreide en gehaakte kleding	Fabrication d'articles à mailles	Herstellung von Bekleidung aus gewirktem und gestricktem Stoff	Manufacture of knitted and crocheted apparel
5	14.100	2025	Vervaardiging van gebreide en gehaakte kleding	Fabrication d'articles à mailles	Herstellung von Bekleidung aus gewirktem und gestricktem Stoff	Manufacture of knitted and crocheted apparel
3	14.2	2025	Vervaardiging van andere kleding en toebehoren	Fabrication d'autres articles d’habillement et accessoires	Herstellung von sonstiger Bekleidung und Bekleidungszubehör	Manufacture of other wearing apparel and accessories
4	14.21	2025	Vervaardiging van bovenkleding	Fabrication de vêtements de dessus	Herstellung von Oberbekleidung	Manufacture of outerwear
5	14.210	2025	Vervaardiging van bovenkleding	Fabrication de vêtements de dessus	Herstellung von Oberbekleidung	Manufacture of outerwear
7	14.21001	2025	Vervaardiging van bovenkleding van al dan niet zelf geproduceerd materiaal, als weefsels, gebonden textielvlies, enz., voor heren, dames en kinderen : mantels, kostuums, enz.	Fabrication de vêtements de dessus pour hommes, femmes et enfants à partir de matériel produit ou non par le fabricant tels tissus, non-tissés etc.: manteaux, costumes, etc.	Herstellung von Oberkleidung für Herren, Damen und Kinder aus Materialen aus Eigenproduktion oder nicht wie Stoffen, Vliesstoffen usw.: Mäntel, Anzüge usw.	Manufacture of outerwear of self or non-self-made materials such as woven fabrics, nonwovens, etc., for men,women and children : coats, suits, etc.
7	14.21002	2025	Vervaardiging van maatkleding	Confection sur mesure	Herstellung von Maßbekleidung	Tailoring
4	14.22	2025	Vervaardiging van onderkleding	Fabrication de vêtements de dessous	Herstellung von Wäsche	Manufacture of underwear
5	14.220	2025	Vervaardiging van onderkleding	Fabrication de vêtements de dessous	Herstellung von Wäsche	Manufacture of underwear
7	14.22001	2025	Vervaardiging van onderkleding voor heren, dames en kinderen, van al dan niet zelf geproduceerd materiaal als weefsels, kant, enz. : overhemden, slips, pyjama's, enz.	Fabrication de vêtements de dessous pour hommes, femmes et enfants à partir de matériel produit ou non par le fabricant tels tissus, dentelles, etc: chemises, slips, pyjamas, etc.	Herstellung von Unterkleidung für Herren, Damen und Kinder aus Materialen aus Eigenproduktion oder nicht wie Stoffen, Spitzen usw.: Hemden, Unterhosen, Schlafanzüge usw.	Manufacture of men's, women's and children's underwear of self-produced or non-self-produced materials such as woven fabrics, lace, etc. : shirts, slips, pyjamas, etc.
4	14.23	2025	Vervaardiging van werkkleding	Fabrication de vêtements de travail	Herstellung von Arbeits- und Berufsbekleidung	Manufacture of workwear
5	14.230	2025	Vervaardiging van werkkleding	Fabrication de vêtements de travail	Herstellung von Arbeits- und Berufsbekleidung	Manufacture of workwear
4	14.24	2025	Vervaardiging van kleding van leer en van bont	Fabrication de vêtements en cuir et en fourrure	Herstellung von Lederbekleidung und Pelzwaren	Manufacture of leather clothes and fur apparel
5	14.240	2025	Vervaardiging van kleding van leer en van bont	Fabrication de vêtements en cuir et en fourrure	Herstellung von Lederbekleidung und Pelzwaren	Manufacture of leather clothes and fur apparel
7	14.24001	2025	Vervaardiging van bontkleding en kledingaccessoires van bont	Fabrication de vêtements et accessoires du vêtement en pelleteries	Herstellung von Kleidung und Kleidungsaccessoires aus Pelz	Manufacture of fur clothing and clothing accessories
7	14.24002	2025	Vervaardiging van diverse artikelen van pelterijen : vloerkleedjes, niet-opgevulde poefs, poetsdoeken voor industrieel gebruik, enz.	Fabrication d'articles divers en fourrures : tapis, poufs non garnis, peaux à polir pour l'industrie, etc.	Herstellung unterschiedlicher Artikel aus Pelzen: Teppiche, nicht bekleidete Sitzkissen, Poliertücher für die Industrie usw	Manufacture of various fur articles: rugs, unstuffed foorstools, skin for industry, etc.
4	14.29	2025	Vervaardiging van andere kleding en toebehoren, n.e.g.	Fabrication d’autres articles d’habillement et accessoires n.c.a.	Herstellung von sonstiger Bekleidung und Bekleidungszubehör a.n.g.	Manufacture of other wearing apparel and accessories n.e.c.
5	14.291	2025	Vervaardiging van hoeden en petten	Fabrication de chapeaux et de bonnets	Herstellung von Hüten und Mützen	Manufacture of hats and caps
7	14.29101	2025	Vervaardiging van hoofddeksels van bont	Fabrication de chapeaux en fourrure	Herstellung von Kopfbedeckungen aus Pelz	Manufacture of fur hats
5	14.299	2025	Vervaardiging van overige kleding en toebehoren, n.e.g.	Fabrication d'autres vêtements et accessoires n.c.a.	Herstellung von sonstiger Bekleidung und Bekleidungszubehör a.n.g.	Manufacture of other miscellaneous wearing apparel and accessories n.e.c.
7	14.29901	2025	Vervaardiging van overige kledingsaccessoires : handschoenen (inclusief lederen handschoenen), ceinturen, sjaals, dassen, haarnetjes, enz.	Fabrication d'autres accessoires du vêtement : gants (y compris les gants en cuir), ceintures, châles, cravates, filets à cheveux, etc.	Herstellung von anderen Kleidungsaccessoires: Handschuhe (einschließlich Lederhandschuhe), Gürtel, Schals, Kravatten, Haarnetze usw	Manufacture of other clothing accessories: gloves (including leather gloves), belts, shawls, ties, hair nets, etc.
7	14.29902	2025	Vervaardiging van schoeisel van textiel zonder aangezette zool	Fabrication de chaussures en matières textiles sans semelle rapportée	Herstellung von Schuhen aus Textilmaterial ohne angebrachte Sohlen	Manufacture of footwear of textile materials without applied soles
2	15     	2025	Vervaardiging van leer, lederwaren en soortgelijke producten van andere materialen	Fabrication de cuir, d’articles en cuir et de produits similaires dans d’autres matières	Herstellung von Leder, Lederwaren und ähnlichen Produkten aus anderen Materialen	Manufacture of leather and related products of other materials
3	15.1	2025	Looien, bereiden en verven van leder en bont; vervaardiging van koffers, tassen, zadel- en tuigmakerswerk	Tannage, apprêt et teinture des cuirs et des fourrures; fabrication de bagages, de maroquinerie, sellerie et bourrellerie	Gerben, Färben, Zurichten von Leder und Fellen; Herstellung von Reisegepäck, Handtaschen, Sattlerwaren und Geschirren	Tanning, dyeing, dressing of leather and fur; manufacture of luggage, handbags, saddlery and harness
4	15.11	2025	Looien, bereiden en verven van leder en bont	Tannage, apprêt et teinture des cuirs et des fourrures	Gerben, Färben, Zurichten von Leder und Fellen	Tanning, dressing, dyeing of leather and fur
5	15.110	2025	Looien, bereiden en verven van leder en bont	Tannage, apprêt et teinture des cuirs et des fourrures	Gerben, Färben, Zurichten von Leder und Fellen	Tanning, dressing, dyeing of leather and fur
7	15.11001	2025	Vervaardiging van zeemleer, perkament, lakleer en gemetalliseerd leer	Fabrication de cuirs et peaux chamoisés, parcheminés, vernis ou métallisés	Herstellung von Chamoisleder, Pergamentleder, Lackleder und metallisiertem Leder	Manufacture of chamois leather, parchment dressed, patent or metallized
7	15.11002	2025	Vervaardiging van kunstleer uit afval van huiden	Fabrication de cuirs reconstitués	Herstellung von Kunstleder aus Hautabfällen	Manufacture of composition leather
7	15.11003	2025	Lederfinishingbedrijf	Finition du cuir	Endbearbeitung von Leder	Leather finishing
7	15.11004	2025	Bereiden en verven van pelterijen en van niet onthaarde huiden en vellen : ontvlezen, touwen, looien, bleken, scheren, plukken en verven van pelterijen	Préparation et teinture des pelleteries et des peaux non épilées : drayage, corroyage, tannage, blanchiment, tondage, épluchage et teinture	Vorbereitung und Färben von Pelzen und nicht enthaarten Häuten und Fellen:  entfleischen, zurichten, gerben, bleichen, scheren, schälen und färben	Dressing and dyeing of fur and  skins with the hair on: skiving, currying, tanning, bleaching, shearing, peeling and dyeing
4	15.12	2025	Vervaardiging van koffers, tassen, zadel- en tuigmakerswerk van ongeacht welk materiaal	Fabrication de bagages, de maroquinerie, sellerie et bourrellerie, en toutes matières	Herstellung von Reisegepäck, Handtaschen, Sattlerwaren und Geschirren aus Stoffen aller Art	Manufacture of luggage, handbags, saddlery and harness of any material
5	15.120	2025	Vervaardiging van koffers, tassen, zadel- en tuigmakerswerk van ongeacht welk materiaal	Fabrication de bagages, de maroquinerie, sellerie et bourrellerie, en toutes matières	Herstellung von Reisegepäck, Handtaschen, Sattlerwaren und Geschirren aus Stoffen aller Art	Manufacture of luggage, handbags, saddlery and harness of any material
7	15.12001	2025	Vervaardiging van reiskoffers, tassen ed van leer, kunstleer of ongeacht welk ander materiaal, zoals kunststof, textiel, karton, enz., indien dezelfde technieken worden toegepast als bij leer	Fabrication d'art de voyage, de maroqu et art simil en cuir naturel, recstitué ou tt autre matériau : les mat plastiques, tex, carton, etc. pr autant que la technol soit la même que pr le cuir	Herstellung von Reisekoffern und Taschen uä aus Leder, Kunstleder oder jeglichen anderen Materialien wie  Kunststoff, Textiel, Pappe usw, vorausgesetzt es wurden dieselben Techniken wie für Leder a	Manufacture of trunks, handbags, saddlery and similar articles of natural leather, composition leather or other material: plastics, textile etc. provided the technology is the same as for leather
7	15.12002	2025	Vervaardiging van zadels en de gareelmakerijen	Fabrication d'articles de sellerie et de bourrellerie	Herstellung von Sattlerwaren	Manufacture of saddlery and harness
7	15.12003	2025	Vervaardiging van overige artikelen van leer of van kunstleer : drijfriemen, pakking, enz..	Fabrication d'articles divers en cuir naturel ou reconstitué : courroies, joints, garnitures, etc.	Herstellung von sonstigen Artikeln aus Natur- oder Kunstleder: Treibriemen, Dichtungen usw	Manufacture of other articles of leather or composition leather: belts, seals, gaskets, etc.
3	15.2	2025	Vervaardiging van schoeisel	Fabrication de chaussures	Herstellung von Schuhen	Manufacture of footwear
4	15.20	2025	Vervaardiging van schoeisel	Fabrication de chaussures	Herstellung von Schuhen	Manufacture of footwear
5	15.200	2025	Vervaardiging van schoeisel	Fabrication de chaussures	Herstellung von Schuhen	Manufacture of footwear
7	15.20001	2025	Vervaardiging van schoeisel, ongeacht het gebruik, de wijze van vervaardiging (inclusief gieten) of de grondstof, maar exclusief  van rubberen schoeisel	Fabrication de chaussures pour tous usages, par tous procédés (y compris le moulage) et en toutes matières, à  l'exclusion des chaussures en caoutchouc	Herstellung von Schuhen, ungeachtet des Gebrauchs, der Herstellungsweise (einschließlich Gießen) oder des Grundwerkstoffs, mit Ausnahme von Gummischuhen	Manufacture of footwear for all purposes, by any means (including moulding) and any material, excluding rubber shoes
7	15.20002	2025	Vervaardiging van delen van schoeisel : bovendelen en delen daarvan, buiten- en binnenzolen, hakken, enz., maar exclusief delen van rubber	Fabrication de parties de chaussures : dessus et parties de dessus, semelles extérieures et intérieures, talons, etc. à l'exclusion des parties en caoutchouc	Herstellung von Schuhteilen: Schuhoberteile und Teile davon, Innen- und Außensohlen, Absätze usw, mit Ausnahme von Gummiteilen	Manufacture of parts of footwear: uppers and parts of it, outer and inner soles, heels, etc. excluding rubber parts
2	16     	2025	Houtindustrie en vervaardiging van artikelen van hout en kurk, exclusief meubelen; vervaardiging van artikelen van riet en van vlechtwerk	Travail du bois et fabrication d’articles en bois et en liège, à l’exception des meubles; fabrication d’articles en vannerie et sparterie	Herstellung von Holz-, Flecht-, Korb- und Korkwaren, ohne Möbel	Manufacture of wood and of products of wood and cork, except furniture; manufacture of articles of straw and plaiting materials
3	16.1	2025	Zagen en schaven van hout; verwerking en afwerking van hout	Sciage et rabotage du bois; façonnage et finition du bois	Säge-, Hobel- und Holzimprägnierwerke; Bearbeitung und Veredlung von Holz	Sawmilling and planing of wood; processing and finishing of wood
4	16.11	2025	Zagen en schaven van hout	Sciage et rabotage du bois	Säge-, Hobel- und Holzimprägnierwerke	Sawmilling and planing of wood
5	16.110	2025	Zagen en schaven van hout	Sciage et rabotage du bois	Säge-, Hobel- und Holzimprägnierwerke	Sawmilling and planing of wood
7	16.11001	2025	Zagen, schaven en machinaal bewerken van hout	Sciage, rabotage et façonnage du bois	Sägen, Hobeln und Bearbeitung von Holz	Sawmilling, planing and processing of wood
7	16.11002	2025	Vervaardiging van houten dwarsliggers en houten palen voor luchtleidingen	Fabrication de traverses en bois pour voies ferrées et de poteaux de ligne	Herstellung von hölzernen Bahnschwellen et von Holzmasten für Freileitungen	Manufacture of wooden railway sleepers and line poles
7	16.11003	2025	Vervaardiging van niet-ineengezette onderdelen en lamellen voor vloeren	Fabrication de lames non assemblées pour parquets	Herstellung von nicht verlegten Parkett-Teilen und Lamellen	Manufacture of unassembled parquet boards
7	16.11004	2025	Vervaardiging van houtwol, -meel, -schillen en spanen	Fabrication de laine de bois, de farine de bois, de bois en copeaux ou en particules	Herstellung von Holzwolle, -mehl und -spänen	Manufacture of wood wool, wood flour, wood shavings or particles
4	16.12	2025	Verwerking en afwerking van hout	Façonnage et finition du bois	Bearbeitung und Veredlung von Holz	Processing and finishing of wood
5	16.120	2025	Verwerking en afwerking van hout	Façonnage et finition du bois	Bearbeitung und Veredlung von Holz	Processing and finishing of wood
7	16.12001	2025	Drogen van hout en impregneren of chemisch behandelen met conserveringsmiddelen of andere stoffen, in combinatie met het zagen en bewerken van hout	Séchage du bois et imprégnation ou traitement chimique du bois au moyen d'agents de conservation ou d'autres produits, en combinaison avec le sciage et le façonnage	Trocknen von Holz und Imprägnieren oder chemisches Behandeln mit Konverservierungsmitteln oder anderen Stoffen, in Kombination mit dem Sägen und Bearbeiten von Holz	Drying and impregnation of wood or chemical treatment of wood with preservatives or other products, in combination with sawing and processing
7	16.12002	2025	Impregneren of chemisch behandelen van hout met conserveringsmiddelen of andere stoffen tegen maakloon	Imprégnation ou traitement chimique du bois au moyen d'agents de conservation ou d'autres produits pour compte de tiers	Imprägnierung oder chemische Behandlung von Holz mit Konservierungsmitteln oder anderen Stoffen für Dritte	Impregnation or chemical treatment of wood with preservatives or other products for third parties
3	16.2	2025	Vervaardiging van artikelen van hout, kurk, riet of vlechtwerk	Fabrication d'articles en bois, liège, vannerie et sparterie	Herstellung von sonstigen Holz-, Kork-, Flecht- und Korbwaren	Manufacture of products of wood, cork, straw and plaiting materials
4	16.21	2025	Vervaardiging van fineer en van panelen op basis van hout	Fabrication de placage et de panneaux de bois	Herstellung von Furnier-, Sperrholz-, Holzfaser- und Holzspanplatten	Manufacture of veneer sheets and wood-based panels
5	16.210	2025	Vervaardiging van fineer en van panelen op basis van hout	Fabrication de placage et de panneaux de bois	Herstellung von Furnier-, Sperrholz-, Holzfaser- und Holzspanplatten	Manufacture of veneer sheets and wood-based panels
7	16.21001	2025	Vervaardiging van fineer	Fabrication de placage	Herstellung von Furnier	Manufacture of veneer sheets
7	16.21002	2025	Vervaardiging van duplex-, triplex- en multiplexhout, meubelplaat, spaanderplaat, houtvezelplaat en andere dergelijke panelen en platen	Fabrication de contre-plaqués (duplex, triplex et multiplex), de panneaux pour meubles, de panneaux de fibres, de panneaux de particules et de panneaux similaires	Herstellung von Sperrholz (zwei-, drei- und mehrschichtig), Tischlerplatten, Spanplatten, Holzfaserplatten und anderen ähnlichen Panelen und Platten	Manufacture of plywood (duplex, triplex and multiplex), furniture boards, fiber boards, particle boards and similar boards
4	16.22	2025	Vervaardiging van geassembleerde parketvloeren	Fabrication de parquets assemblés	Herstellung von Parketttafeln	Manufacture of assembled parquet floors
5	16.220	2025	Vervaardiging van geassembleerde parketvloeren	Fabrication de parquets assemblés	Herstellung von Parketttafeln	Manufacture of assembled parquet floors
4	16.23	2025	Vervaardiging van ander schrijn- en timmerwerk	Fabrication de charpentes et d’autres menuiseries	Herstellung von sonstigen Konstruktionsteilen, Fertigbauteilen, Ausbauelementen und Fertigteilbauten aus Holz	Manufacture of other builders’ carpentry and joinery
5	16.230	2025	Vervaardiging van ander schrijn- en timmerwerk	Fabrication de charpentes et d’autres menuiseries	Herstellung von sonstigen Konstruktionsteilen, Fertigbauteilen, Ausbauelementen und Fertigteilbauten aus Holz	Manufacture of other builders’ carpentry and joinery
4	16.24	2025	Vervaardiging van houten emballage	Fabrication d’emballages en bois	Herstellung von Verpackungsmitteln, Lagerbehältern und Ladungsträgern aus Holz	Manufacture of wooden containers
5	16.240	2025	Vervaardiging van houten emballage	Fabrication d’emballages en bois	Herstellung von Verpackungsmitteln, Lagerbehältern und Ladungsträgern aus Holz	Manufacture of wooden containers
7	16.24001	2025	Vervaardiging van houten pakkisten, kratten, trommels en dergelijke verpakkingsmiddelen	Fabrication de caisses, de caissettes, de cageots, de cylindres et d'emballages similaires en bois	Herstellung von Kisten, Dosen und ähnlichen Verpackungen aus Holz	Manufacture of packing cases, boxes, crates, drums and similar packings of wood 
7	16.24002	2025	Vervaardiging van houten laadborden, laadkisten en andere laadplateaus	Fabrication de palettes simples, de caisses-palettes et d'autres plateaux de chargement en bois	Herstellung von Ladepaletten, Boxpaletten und anderen Ladungsträgern aus Holz	Manufacture of pallets, box pallets and other wooden load boards
7	16.24003	2025	Vervaardiging van houten vaten, kuipen, tobben en ander kuiperswerk	Fabrication de tonneaux, de cuves, de baquets et d'autres ouvrages de tonnellerie en bois	Herstellung von Fässern, Bottichen, Kübeln und anderen Böttcherwaren aus Holz	Manufacture of barrels, vats, tubs and other coopers products of wood 
4	16.25	2025	Vervaardiging van houten deuren en vensters	Fabrication de portes et fenêtres en bois	Herstellung von Türen und Fenstern aus Holz	Manufacture of doors and windows of wood
5	16.250	2025	Vervaardiging van houten deuren en vensters	Fabrication de portes et fenêtres en bois	Herstellung von Türen und Fenstern aus Holz	Manufacture of doors and windows of wood
4	16.26	2025	Vervaardiging van vaste brandstoffen uit plantaardige biomassa	Fabrication de combustibles solides à partir de biomasse végétale	Herstellung von festen Brennstoffen aus pflanzlicher Biomasse	Manufacture of solid fuels from vegetable biomass
5	16.260	2025	Vervaardiging van vaste brandstoffen uit plantaardige biomassa	Fabrication de combustibles solides à partir de biomasse végétale	Herstellung von festen Brennstoffen aus pflanzlicher Biomasse	Manufacture of solid fuels from vegetable biomass
4	16.27	2025	Afwerking van houten producten	Finition de produits en bois	Veredlung von Holzwaren	Finishing of wooden products
5	16.270	2025	Afwerking van houten producten	Finition de produits en bois	Veredlung von Holzwaren	Finishing of wooden products
4	16.28	2025	Vervaardiging van andere artikelen van hout en van artikelen van kurk, riet of vlechtwerk	Fabrication d'objets divers en bois, d’objets en liège, vannerie et sparterie	Herstellung von sonstigen Holzwaren sowie Kork-, Flecht- und Korbwaren	Manufacture of other products of wood and articles of cork, straw and plaiting materials
5	16.281	2025	Vervaardiging van andere artikelen van hout	Fabrication d'objets divers en bois	Herstellung von sonstigen Waren aus Papier, Karton und Pappe	Manufacture of other products of wood
7	16.28101	2025	Vervaardiging van houten huishoudelijke artikelen en keukenartikelen : strijkplanken, kapstokken, enz.	Fabrication d'articles de ménage et ustensiles de cuisine en bois : planches à repasser, porte-manteaux, etc.	Herstellung von Haushaltsartikeln und Küchenutensilien aus Holz: Bügelbretter, Kleiderständer usw	Manufacture of wooden household goods and kitchen utensils: ironing boards, coat hangers, etc.
7	16.28102	2025	Vervaardiging van houten beeldjes en andere siervoorwerpen, inlegwerk	Fabrication de statuettes et objets d'ornement en bois, en bois marquetés ou en bois incrustés	Herstellung von Statuetten und anderen Dekorationsgegenständen aus Holz mit Einlegearbeiten	Manufacture of wooden statuettes and ornaments, wood marquetry or inlaid wood
7	16.28103	2025	Vervaardiging van houten koffertjes en kistjes voor juwelen, couverts, enz.	Fabrication de coffrets, écrins et étuis pour bijouterie ou orfèvrerie et ouvrages similaires en bois	Herstellung von Kästchen und Schatullen aus Holz für Schmuck, Besteck usw aus Holz	Manufacture of caskets and cases for jewellery or cutlery, and similar articles, of wood
7	16.28104	2025	Vervaardiging van gedraaide houten garnituren voor (over)gordijnen, monturen en stelen voor gereedschap, kwasten, borstels en bezems	Fabrication de bâtons ronds pour stores, manches et montures en bois pour outils, brosses et balais	Herstellung von runden Hölzern für Vorhänge, Stiele und Griffe für Werkzeuge, Pinsel, Bürsten und Besen	Manufacture of round sticks for blinds, wooden handles and bodies for tools, brushes and brooms
7	16.28105	2025	Vervaardiging van gedraaide houten spoelen, cops en klossen voor het spinnen of het weven, klossen voor naaigaren en andere dergelijke artikelen	Fabrication de cannettes, busettes, bobines pour filatures et tissage, bobines pour fil à coudre et articles similaires en bois tourné	Herstellung von aus Holz gedrehten Spulen und Rollen für das Spinnen und Weben, Nähgarnspulen und andere ähnliche Artikel	Manufacture of wooden spools, cops, bobbins, sewing thread reels and similar articles of turned wood
7	16.28106	2025	Vervaardiging van houten schoenleesten, schoenspanners en kleerhangers	Fabrication de formes, embauchoirs et tendeurs pour chaussures, cintres pour vêtements	Herstellung von Schuhleisten, Schuhspannern und Kleiderbügeln aus Holz	Manufacture of wooden boot or shoe lasts and trees, clothes hangers
7	16.28107	2025	Vervaardiging van houten ladders	Fabrication d'échelles en bois	Herstellung von Holzleitern	Manufacture of wooden ladders
7	16.28108	2025	Vervaardiging van houten sierlijsten voor schilderijen	Fabrication de cadres en bois pour tableaux	Herstellung von Holzrahmen für Gemälde	Manufacture of wooden frames for paintings
5	16.282	2025	Vervaardiging van artikelen van kurk, riet of vlechtwerk	Fabrication d'objets en liège, vannerie et sparterie	Herstellung von sonstigen Holz-, Kork-, Flecht- und Korbwaren	Manufacture of products of cork, straw and plaiting materials
7	16.28201	2025	Vervaardiging van natuurkurk	Travail du liège naturel	Verarbeitung von Naturkork	Procession of natural cork
7	16.28202	2025	Vervaardiging van vlechten en artikelen van vlechtstoffen : Chinamatten, grove stromatten, horden, enz.	Fabrication de tresses et d'articles de sparterie : nattes, paillassons, claies, etc.	Herstellung von Geflechten und Waren aus Flechtstoffen:  Rattanmatten, Strohmatten, Reisigmatten usw	Manufacture of plaits and products of plaiting materials: mats, matting, screens, etc.
2	17     	2025	Vervaardiging van papier en papierwaren	Industrie du papier et du carton	Herstellung von Papier, Pappe und Waren daraus	Manufacture of paper and paper products
3	17.1	2025	Vervaardiging van papierpulp, papier en karton	Fabrication de pâte à papier, de papier et de carton	Herstellung von Holz- und Zellstoff, Papier, Karton und Pappe	Manufacture of pulp, paper and paperboard
4	17.11	2025	Vervaardiging van papierpulp	Fabrication de pâte à papier	Herstellung von Holz- und Zellstoff	Manufacture of pulp
5	17.110	2025	Vervaardiging van papierpulp	Fabrication de pâte à papier	Herstellung von Holz- und Zellstoff	Manufacture of pulp
4	17.12	2025	Vervaardiging van papier en karton	Fabrication de papier et de carton	Herstellung von Papier, Karton und Pappe	Manufacture of paper and paperboard
5	17.120	2025	Vervaardiging van papier en karton	Fabrication de papier et de carton	Herstellung von Papier, Karton und Pappe	Manufacture of paper and paperboard
7	17.12001	2025	Strijken, voorzien van een deklaag of impregneren van papier	Couchage, enduction et imprégnation des papiers	Streichen, Beschichten oder Imprägnieren von Papier	Coating and impregnation of paper
7	17.12002	2025	Vervaardiging van krantenpapier en van ander druk- of schrijfpapier	Fabrication de papier journal et de papier pour l'impression ou l'écriture	Herstellung von Zeitungspapier, Druckpapier oder Schriftpapier	Manufacture of paper for newspaper and paper for printing and writing
7	17.12003	2025	Vervaardiging van fantasiepapier en ander speciaal papier	Fabrication de papiers de fantaisie et d'autres papiers spéciaux	Herstellung von Phantasiepapieren und sonstigen speziellen Papieren	Manufacture of fancy paper and other special papers
7	17.12004	2025	Strijken, voorzien van een deklaag of impregneren van karton	Couchage, enduction et imprégnation des cartons	Streichen, Beschichten oder Imprägnieren von Pappe	Coating or impregnation of cardboard
3	17.2	2025	Vervaardiging van artikelen van papier of karton	Fabrication d’articles en papier ou en carton	Herstellung von Waren aus Papier, Karton und Pappe	Manufacture of articles of paper and paperboard
4	17.21	2025	Vervaardiging van gegolfd papier, golfkarton en verpakkingsmateriaal van papier en karton	Fabrication de papier et carton ondulés et d’emballages en papier ou en carton	Herstellung von Wellpapier und -pappe sowie von Verpackungsmitteln aus Papier, Karton und Pappe	Manufacture of corrugated paper, paperboard and containers of paper and paperboard
5	17.210	2025	Vervaardiging van gegolfd papier, golfkarton en verpakkingsmateriaal van papier en karton	Fabrication de papier et carton ondulés et d’emballages en papier ou en carton	Herstellung von Wellpapier und -pappe sowie von Verpackungsmitteln aus Papier, Karton und Pappe	Manufacture of corrugated paper, paperboard and containers of paper and paperboard
7	17.21001	2025	Vervaardiging van gegolfd papier en golfkarton	Fabrication de papiers et de cartons ondulés	Herstellung von Wellpapier und -pappe	Manufacture of corrugated paper and cardboard
7	17.21002	2025	Vervaardiging van verpakkingsmateriaal van gegolfd papier of golfkarton	Fabrication d'emballages en papiers ou en cartons ondulés	Herstellung von Verpackungsmaterial aus Wellpapier oder -pappe	Manufacture of packaging of corrugated paper or cardboard
7	17.21003	2025	Vervaardiging van vouwdozen	Fabrication de cartonnages pliants	Herstellung von Faltschachteln	Manufacture of folding cartons
7	17.21004	2025	Vervaardiging van ander papieren of kartonnen verpakkingsmateriaal	Fabrication d'autres emballages en papier ou en carton	Herstellung von sonstigem Verpackungsmaterial aus Papier oder Pappe	Manufacture of other packaging of paper or cardboard
4	17.22	2025	Vervaardiging van huishoudelijke en sanitaire papierwaren	Fabrication d’articles en papier à usage sanitaire ou domestique	Herstellung von Haushalts-, Hygiene- und Toilettenartikeln aus Zellstoff, Papier und Pappe	Manufacture of household and sanitary goods and of toilet requisites
5	17.220	2025	Vervaardiging van huishoudelijke en sanitaire papierwaren	Fabrication d’articles en papier à usage sanitaire ou domestique	Herstellung von Haushalts-, Hygiene- und Toilettenartikeln aus Zellstoff, Papier und Pappe	Manufacture of household and sanitary goods and of toilet requisites
4	17.23	2025	Vervaardiging van kantoorbenodigdheden van papier	Fabrication d’articles de papeterie	Herstellung von Schreibwaren und Bürobedarf aus Papier, Karton und Pappe	Manufacture of paper stationery
5	17.230	2025	Vervaardiging van kantoorbenodigdheden van papier	Fabrication d’articles de papeterie	Herstellung von Schreibwaren und Bürobedarf aus Papier, Karton und Pappe	Manufacture of paper stationery
7	17.23001	2025	Vervaardiging van enveloppen en postkaarten	Fabrication d'enveloppes et de cartes-lettres	Herstellung von Umschlägen und Postkarten	Manufacture of envelopes and letter cards
4	17.24	2025	Vervaardiging van behangpapier	Fabrication de papiers peints	Herstellung von Tapeten	Manufacture of wallpaper
5	17.240	2025	Vervaardiging van behangpapier	Fabrication de papiers peints	Herstellung von Tapeten	Manufacture of wallpaper
4	17.25	2025	Vervaardiging van andere artikelen van papier of karton	Fabrication d’autres articles en papier ou en carton	Herstellung von sonstigen Waren aus Papier, Karton und Pappe	Manufacture of other articles of paper and paperboard
5	17.250	2025	Vervaardiging van andere artikelen van papier of karton	Fabrication d’autres articles en papier ou en carton	Herstellung von sonstigen Waren aus Papier, Karton und Pappe	Manufacture of other articles of paper and paperboard
7	17.25001	2025	Vervaardiging van etiketten	Fabrication d'étiquettes	Herstellung von Etiketten	Manufacture of labels
2	18     	2025	Activiteiten op het gebied van drukwerk en reproductie van opgenomen media	Imprimerie et reproduction d’enregistrements	Herstellung von Druckerzeugnissen; Vervielfältigung von bespielten Ton-, Bild- und Datenträgern	Printing and reproduction of recorded media
3	18.1	2025	Activiteiten op het gebied van drukwerk en gerelateerde dienstverlening	Imprimerie et services annexes	Herstellung von Druckerzeugnissen	Printing and service activities related to printing
4	18.11	2025	Drukken van dagbladen	Imprimerie de journaux	Drucken von Zeitungen	Printing of newspapers
5	18.110	2025	Drukken van dagbladen	Imprimerie de journaux	Drucken von Zeitungen	Printing of newspapers
7	18.11001	2025	Drukkerijen van kranten, inclusief reclamebladen	Impression de journaux, y compris les journaux publicitaires	Drucken von Zeitungen, einschließlich der Werbung Zeitungen	Printing of newspapers, including advertising newspapers
4	18.12	2025	Overige activiteiten op het gebied van drukwerk	Autres activités d’imprimerie	Sonstiges Drucken	Other printing
5	18.120	2025	Overige activiteiten op het gebied van drukwerk	Autres activités d’imprimerie	Sonstiges Drucken	Other printing
7	18.12001	2025	Drukken van tijdschriften, andere periodieken, boeken, enz. dmv offset, fotogravure, flexografie, zeefdruk, duplicators, computerprinters, printinstallaties, foto- of thermokopieerapparaten, enz.	Impression de magazines, autres périodiques, livres , etc. sur des presses typograph, offset, héliogravure, flexograph, sérigraph etc., imprimantes électron, app de reproduction, appde gaufrage	Erstellen von Zeitschriften u ä Veröffentlichungen, Büchern usw im Offset-, Fotogravur-, Flexo-, Siebdruck-Verfahren u auf Vervielfältigungsmachinen, Computerdruckern, Fotokopier- oder Thermokopie	Printing of magazines, other periodicals, books, etc. on typographical presses, offset, gravure, flexography, screen printing, etc., electronic printers, copy application, etc.hing application
4	18.13	2025	Prepress- en premediadiensten	Activités de pré-presse	Druck- und Medienvorstufe	Pre-press and pre-media services
5	18.130	2025	Prepress- en premediadiensten	Activités de pré-presse	Druck- und Medienvorstufe	Pre-press and pre-media services
7	18.13001	2025	Zetten van tekst en beeld op film, fotografisch of normaal papier	Composition, par exemple de textes et d'images, sur film, sur papier photographique ou papier normal	Setzen von Texten und Bildern auf Filmträger, Foto- oder Normalpapier	Composition of texts and images on film, on photographic paper or plain paper
7	18.13002	2025	Reproductie : productie van boekdrukvormen, offsetproductie- en offsetdrukplaten, diepdrukreproducties en diepdrukcilinders	Reproduction : production de formes typographiques, reproduction offset et plaques d'impression, reproduction et cylindres d'héliogravure	Reproduktion: Erstellung von Buchdruckvormen, Offsetdrukplatten, Tiefdruckreproduktionen und Tiefdruckzylindern	Reproduction: production typographical forms, offset print reproduction and printing plates, rotogravure cylinders and reproduction
7	18.13003	2025	Gereedmaken en vervaardigen van bladen voor overheadprojectie (retroprojectie), tekeningen, layouts, dummies, enz.	Préparation et la production de transparents pour rétroprojecteurs, ébauches, maquettes, etc.	Vorbereiten und Erstellen von Folien für Overhead-Projektoren (Rückprojektion), Zeichnungen, Layouts, Probebändern usw	Preparation and production of slides for overhead projectors, sketches, models, etc.
7	18.13004	2025	Bewerking van digitale gegevens : verrijking, selectie en koppeling van digitale gegevens op gegevensdragers	Préparation de données digitales : l'enrichissement, la sélection, la liaison de données digitales stockées dans des appareils de traitement électronique de données	Bearbeitung von Digitaldaten: die Anreicherung, Auswahl und Verknüpfung von Digitaldaten auf Datenträgern	Preparation of digital data: enrichment, selection, link of digital data stored in electronic data processing equipment
7	18.13005	2025	Overige grafische activiteiten	Autres activités graphiques	Andere grafische Aktivitäten	Other graphic activities
4	18.14	2025	Activiteiten van binderijen en aanverwante diensten	Reliure et activités connexes	Binden von Druckerzeugnissen und damit verbundene Dienstleistungen	Binding and related services
5	18.140	2025	Activiteiten van binderijen en aanverwante diensten	Reliure et activités connexes	Binden von Druckerzeugnissen und damit verbundene Dienstleistungen	Binding and related services
7	18.14001	2025	Vouwen, vergaren, naaien, garenloos binden, lijmen, snijden, brocheren en goudstempelen van bedrukte vellen voor boeken, brochures, tijdschriften, catalogi, enz.	Pliage, assemblage, agrafage, reliure, collage, massicotage, dorage de feuillets imprimés à insérer dans des livres, brochures, périodiques, catalogues, etc.	Pfalzen, Zusammenfügen, Nähen, Klebebinden, Kleben, Schneiden, Heften und Vergolden von bedruckten Einlegblättern für Bücher, Broschüren, Zeitschriften, Kataloge usw	Folding, assembling, stapling, binding, gluing, guillotining, gold plating of printed sheets to be inserted in books, leaflets, periodicals, catalogues, etc.
7	18.14002	2025	Vouwen, stempelen, ponsen, perforeren, pregen, lijmen en lamineren van bedrukt papier of karton voor om handelsformulieren, staalkaarten, labels, kalenders, reclamemateriaal, enz.	Pliage, timbrage, perçage, perforage, gaufrage, collage, pelliculage de papiers et cartons imprimés pour ea formulaires commerciaux, présentoirs, cartes à échantillons, étiquettes, calendriers, etc.	Pfalzen, Stempeln, Lochen von bedruktem Papier oder Pappe für ua Geschäftsformulare, Musterkarten, Etiketten, Kalender, Werbeträger usw	Folding, stamping, drilling, perforating, embossing, gluing, laminating of paper and printed cartons for among others  business forms, displays, samples cards, labels, calendars, etc.
3	18.2	2025	Reproductie van opgenomen media	Reproduction d’enregistrements	Vervielfältigung von bespielten Ton-, Bild- und Datenträgern	Reproduction of recorded media
4	18.20	2025	Reproductie van opgenomen media	Reproduction d’enregistrements	Vervielfältigung von bespielten Ton-, Bild- und Datenträgern	Reproduction of recorded media
5	18.200	2025	Reproductie van opgenomen media	Reproduction d’enregistrements	Vervielfältigung von bespielten Ton-, Bild- und Datenträgern	Reproduction of recorded media
7	18.20001	2025	Reproductie vanaf een origineel van grammofoonplaten, compactdiscs, banden en cassettes met muziek- of andere geluidsopnamen	Reproduction, à partir d'une matrice, de disques, de disques compacts, de bandes et de cassettes contenant de la musique ou d'autres enregistrements sonores	Vervielfältigung von originalen Schallplatten, Compact-Discs, Tonbändern und Kassetten mit Musik- oder anderen Tonaufnahmen	Reproduction from a matrix of discs, compact discs, tapes and cassettes containing music or other sound recordings
7	18.20002	2025	Reproductie vanaf een origineel van beeldplaten, compactdiscs, banden en cassettes met films en andere video-opnamen	Reproduction, à partir d'une matrice, de disques, de disques compacts, de bandes et de cassettes contenant des films ou d'autres enregistrements vidéo	Vervielfältigung von originalen Bildträgern, Compact-Discs, Bändern und Kassetten mit Film- oder anderen Videoaufnahmen	Reproduction from a matrix of discs, compact discs, tapes and cassettes containing movies and other video recordings
7	18.20003	2025	Reproductie vanaf een origineel van programmatuur en gegevens op schijven, compactdiscs, banden of cassettes	Reproduction, à partir d'une matrice, de logiciels et de données informatiques sur disques, disquettes, disques compacts, bandes ou cassettes	Vervielfältigung von Original-Programmen und Daten auf Datenscheiben, Compact-Discs, Bänder und Kassetten	Reproduction from a matrix of software and data on discs, floppy disks, compact discs, tapes or cassettes
2	19     	2025	Vervaardiging van cokes en van geraffineerde aardolieproducten	Cokéfaction et raffinage	Kokerei und Mineralölverarbeitung	Manufacture of coke and refined petroleum products
3	19.1	2025	Vervaardiging van cokesovenproducten	Cokéfaction	Kokerei	Manufacture of coke oven products
4	19.10	2025	Vervaardiging van cokesovenproducten	Cokéfaction	Kokerei	Manufacture of coke oven products
5	19.100	2025	Vervaardiging van cokesovenproducten	Cokéfaction	Kokerei	Manufacture of coke oven products
3	19.2	2025	Vervaardiging van geraffineerde aardolieproducten en van producten uit fossiele brandstoffen	Raffinage du pétrole et fabrication de produits à base de combustibles fossiles	Herstellung von Mineralölerzeugnissen und von fossilen Brennstoffen	Manufacture of refined petroleum products and fossil fuel products
4	19.20	2025	Vervaardiging van geraffineerde aardolieproducten en van producten uit fossiele brandstoffen	Raffinage du pétrole et fabrication de produits à base de combustibles fossiles	Herstellung von Mineralölerzeugnissen und von fossilen Brennstoffen	Manufacture of refined petroleum products and fossil fuel products
5	19.200	2025	Vervaardiging van geraffineerde aardolieproducten en van producten uit fossiele brandstoffen	Raffinage du pétrole et fabrication de produits à base de combustibles fossiles	Herstellung von Mineralölerzeugnissen und von fossilen Brennstoffen	Manufacture of refined petroleum products and fossil fuel products
7	19.20001	2025	Productie van motorbrandstoffen : benzine, kerosine enz.	Production de carburants pour moteurs : essence, kérosène, etc.	Herstellung von Motorkraftstoffen: Benzin, Kerosin usw	Production of motor fuel: gasoline, kerosene, etc.
2	20     	2025	Vervaardiging van chemische producten	Industrie chimique	Herstellung von chemischen Erzeugnissen	Manufacture of chemicals and chemical products
3	20.1	2025	Vervaardiging van chemische basisproducten, kunstmeststoffen en stikstofverbindingen en van kunststoffen en synthetische rubber in primaire vormen	Fabrication de produits chimiques de base, de produits azotés et d’engrais, de matières plastiques de base et de caoutchouc synthétique	Herstellung von chemischen Grundstoffen, Düngemitteln und Stickstoffverbindungen, Kunststoffen in Primärformen und synthetischem Kautschuk in Primärformen	Manufacture of basic chemicals, fertilisers and nitrogen compounds, plastics and synthetic rubber in primary forms
4	20.11	2025	Vervaardiging van industriële gassen	Fabrication de gaz industriels	Herstellung von Industriegasen	Manufacture of industrial gases
5	20.110	2025	Vervaardiging van industriële gassen	Fabrication de gaz industriels	Herstellung von Industriegasen	Manufacture of industrial gases
7	20.11001	2025	Vervaardiging van elementaire gassen	Fabrication de gaz élémentaires	Herstellung von Elemantargasen	Manufacture of elemental gases
7	20.11002	2025	Vervaardiging van mengsels van industriële gassen	Fabrication de gaz industriels mélangés	Herstellung von industriellen Gasgemischen	Manufacture of mixed industrial gases
4	20.12	2025	Vervaardiging van kleurstoffen en pigmenten	Fabrication de colorants et de pigments	Herstellung von Farbstoffen und Pigmenten	Manufacture of dyes and pigments
5	20.120	2025	Vervaardiging van kleurstoffen en pigmenten	Fabrication de colorants et de pigments	Herstellung von Farbstoffen und Pigmenten	Manufacture of dyes and pigments
7	20.12001	2025	Vervaardiging van kleurstoffen en pigmenten, ongeacht de oorsprong, als basisstof of als concentraat daarvan	Fabrication, sous forme fondamentale ou concentrée, de colorants et de pigments, quelle que soit l'origine	Herstellung von Farbstoffen und Pigmenten als Basisstoff oder Konzentrat, ungeachtet deren Ursprungs	Manufacturing, under basic or concentrated form, of dyes and pigments, whatever the origin
4	20.13	2025	Vervaardiging van andere anorganische chemische basisproducten	Fabrication d’autres produits chimiques inorganiques de base	Herstellung von sonstigen anorganischen Grundstoffen und Chemikalien	Manufacture of other inorganic basic chemicals
5	20.130	2025	Vervaardiging van andere anorganische chemische basisproducten	Fabrication d’autres produits chimiques inorganiques de base	Herstellung von sonstigen anorganischen Grundstoffen und Chemikalien	Manufacture of other inorganic basic chemicals
7	20.13001	2025	Vervaardiging van chemische elementen met uitzondering van metalen, industriële elementaire gassen en door kernbrandstoffenindustrie geproduceerde elementen	Fabrication d'éléments chimiques, à l'exclusion des métaux, des gaz élémentaires d'origine industrielle et des éléments radioactifs issus de l'industrie des combustibles nucléaires	Herstellung von chemischen Stoffen mit Ausnahme von Metallen, Elementargasen aus der Industrie oder Produkten der Kernbrennstoffindustrie	Manufacture of chemical elements, excluding metals, elemental gases of industrial origin and radioactive elements from the nuclear fuel industry
7	20.13002	2025	Vervaardiging van alkaliën, logen en andere anorganische basen met uitzondering van ammoniak	Fabrication d'alcalis, de lessives et d'autres bases inorganiques, à l'exclusion de l'ammoniac	Herstellung von Laugen und anderen anorganischen Basen mit Ausnahme von Ammoniak	Manufacture of alkali, lyes and other inorganic bases, excluding ammonia
7	20.13003	2025	Vervaardiging van anorganische metaalzouten	Fabrication de sels métalliques inorganiques	Herstellung von anorganischen Metallsalzen	Manufacture of inorganic metal salts
7	20.13004	2025	Roosten van ijzerkies	Grillage de la pyrite de fer	Rösten von Eisenpyrit	Roasting of iron pyrites
4	20.14	2025	Vervaardiging van andere organische chemische basisproducten	Fabrication d’autres produits chimiques organiques de base	Herstellung von sonstigen organischen Grundstoffen und Chemikalien	Manufacture of other organic basic chemicals
5	20.140	2025	Vervaardiging van andere organische chemische basisproducten	Fabrication d’autres produits chimiques organiques de base	Herstellung von sonstigen organischen Grundstoffen und Chemikalien	Manufacture of other organic basic chemicals
7	20.14001	2025	Vervaardiging van verzadigde en onverzadigde cyclische en acyclische koolwaterstoffen	Fabrication de hydrocarbures cycliques et acycliques, saturés ou non saturés	Herstellung von gestättigten und ungesättigten zyklischen und azyklischen Kohlenwasserstoffen	Manufacture of cyclic and acyclic hydrocarbons, saturated or unsaturated
7	20.14002	2025	Distillatie van koolteer	Distillation des goudrons de houille	Destillieren von Kohlenteer	Distillation of coal tar
4	20.15	2025	Vervaardiging van kunstmeststoffen en stikstofverbindingen	Fabrication de produits azotés et d’engrais	Herstellung von Düngemitteln und Stickstoffverbindungen	Manufacture of fertilisers and nitrogen compounds
5	20.150	2025	Vervaardiging van kunstmeststoffen en stikstofverbindingen	Fabrication de produits azotés et d’engrais	Herstellung von Düngemitteln und Stickstoffverbindungen	Manufacture of fertilisers and nitrogen compounds
7	20.15001	2025	Vervaardiging van meststoffen : enkelvoudige of complexe stikstofhoudende, fosfaat- of kalimeststoffen(potashoudende meststoffen); ureum, ruwe natuurlijke fosfaten en ruwe natuurlijke kalizouten	Fabrication d'engrais: engrais azotés, phosphatés ou potassiques, simples ou complexes; urée, phosphates naturels bruts et sels de potassium naturels bruts	Herstellung von Düngemitteln: einfache oder komplexe stickstoffhaltige Phosphat- oder Kalidünger (kalihaltige Düngemittel); Harnstoff, natürliche rohe Phosphate und natürliche rohe Kalisalze	Manufacture of fertilizers: nitrogen, phosphate or potash, simple or complex; urea, crude natural phosphates and crude natural potassium salts
4	20.16	2025	Vervaardiging van kunststoffen in primaire vormen	Fabrication de matières plastiques de base	Herstellung von Kunststoffen in Primärformen	Manufacture of plastics in primary forms
5	20.160	2025	Vervaardiging van kunststoffen in primaire vormen	Fabrication de matières plastiques de base	Herstellung von Kunststoffen in Primärformen	Manufacture of plastics in primary forms
7	20.16001	2025	Vervaardiging van polymeren, inclusief die van ethyleen, propyleen, styreen, vinylchloride, vinylacetaat en acryl	Fabrication des polymères, y compris les polymères acryliques et les polymères d'éthylène, de propylène, de styrène, de chlorure de vinyle, d'acétate de vinyle	Herstellung von Polymeren, einschließlich Aethylen-, Propylen-, Styrol-, Vinylchlorid-, Vinylacetat- und Acryl-Polymere	Manufacture of polymers, including acrylic polymers and polymers of ethylene, propylene, styrene, vinyl chloride, vinyl acetate
4	20.17	2025	Vervaardiging van synthetische rubber in primaire vormen	Fabrication de caoutchouc synthétique	Herstellung von synthetischem Kautschuk in Primärformen	Manufacture of synthetic rubber in primary forms
5	20.170	2025	Vervaardiging van synthetische rubber in primaire vormen	Fabrication de caoutchouc synthétique	Herstellung von synthetischem Kautschuk in Primärformen	Manufacture of synthetic rubber in primary forms
7	20.17001	2025	Vervaardiging van synthetisch rubber in primaire vormen - synthetisch rubber - factis	Fabrication de caoutchouc synthétique sous formes primaires - caoutchouc factice - caoutchouc synthétique	Herstellung von synthetischem Kautschuk in Primärformen  synthetischer Gummi - Faktis	Manufacture of synthetic rubber in primary forms - artificial rubber - synthetic rubber
3	20.2	2025	Vervaardiging van verdelgingsmiddelen, ontsmettingsmiddelen en andere chemische producten voor de landbouw	Fabrication de pesticides, de désinfectants et d’autres produits agrochimiques	Herstellung von Schädlingsbekämpfungs-, Pflanzenschutz- und Desinfektionsmitteln	Manufacture of pesticides, disinfectants and other agrochemical products
4	20.20	2025	Vervaardiging van verdelgingsmiddelen, ontsmettingsmiddelen en andere chemische producten voor de landbouw	Fabrication de pesticides, de désinfectants et d’autres produits agrochimiques	Herstellung von Schädlingsbekämpfungs-, Pflanzenschutz- und Desinfektionsmitteln	Manufacture of pesticides, disinfectants and other agrochemical products
5	20.200	2025	Vervaardiging van verdelgingsmiddelen, ontsmettingsmiddelen en andere chemische producten voor de landbouw	Fabrication de pesticides, de désinfectants et d’autres produits agrochimiques	Herstellung von Schädlingsbekämpfungs-, Pflanzenschutz- und Desinfektionsmitteln	Manufacture of pesticides, disinfectants and other agrochemical products
3	20.3	2025	Vervaardiging van verf, vernis ed, drukinkt en mastiek	Fabrication de peintures, vernis, encres et mastics	Herstellung von Anstrichmitteln, Druckfarben und Kitten	Manufacture of paints, varnishes and similar coatings, printing ink and mastics
4	20.30	2025	Vervaardiging van verf, vernis ed, drukinkt en mastiek	Fabrication de peintures, vernis, encres et mastics	Herstellung von Anstrichmitteln, Druckfarben und Kitten	Manufacture of paints, varnishes and similar coatings, printing ink and mastics
5	20.300	2025	Vervaardiging van verf, vernis ed, drukinkt en mastiek	Fabrication de peintures, vernis, encres et mastics	Herstellung von Anstrichmitteln, Druckfarben und Kitten	Manufacture of paints, varnishes and similar coatings, printing ink and mastics
7	20.30001	2025	Vervaardiging van verf en vernis	Fabrication de peintures et de vernis	Herstellung von Farben und Lacken	Manufacture of paints and varnishes
7	20.30002	2025	Vervaardiging van bereide pigmenten, opacifieermiddelen en verfstoffen	Fabrication de pigments, d'opacifiants et de couleurs préparés	Herstellung von zubereiteten Pigmenten, Trübungsmitteln und Farbstoffen	Manufacture of prepared pigments, opacifiers and colours
7	20.30003	2025	Vervaardiging van verglaasbare samenstellingen, engobes (slips), enz.	Fabrication de compositions vitrifiables, d'engobes, etc.	Herstellung von verglasbaren Gemischen, Engoben usw	Manufacture of vitrifiable enamels and glazes and engobes, etc. 
3	20.4	2025	Vervaardiging van was-, poets- en reinigingsmiddelen	Fabrication de savons et de produits d’entretien	Herstellung von Wasch-, Reinigungs- und Poliermitteln	Manufacture of washing, cleaning and polishing preparations
4	20.41	2025	Vervaardiging van zeep en wasmiddelen, poets- en reinigingsmiddelen	Fabrication de savons, détergents et produits d’entretien	Herstellung von Seifen, Wasch-, Reinigungs- und Poliermitteln	Manufacture of soap and detergents, cleaning and polishing preparations
5	20.411	2025	Vervaardiging van zeep en wasmiddelen	Fabrication de savons et de détergents	Herstellung von Seifen und Waschmitteln	Manufacture of soap and detergents
5	20.412	2025	Vervaardiging van poets- en reinigingsmiddelen	Fabrication de  produits d'entretien et de nettoyage	Herstellung von Reinigungs- und Poliermitteln	Manufacture of cleaning and polishing preparations
7	20.41201	2025	Vervaardiging van preparaten voor het parfumeren van lokalen of voor het neutraliseren van geuren	Fabrication de préparations pour parfumer ou désodoriser les locaux	Herstellung von Präparaten zum Parfümieren von Räumen oder zur Geruchsneutralisierung	Manufacture of preparations for perfuming or deodorising rooms
7	20.41202	2025	Vervaardiging van kunstwas en bereide was	Fabrication de cires artificielles ou cires préparées	Herstellung von Kunstwachsen oder zubereiteten Wachsen	Manufacture of artificial or prepared waxes
4	20.42	2025	Vervaardiging van parfums en toiletartikelen	Fabrication de parfums et de produits pour la toilette	Herstellung von Körperpflegemitteln und Duftstoffen	Manufacture of perfume and toilet preparations
5	20.420	2025	Vervaardiging van parfums en toiletartikelen	Fabrication de parfums et de produits pour la toilette	Herstellung von Körperpflegemitteln und Duftstoffen	Manufacture of perfume and toilet preparations
7	20.42001	2025	Vervaardiging van parfums en reuk- en toiletwater	Fabrication de parfums et eaux de toilette	Herstellung von Parfüms und Duftwassern	Manufacture of perfumes and toilet waters
7	20.42002	2025	Vervaardiging van schoonheidsmiddelen en huidverzorgingsproducten	Fabrication de produits de beauté ou de maquillage	Herstellung von Schönheitsmitteln und Hautpflegeprodukten	Manufacture of beauty and make-up products
7	20.42003	2025	Vervaardiging van manicure - en pedicureproducten	Fabrication de préparations pour manucures et pédicures	Herstellung von Maniküre- und Pediküreprodukten	Manufacture of manicure and pedicure preparations
7	20.42004	2025	Vervaardiging van shampoo, haarlak, permanentpreparaten en  haarontkrullingspreparaten	Fabrication de shampoings, laques pour cheveux, préparations pour l'ondulation et le défrisage des cheveux	Herstellung von Shampoos, Haarlack, Dauerwellen- und Haarglättungspräparaten	Manufacture of shampoos, hair sprays, preparations for waving and straightening hair
7	20.42005	2025	Vervaardiging van ontharingsmiddelen	Fabrication de dépilatoires	Herstellung von Enthaarungsmitteln	Manufacture of depilatories
3	20.5	2025	Vervaardiging van andere chemische producten	Fabrication d’autres produits chimiques	Herstellung von sonstigen chemischen Erzeugnissen	Manufacture of other chemical products
4	20.51	2025	Vervaardiging van vloeibare biobrandstoffen	Fabrication de biocarburants liquides	Herstellung von flüssigen Biokraftstoffen	Manufacture of liquid biofuels
5	20.510	2025	Vervaardiging van vloeibare biobrandstoffen	Fabrication de biocarburants liquides	Herstellung von flüssigen Biokraftstoffen	Manufacture of liquid biofuels
4	20.59	2025	Vervaardiging van andere chemische producten, n.e.g.	Fabrication d’autres produits chimiques n.c.a.	Herstellung von sonstigen chemischen Erzeugnissen a.n.g.	Manufacture of other chemical products n.e.c.
5	20.590	2025	Vervaardiging van andere chemische producten, n.e.g.	Fabrication d’autres produits chimiques n.c.a.	Herstellung von sonstigen chemischen Erzeugnissen a.n.g.	Manufacture of other chemical products n.e.c.
7	20.59001	2025	Vervaardiging van buskruit	Fabrication de poudres propulsives	Herstellung von Sprengpulver	Manufacture of propellants
7	20.59002	2025	Vervaardiging van slaghoedjes, detonators en lichtgranaten	Fabrication d'amorces, de détonateurs et de fusées de signalisation	Herstellung von Zündhütchen, Detonatoren und Leuchtgranaten	Manufacture of primers, detonators and signalling flares
7	20.59003	2025	Vervaardiging van pyrotechnische artikelen	Fabrication d'articles pyrotechniques	Herstellung von pyrotechnischen Erzeugnissen	Manufacture of pyrotechnic products
7	20.59011	2025	Vervaardiging van cementlijm	Fabrication de ciments-colles	Herstellung von Zementklebern	Manufacture of mortars
7	20.59021	2025	Vervaardiging van extracten van natuurlijke aromatische producten	Fabrication d'essences et de produits aromatiques naturels	Herstellung von Extrakten aus natürlichen Aromastoffen	Manufacture of essences and natural aromatic products
7	20.59031	2025	Vervaardiging van fotografische platen en film, lichtgevoelig papier en ander lichtgevoelig, niet-belicht materiaal	Fabrication de plaques et films photographiques, de papiers sensibilisés et d'autres matières sensibilisées non impressionnées	Herstellung von fotographischen Platten und Filmen, lichtempfindlichem Papier und anderem lichtempfindlichen, nicht belichteten Material	Manufacture of photographic plates and films, sensitised paper and other sensitised unexposed materials
7	20.59032	2025	Vervaardiging van chemisch gewijzigde oliën en vetten	Fabrication d'huiles et graisses modifiées par des procédés chimiques	Herstellung von chemisch veränderten Ölen und Fetten	Manufacture of oils and fats modified by chemical processes
7	20.59033	2025	Vervaardiging van speciale smeeroliën op synthetische basis en additieven voor smeerolie	Fabrication d'huiles synthétiques spéciales de graissage et additifs pour huiles lubrifiantes	Herstellung von speziellen synthetischen Schmierölen und Zusätzen für Schmieröle	Manufacture of special synthetic lubricating oils and lubricating oil additives
7	20.59034	2025	Vervaardiging van reageermiddelen van gemengde samenstelling voor diagnose of laboratoriumonderzoek, enz.	Fabrication de réactifs composés de diagnostic ou de laboratoire	Herstellung von gemischten Reagenzien für Diagnosezwecke oder Laborforschung usw	Manufacture of composite diagnostic or laboratory reagents
7	20.59035	2025	Vervaardiging van gelatine en derivaten daarvan	Fabrication de gélatines et de leurs dérivés	Herstellung von Gelatinen und deren Derivaten	Manufacture of gelatins and their derivatives
3	20.6	2025	Vervaardiging van synthetische en kunstmatige vezels	Fabrication de fibres artificielles ou synthétiques	Herstellung von Chemiefasern	Manufacture of man-made fibres
4	20.60	2025	Vervaardiging van synthetische en kunstmatige vezels	Fabrication de fibres artificielles ou synthétiques	Herstellung von Chemiefasern	Manufacture of man-made fibres
5	20.600	2025	Vervaardiging van synthetische en kunstmatige vezels	Fabrication de fibres artificielles ou synthétiques	Herstellung von Chemiefasern	Manufacture of man-made fibres
7	20.60001	2025	Vervaardiging van kabel van synthetische of kunstmatige filamenten	Fabrication de câbles de filaments synthétiques ou artificiels	Herstellung von Kabeln aus synthetischen oder künstlichen Filamenten	Manufacture of man-made filament tow
2	21     	2025	Vervaardiging van farmaceutische grondstoffen en producten	Industrie pharmaceutique	Herstellung von pharmazeutischen Erzeugnissen	Manufacture of basic pharmaceutical products and pharmaceutical preparations
3	21.1	2025	Vervaardiging van farmaceutische grondstoffen	Fabrication de produits pharmaceutiques de base	Herstellung von pharmazeutischen Grundstoffen	Manufacture of basic pharmaceutical products
4	21.10	2025	Vervaardiging van farmaceutische grondstoffen	Fabrication de produits pharmaceutiques de base	Herstellung von pharmazeutischen Grundstoffen	Manufacture of basic pharmaceutical products
5	21.100	2025	Vervaardiging van farmaceutische grondstoffen	Fabrication de produits pharmaceutiques de base	Herstellung von pharmazeutischen Grundstoffen	Manufacture of basic pharmaceutical products
7	21.10001	2025	Onderzoek en op punt stellen van de productie van actief geneeskrachtige substanties, bestemd voor de vervaardiging van geneesmiddelen	Etude, mise au point de la production des principes actifs destinés à la fabrication de médicaments	Forschung und Entwicklung der Produktion von aktiven, für die Herstellung von Arzneimitteln bestimmten Heilsubstanzen	Study, development of the production of active ingredients for drug manufacturing
7	21.10002	2025	Vervaardiging van salicylzuur en o-acetylsalicylzuur	Fabrication des acides salicylique et o-acétylsalicylique	Herstellung von Salicylsäure und O-Acetylsalicylsäure	Production of salicylic and o-acetylsalicylic acid
7	21.10003	2025	Verwerking van bloed	Traitement du sang	Verarbeitung von Blut	Processing of blood
7	21.10004	2025	Verwerking van klieren en vervaardiging van klierextracten, enz.	Transformation de glandes et production d'extraits de glandes, etc.	Verarbeitung von Drüsen und Herstellung von Drüsenauszügen usw	Processing of glands and manufacture of extracts of glands, etc.
3	21.2	2025	Vervaardiging van farmaceutische producten	Fabrication de préparations pharmaceutiques	Herstellung von pharmazeutischen Spezialitäten und sonstigen pharmazeutischen Erzeugnissen	Manufacture of pharmaceutical preparations
4	21.20	2025	Vervaardiging van farmaceutische producten	Fabrication de préparations pharmaceutiques	Herstellung von pharmazeutischen Spezialitäten und sonstigen pharmazeutischen Erzeugnissen	Manufacture of pharmaceutical preparations
5	21.201	2025	Vervaardiging van geneesmiddelen	Fabrication de médicaments	Herstellung von Arzneimitteln	Manufacture of medicaments
7	21.20101	2025	Vervaardiging van overige geneesmiddelen, inclusief homeopathische bereidingen	Fabrication de médicaments divers, y compris les préparations homéopathiques	Herstellung von sonstigen Arzneimitteln, einschließlich von homöopatischen Präparaten	Manufacture of diverse medicaments, including homeopathic preparations
7	21.20102	2025	Vervaardiging van chemische contraceptiven voor uitwendig gebruik en anticonceptionele middelen met hormonale werking	Préparations chimiques contraceptives à usage externe et médicaments contraceptifs à base d'hormones	Chemische Verhütungsmittel für den äußeren Gebrauch und Arzneiverhütungsmittel auf der Grundlage von Hormonen	Manufacture of chemical contraceptive products for external use and hormonal contraceptive medicaments
7	21.20103	2025	Vervaardiging van veterinaire bereidingen	Fabrication de préparations vétérinaires	Herstellung von Veterinärpräparaten	Manufacture of veterinary preparations
5	21.209	2025	Vervaardiging van overige farmaceutische producten	Fabrication d'autres produits pharmaceutiques	Herstellung von sonstigen pharmazeutischen Erzeugnissen	Manufacture of other pharmaceutical products
2	22     	2025	Vervaardiging van producten van rubber of kunststof	Fabrication de produits en caoutchouc et en plastique	Herstellung von Gummi- und Kunststoffwaren	Manufacture of rubber and plastic products
3	22.1	2025	Vervaardiging van producten van rubber	Fabrication de produits en caoutchouc	Herstellung von Gummiwaren	Manufacture of rubber products
4	22.11	2025	Vervaardiging en loopvlakvernieuwing van rubberbanden en vervaardiging van binnenbanden	Fabrication et rechapage de pneus en caoutchouc et fabrication de chambres à air	Herstellung und Runderneuerung von Bereifungen	Manufacture, retreading and rebuilding of rubber tyres and manufacture of tubes
5	22.110	2025	Vervaardiging en loopvlakvernieuwing van rubberbanden en vervaardiging van binnenbanden	Fabrication et rechapage de pneus en caoutchouc et fabrication de chambres à air	Herstellung und Runderneuerung von Bereifungen	Manufacture, retreading and rebuilding of rubber tyres and manufacture of tubes
4	22.12	2025	Vervaardiging van andere producten van rubber	Fabrication d’autres articles en caoutchouc	Herstellung von sonstigen Gummiwaren	Manufacture of other rubber products
5	22.120	2025	Vervaardiging van andere producten van rubber	Fabrication d’autres articles en caoutchouc	Herstellung von sonstigen Gummiwaren	Manufacture of other rubber products
7	22.12001	2025	Vervaardiging van drijfriemen, drijfsnaren en transportbanden van rubber	Fabrication de courroies transporteuses ou de transmission	Herstellung von Treibriemen und Förderbändern aus Gummi	Manufacture of conveyor or transmission belts
7	22.12002	2025	Vervaardiging van kledingsartikelen van rubber waarvan de eventuele delen met een oplosmiddel zijn verkleefd	Fabrication d'articles d'habillement en caoutchouc, non assemblés par couture, mais simplement collés	Herstellung von Gummikleidungsstücken, die nicht genäht, sondern einfach geklebt sind	Manufacture of rubber clothing, not sewn, but simply glued
7	22.12003	2025	Vervaardiging van reparatiemateriaal van rubber	Fabrication de matériaux de réparation en caoutchouc	Herstellung von Reparaturmaterial aus Gummi	Manufacture of rubber repair materials
3	22.2	2025	Vervaardiging van producten van kunststof	Fabrication de produits en plastique	Herstellung von Kunststoffwaren	Manufacture of plastic products
4	22.21	2025	Vervaardiging van platen, vellen, buizen en profielen van kunststof	Fabrication de plaques, feuilles, tubes et profilés en matières plastiques	Herstellung von Platten, Folien, Schläuchen und Profilen aus Kunststoffen	Manufacture of plastic plates, sheets, tubes and profiles
5	22.210	2025	Vervaardiging van platen, vellen, buizen en profielen van kunststof	Fabrication de plaques, feuilles, tubes et profilés en matières plastiques	Herstellung von Platten, Folien, Schläuchen und Profilen aus Kunststoffen	Manufacture of plastic plates, sheets, tubes and profiles
7	22.21001	2025	Vervaardiging van halffabrikaten van kunststof : platen, vellen, blokken, foliën, stroken, strippen, enz.	Fabrication de produits semi-finis en matières plastiques : plaques, feuilles, blocs, pellicules, bandes, lames, etc.	Herstellung von Halbfertigerzeugnissen aus Kunststoff:  Platten, Blätter, Blöcke, Folien, Streifen, Bänder usw	Manufacture of semi-finished plastic products: plates, sheets, blocks, film, foil, strips, etc.
7	22.21002	2025	Vervaardiging van afgewerkte van kunststof : buizen, slangen en hulpstukken voor buisleidingen in kunststof	Fabrication de produits finis en matières plastiques: tubes, tuyaux et accessoires de tuyauterie en plastique	Herstellung von Fertigerzeugnissen aus Kunststoff:  Rohre, Schläuch und Zubehörteile für Rohrleitungen aus Kunststoff	Manufacture of finished plastic products: tubes, plastic pipes and pipe fittings
4	22.22	2025	Vervaardiging van verpakkingsmateriaal van kunststof	Fabrication d’emballages en matières plastiques	Herstellung von Verpackungsmitteln aus Kunststoffen	Manufacture of plastic packing goods
5	22.220	2025	Vervaardiging van verpakkingsmateriaal van kunststof	Fabrication d’emballages en matières plastiques	Herstellung von Verpackungsmitteln aus Kunststoffen	Manufacture of plastic packing goods
4	22.23	2025	Vervaardiging van deuren en vensters van kunststof	Fabrication de portes et fenêtres en matières plastiques	Herstellung von Türen und Fenstern aus Kunststoffen	Manufacture of doors and windows of plastic
5	22.230	2025	Vervaardiging van deuren en vensters van kunststof	Fabrication de portes et fenêtres en matières plastiques	Herstellung von Türen und Fenstern aus Kunststoffen	Manufacture of doors and windows of plastic
7	22.23001	2025	Vervaardiging van deuren, ramen, kozijnen, luiken, jaloeziën, plinten, staaflijsten, enz., uit kunststof	Fabrication de portes et fenêtres avec cadres et chambranles, volets, stores, plinthes, moulures, etc.	Herstellung von Türen, Fenstern, Rahmen, Fensterläden, Jalousien, Abdeckleisten, Profilen usw aus Kunststoff	Manufacture of doors and windows and their frames, shutters, blinds, baseboards, mouldings, etc.
4	22.24	2025	Vervaardiging van kunststofartikelen voor de bouw	Fabrication d’éléments en matières plastiques pour la construction	Herstellung von Baubedarfsartikeln aus Kunststoffen	Manufacture of builders’ ware of plastic
5	22.240	2025	Vervaardiging van kunststofartikelen voor de bouw	Fabrication d’éléments en matières plastiques pour la construction	Herstellung von Baubedarfsartikeln aus Kunststoffen	Manufacture of builders’ ware of plastic
7	22.24001	2025	Vervaardiging van tanks en reservoirs in kunststof	Fabrication de cuves, foudres et réservoirs	Herstellung von Tanks und Behältern aus Kunststoff	Manufacture of vats, tanks and reservoirs
7	22.24002	2025	Vervaardiging van al dan niet isolerende vloer-, wandof plafondbedekking van kunststof, op rollen of in de vorm van tegels, platen, enz.	Fabrication de revêtements de sols, de murs et de plafonds isolants ou non, sous forme de rouleaux, de dalles, de carreaux, etc.	Herstellung von isolierenden oder nicht isolierenden Boden-, Wand- oder Deckenbelägen aus Kunststoff, in Rollen oder in Form von Fliesen, Platten usw	Manufacture of floor, wall and ceiling coverings, insulating or not, in rolls, slabs, tiles, etc.
7	22.24003	2025	Vervaardiging van sanitaire artikelen van kunststof : badkuipen, douches, wasbakken, closetpotten, spoelbakken, enz.	Fabrication d'articles en matières plastiques pour usages sanitaires ou hygiéniques: baignoires, douches, lavabos, bidets, cuvettes d'aisance, réservoirs de chasse, etc.	Herstellung von Sanitärartikeln aus Kunststoff:  Badewannen, Duschbecken, Waschbecken, Toilettenbecken, Spülbecken usw	Manufacture of plastic products for sanitary ware: bathtubs, showers, sinks, bidets, water closet bowls, flush tanks, etc.
7	22.24004	2025	Vervaardiging van linoleum en andere harde vloerbedekkingen van kunststof	Fabrication de linoléum et de revêtements de sol rigides en matières plastiques 	Herstellung von Linoleum- und Hartkunststoff-Bodenbelägen	Manufacture of linoleum and rigid plastic floor coverings
4	22.25	2025	Verwerking en afwerking van kunststofproducten	Façonnage et finition de produits en matières plastiques	Bearbeitung und Veredlung von Kunststoffwaren	Processing and finishing of plastic products
5	22.250	2025	Verwerking en afwerking van kunststofproducten	Façonnage et finition de produits en matières plastiques	Bearbeitung und Veredlung von Kunststoffwaren	Processing and finishing of plastic products
4	22.26	2025	Vervaardiging van andere producten van kunststof	Fabrication d’autres articles en matières plastiques	Herstellung von sonstigen Kunststoffwaren	Manufacture of other plastic products
5	22.260	2025	Vervaardiging van andere producten van kunststof	Fabrication d’autres articles en matières plastiques	Herstellung von sonstigen Kunststoffwaren	Manufacture of other plastic products
7	22.26001	2025	Vervaardiging van overige artikelen van kunststof : hoofddeksels, isolerende werkstukken, delen van verlichtingstoestellen , kantoor- en schoolbenodigdheden, kledingartikelen (alleen gelijmd), enz.	Fabrication de produits divers en matières plastiques: coiffures, pièces isolantes, parties d'appareils d'éclairage, fournit de bureau et scolaires, articles d'habillement (simplement collés), etc.	Herstellung von sonstigen Artikeln aus Kunststoff:  Kopfbedeckungen, Isolationsteile, Zubehör für Beleuchtungsgeräte, Büro- und Schulbedarf, Bekleidungsartikel (nur geklebt) usw	Manufacture of various plastic products: headgear, insulating fittings, parts of lighting devices, office and school supplies, clothing (if only glued), etc.
7	22.26002	2025	Vervaardiging van artikelen van kunststof (inclusief composietmateriaal) voor technisch gebruik, volgens bestek en voor rekening van derden	Fabrication d'articles en matières plastiques (y compris les matériaux composites) pour usages techniques, sur devis et pour compte de tiers	Herstellung von Artikeln aus Kunststoff (einschließlich Verbundwerkstoffe) für technische Anwendungen, auf der Grundlage eines Kostenvoranschlags für Rechnung Dritter	Manufacture of plastic products (including composite materials) for industrial use, on quotation and for third parties
7	22.26003	2025	Vervaardiging voor rekening van derden van kunststoffen speelgoedonderdelen	Fabrication pour compte de tiers de parties de jouets en matières plastiques	Herstellung von Spielzeugteilen aus Kunststoff für Rechnung Dritter	Manufacture for third parties of parts of plastic toys
2	23     	2025	Vervaardiging van andere niet-metaalhoudende minerale producten	Fabrication d’autres produits minéraux non métalliques	Herstellung von Glas und Glaswaren, Keramik, Verarbeitung von Steinen und Erden	Manufacture of other non-metallic mineral products
3	23.1	2025	Vervaardiging van glas en glaswerk	Fabrication de verre et d’articles en verre	Herstellung von Glas und Glaswaren	Manufacture of glass and glass products
4	23.11	2025	Vervaardiging van vlakglas	Fabrication de verre plat	Herstellung von Flachglas	Manufacture of flat glass
5	23.110	2025	Vervaardiging van vlakglas	Fabrication de verre plat	Herstellung von Flachglas	Manufacture of flat glass
7	23.11001	2025	Vervaardiging van vlakglas, inclusief gewapend, gekleurd of bedrukt glas	Fabrication de verre plat, y compris le verre plat armé, coloré ou teinté	Herstellung von Flachglas, einschließlich von armiertem, gefärbtem oder bedrucktem Glas	Manufacture of flat glass, including wired flat glass, coloured or tinted
4	23.12	2025	Vormen en bewerken van vlakglas	Façonnage et transformation du verre plat	Veredlung und Bearbeitung von Flachglas	Shaping and processing of flat glass
5	23.120	2025	Vormen en bewerken van vlakglas	Façonnage et transformation du verre plat	Veredlung und Bearbeitung von Flachglas	Shaping and processing of flat glass
7	23.12001	2025	Vervaardiging van veiligheidsglas, bestaande uit geharde glasplaten (hardglas) of uit opeengekitte glasplaten	Fabrication de verre plat trempé ou formé de feuilles contre-collées	Herstellung von Sicherheitsglas aus gehärteten Glasplatten (Hardglas) oder aus Verbundglas	Manufacture of tempered or laminated  flat glass
7	23.12002	2025	Vervaardiging van glazen spiegels	Fabrication de miroirs en verre	Herstellung von Glasspiegeln	Manufacture of glass mirrors
7	23.12003	2025	Vervaardiging van meerwandig glas voor isoleringsdoeleinden	Fabrication de vitrages isolants à parois multiples	Herstellung von Isolierflachglas aus mehreren Schichten	Manufacture of multiple-walled insulating glass
4	23.13	2025	Vervaardiging van holglas	Fabrication de verre creux	Herstellung von Hohlglas	Manufacture of hollow glass
5	23.130	2025	Vervaardiging van holglas	Fabrication de verre creux	Herstellung von Hohlglas	Manufacture of hollow glass
7	23.13001	2025	Vervaardiging van glazen of kristallen flessen, flacons, potten, bokalen en andere recipiënten	Fabrication de bouteilles et de flacons, de pots, de bocaux et autres récipients en verre ou en cristal	Herstellung von Gläsern, Flaschen, Töpfen und anderen Gefäßen aus Glas oder Kristall	Manufacture of bottles, pots, jars and other containers made of glass or crystal
7	23.13002	2025	Vervaardiging van glazen of kristallen drinkglazen en van andere artikelen voor huishoudelijk gebruik	Fabrication de verres à boire et d'autres articles en verre ou en cristal à usage domestique	Herstellung von Trinkgläsern und anderen Artikeln aus Glas oder Kristall für den Haushaltsgebrauch	Manufacture of drinking glasses and other glassware or crystalware for domestic use
7	23.13003	2025	Vervaardiging van glazen of kristallen siervoorwerpen	Fabrication d'articles décoratifs en verre ou en cristal	Herstellung von Dekorationsgegenständen aus Glas oder Kristall	Manufacture of decorative articles made of glass or crystal
7	23.13004	2025	Bewerken van holglas : slijpen, graveren, enz.	Façonnage du verre creux : taille, gravure, etc.	Bearbeiten von Hohlglas: schleifen, gravieren usw	Finishing services of hollow glass: cutting, engraving, etc.
4	23.14	2025	Vervaardiging van glasvezels	Fabrication de fibres de verre	Herstellung von Glasfasern und Waren daraus	Manufacture of glass fibres
5	23.140	2025	Vervaardiging van glasvezels	Fabrication de fibres de verre	Herstellung von Glasfasern und Waren daraus	Manufacture of glass fibres
7	23.14001	2025	Vervaardiging van glasvezels en niet-geweven producten	Fabrication de fibres de verre et de produits non tissés en cette matière	Herstellung von Glasfasern und nichgewebten Produkten	Manufacture of glass fibres and non woven products in this material
4	23.15	2025	Vervaardiging en bewerking van overig glas, inclusief technisch glaswerk	Fabrication et façonnage d’autres articles en verre, y compris verre technique	Herstellung, Veredlung und Bearbeitung von sonstigem Glas einschließlich technischen Glaswaren	Manufacture and processing of other glass, including technical glassware
5	23.150	2025	Vervaardiging en bewerking van overig glas, inclusief technisch glaswerk	Fabrication et façonnage d’autres articles en verre, y compris verre technique	Herstellung, Veredlung und Bearbeitung von sonstigem Glas einschließlich technischen Glaswaren	Manufacture and processing of other glass, including technical glassware
7	23.15001	2025	Vervaardiging van conussen en schermen voor televisietoestellen	Fabrication de cônes et écrans pour téléviseurs	Herstellung von Konussen und Bildschirmen für Fernsehgeräte	Manufacture of cones and screens for televisions
7	23.15002	2025	Vervaardiging van horlogeglazen, optisch glas en niet-optisch bewerkte optische elementen	Fabrication de verres d'horlogerie, verres d'optique et d'éléments d'optique non travaillés optiquement	Herstellung von Uhrgläsern, optischem Glas und nicht optisch bearbeiteten Elementen	Manufacture of watch glasses, optical glass and optical elements not optically worked
7	23.15003	2025	Vervaardiging van glaswerk voor gebruik in imitatiesieraden	Fabrication de verrerie utilisée en bijouterie de fantaisie	Herstellung von für Imitationsschmuck verwendete Glaswaren	Manufacture of glassware used in imitation jewellery
3	23.2	2025	Vervaardiging van vuurvaste producten	Fabrication de produits réfractaires	Herstellung von feuerfesten keramischen Werkstoffen und Waren	Manufacture of refractory products
4	23.20	2025	Vervaardiging van vuurvaste producten	Fabrication de produits réfractaires	Herstellung von feuerfesten keramischen Werkstoffen und Waren	Manufacture of refractory products
5	23.200	2025	Vervaardiging van vuurvaste producten	Fabrication de produits réfractaires	Herstellung von feuerfesten keramischen Werkstoffen und Waren	Manufacture of refractory products
7	23.20001	2025	Vervaardiging van vuurvaste mortel, beton, enz.	Fabrication de mortiers, de bétons, etc., réfractaires	Herstellung von feuerfestem Mörtel, Beton usw	Manufacture of refractory mortars, concretes, etc.
3	23.3	2025	Vervaardiging van producten voor de bouw, van klei	Fabrication de matériaux de construction en terre cuite	Herstellung von keramischen Baumaterialien	Manufacture of clay building materials
4	23.31	2025	Vervaardiging van keramische tegels en plavuizen	Fabrication de carreaux en céramique	Herstellung von keramischen Wand- und Bodenfliesen und -platten	Manufacture of ceramic tiles and flags
5	23.310	2025	Vervaardiging van keramische tegels en plavuizen	Fabrication de carreaux en céramique	Herstellung von keramischen Wand- und Bodenfliesen und -platten	Manufacture of ceramic tiles and flags
7	23.31001	2025	Vervaardiging van vloer- en wandtegels, blokjes voor mozaïken, enz., van niet-vuurvaste keramische stoffen	Fabrication de carreaux pour le revêtement des murs et des cheminées, d'abacules, en céramique non réfractaire	Herstellung von Boden- und Wandfliesen, Mosaikfliesen usw aus nicht feuerfester Keramik	tiles manufacturing for coating the walls and chimneys, abacules, non-refractory ceramic
4	23.32	2025	Vervaardiging van bakstenen, tegels en producten voor de bouw, van gebakken klei	Fabrication de briques, tuiles et produits de construction, en terre cuite	Herstellung von Ziegeln und sonstiger Baukeramik	Manufacture of bricks, tiles and construction products, in baked clay
5	23.321	2025	Vervaardiging van bakstenen	Fabrication de briques	Herstellung von Mauerziegeln	Manufacture of bricks
7	23.32101	2025	Vervaardiging van bakstenen, geperforeerde stenen en snelbouwstenen van gebakken klei	Fabrication de briques et de briques perforées ou creuses en terre cuite non réfractaire	Herstellung von Voll- und Lochziegeln und Schnellbausteine aus Ziegelerde	Making bricks and perforated bricks and non-refractory clay
5	23.322	2025	Vervaardiging dakpannen, tegels en andere producten voor de bouw, van gebakken klei	Fabrication de tuiles, de carrelages et de produits de construction en terre cuite	Herstellung von Dachziegeln, Ziegeln und anderen Baustoffen aus Ziegelerde	Manufacture of tiles and construction products, in baked clay
7	23.32201	2025	Vervaardiging van dakpannen van gebakken klei	Fabrication de tuiles en terre cuite	Herstellung von Dachziegeln aus Ziegelerde	terracotta tile manufacturing
7	23.32202	2025	Vervaardiging van holle welfsels van gebakken klei	Fabrication de hourdis creux en terre cuite	Herstellung von Hohlkörpern aus Ziegelerde	Manufacture of hollow slabs terracotta
7	23.32203	2025	Vervaardiging van diverse producten van gebakken klei : bloembakken, potten, enz.	Fabrication de produits divers en terre cuite:  bacs à fleurs, pots, etc.	Herstellung von sonstigen Artikeln aus Ziegelerde:   Blumenkästen, Töpfe usw	Manufacture of various products in terracotta  planters, pots, etc.
3	23.4	2025	Vervaardiging van andere keramische producten	Fabrication d’autres produits en céramique et en porcelaine	Herstellung von sonstigen keramischen Erzeugnissen	Manufacture of other porcelain and ceramic products
4	23.41	2025	Vervaardiging van huishoudelijk en sieraardewerk	Fabrication d’articles céramiques à usage domestique ou ornemental	Herstellung von keramischen Haushaltswaren und Ziergegenständen	Manufacture of ceramic household and ornamental articles
5	23.410	2025	Vervaardiging van huishoudelijk en sieraardewerk	Fabrication d’articles céramiques à usage domestique ou ornemental	Herstellung von keramischen Haushaltswaren und Ziergegenständen	Manufacture of ceramic household and ornamental articles
7	23.41001	2025	Vervaardiging van vaatwerk en andere porseleinen huishoud artikelen	Fabrication de vaisselle et autres articles de ménage en porcelaine	Herstellung von Geschirr und anderen Haushaltsartikeln aus Porzellan	Manufacturing porcelain dishes and other household items
7	23.41002	2025	Vervaardiging van beeldjes en andere porseleinen siervoorwerpen	Fabrication de statuettes et autres objets d'ornementation en porcelaine	Herstellung von Figuren und anderen Ziergegenständen aus Porzellan	Manufacturing porcelain statuettes and other ornamental articles
7	23.41003	2025	Vervaardiging van vaatwerk en huishoudelijke artikelen van faience, gres, gewone aarde, enz.	Fabrication de vaisselle et autres articles de ménage en faïence, grès ou terre commune	Herstellung von Geschirr und anderen Haushaltsartikeln aus Steinzeug,Steingut, gewöhnlichem Ton usw	Manufacture of tableware and other household articles in earthenware, stoneware or common ground
7	23.41004	2025	Vervaardiging van beeldjes en siervoorwerpen van andere keramische stoffen dan porselein	Fabrication de statuettes et d'objets d'ornementation en céramique autre que la porcelaine	Herstellung von Figuren und Ziergegenständen aus anderen Keramikstoffen als Porzellan	Manufacture of statuettes and ornamental ceramic other than porcelain
4	23.42	2025	Vervaardiging van sanitair aardewerk	Fabrication d’appareils sanitaires en céramique	Herstellung von Sanitärkeramik	Manufacture of ceramic sanitary fixtures
5	23.420	2025	Vervaardiging van sanitair aardewerk	Fabrication d’appareils sanitaires en céramique	Herstellung von Sanitärkeramik	Manufacture of ceramic sanitary fixtures
4	23.43	2025	Vervaardiging van isolatoren en isolatiemateriaal, van keramische stoffen	Fabrication d’isolateurs et pièces isolantes en céramique	Herstellung von Isolatoren und Isolierteilen aus Keramik	Manufacture of ceramic insulators and insulating fittings
5	23.430	2025	Vervaardiging van isolatoren en isolatiemateriaal, van keramische stoffen	Fabrication d’isolateurs et pièces isolantes en céramique	Herstellung von Isolatoren und Isolierteilen aus Keramik	Manufacture of ceramic insulators and insulating fittings
4	23.44	2025	Vervaardiging van ander technisch aardewerk	Fabrication d’autres produits céramiques à usage technique	Herstellung von keramischen Erzeugnissen für sonstige technische Zwecke	Manufacture of other technical ceramic products
5	23.440	2025	Vervaardiging van ander technisch aardewerk	Fabrication d’autres produits céramiques à usage technique	Herstellung von keramischen Erzeugnissen für sonstige technische Zwecke	Manufacture of other technical ceramic products
7	23.44001	2025	Vervaardiging van artikelen van keramische stoffen voor chemisch of technisch gebruik	Fabrication de produits céramiques pour usages chimiques ou industriels	Herstellung von Erzeugnissen aus keramischen Stoffen für chemischen oder technischen Gebrauch	Manufacture of ceramic products for chemical or industrial uses
4	23.45	2025	Vervaardiging van andere keramische producten	Fabrication d’autres produits céramiques	Herstellung von sonstigen keramischen Erzeugnissen	Manufacture of other ceramic products
5	23.450	2025	Vervaardiging van andere keramische producten	Fabrication d’autres produits céramiques	Herstellung von sonstigen keramischen Erzeugnissen	Manufacture of other ceramic products
3	23.5	2025	Vervaardiging van cement, kalk en gips	Fabrication de ciment, chaux et plâtre	Herstellung von Zement, Kalk und gebranntem Gips	Manufacture of cement, lime and plaster
4	23.51	2025	Vervaardiging van cement	Fabrication de ciment	Herstellung von Zement	Manufacture of cement
5	23.510	2025	Vervaardiging van cement	Fabrication de ciment	Herstellung von Zement	Manufacture of cement
4	23.52	2025	Vervaardiging van kalk en gips	Fabrication de chaux et plâtre	Herstellung von Kalk und gebranntem Gips	Manufacture of lime and plaster
5	23.520	2025	Vervaardiging van kalk en gips	Fabrication de chaux et plâtre	Herstellung von Kalk und gebranntem Gips	Manufacture of lime and plaster
7	23.52001	2025	Vervaardiging van kalk : ongebluste, gebluste en hydraulische kalk	Fabrication de chaux: chaux vive, chaux éteinte et chaux hydraulique	Herstellung von Kalk: ungelöschter, gelöschter und hydraulischer Kalk	Manufacture of lime: quicklime, slaked lime and hydraulic lime
7	23.52002	2025	Vervaardiging van gips	Fabrication de plâtre	Herstellung von gebranntem Gips	Manufacture of plaster
3	23.6	2025	Vervaardiging van artikelen van beton, cement en gips	Fabrication d’ouvrages en béton, en ciment ou en plâtre	Herstellung von Erzeugnissen aus Beton, Zement und Gips	Manufacture of articles of concrete, cement and plaster
4	23.61	2025	Vervaardiging van artikelen van beton voor de bouw	Fabrication d’éléments en béton pour la construction	Herstellung von Erzeugnissen aus Beton, Zement und Kalksandstein für den Bau	Manufacture of concrete products for construction purposes
5	23.610	2025	Vervaardiging van artikelen van beton voor de bouw	Fabrication d’éléments en béton pour la construction	Herstellung von Erzeugnissen aus Beton, Zement und Kalksandstein für den Bau	Manufacture of concrete products for construction purposes
7	23.61001	2025	Vervaardiging van artikelen van voorgestort beton voor gebruik in de bouw : dakpannen, tegels, bouwstenen, holle welfsels, betonklinkers, platen, buizen, palen, enz.	Fabrication d'ouvrages préfabriqués en béton, utilisés en construction: tuiles, carreaux, dalles, briques, hourdis creux, plaques, panneaux, tuyaux, piliers, etc.	Herstellung von Betonbauteilen:  Dachziegel, Fliesen, Bausteine, Hohlkörper, Betonklinker, Platten, Rohre, Pfähle usw	Manufacture of precast concrete used in construction: tiles, flagstones, bricks, hollow slabs, sheets, panels, pipes, pillars, etc.
7	23.61002	2025	Vervaardiging van betonnen geprefabriceerde bouwelementen	Fabrication d'éléments préfabriqués en béton pour le bâtiment et le génie civil	Herstellung von Fertigbauteilen aus Beton	Manufacture of precast concrete for the building and civil engineering
4	23.62	2025	Vervaardiging van artikelen van gips voor de bouw	Fabrication d’éléments en plâtre pour la construction	Herstellung von Gipserzeugnissen für den Bau	Manufacture of plaster products for construction purposes
5	23.620	2025	Vervaardiging van artikelen van gips voor de bouw	Fabrication d’éléments en plâtre pour la construction	Herstellung von Gipserzeugnissen für den Bau	Manufacture of plaster products for construction purposes
4	23.63	2025	Vervaardiging van stortklare beton	Fabrication de béton prêt à l’emploi	Herstellung von Frischbeton, Transportbeton	Manufacture of ready-mixed concrete
5	23.630	2025	Vervaardiging van stortklare beton	Fabrication de béton prêt à l’emploi	Herstellung von Frischbeton, Transportbeton	Manufacture of ready-mixed concrete
7	23.63001	2025	Vervaardiging van stortklare beton en gebruiksklare mortel	Fabrication de bétons et de mortiers prêts à l'emploi	Herstellung von Frischbeton und Frischmörtel	Manufacturing concrete and mortar ready for use
4	23.64	2025	Vervaardiging van mortel	Fabrication de mortiers	Herstellung von Mörtel und sonstigem Beton, ohne Frischbeton	Manufacture of mortars
5	23.640	2025	Vervaardiging van mortel	Fabrication de mortiers	Herstellung von Mörtel und sonstigem Beton, ohne Frischbeton	Manufacture of mortars
4	23.65	2025	Vervaardiging van producten van vezelcement	Fabrication d’ouvrages en fibre-ciment	Herstellung von Faserzementwaren	Manufacture of fibre cement
5	23.650	2025	Vervaardiging van producten van vezelcement	Fabrication d’ouvrages en fibre-ciment	Herstellung von Faserzementwaren	Manufacture of fibre cement
7	23.65001	2025	Vervaardiging van bouwmaterialen van plantaardige stoffen (houtwol, stro, riet, bles), gebonden met een mineraal bindmiddel (cement, gips, enz.)	Fabrication de matériaux de construction en substances végétales (laine de bois, paille, roseaux, joncs) agglomérés avec un liant minéral (ciment, plâtre, etc.)	Herstellung von Baumaterialien aus mit mineralen Bindemitteln (Zement, Gips usw) gebundenen pflanzlichen Stoffen (Holzwolle, Stroh, Ried, Schilf)	Manufacture of building materials of vegetable substances (wood wool, straw, reeds, rushes) agglomerated with an inorganic binder (cement, plaster, etc.)
7	23.65002	2025	Vervaardiging van artikelen van vezelcement, cellulosecement ed : golfplaten, andere platen, panelen, dakbedekkingen, buizen, tanks, troggen, bekkens, gootstenen, potten, enz.	Fabrication d'ouvrages en amiante-ciment, cellulose-ciment ou similaires : plaques ondulées ou autres, panneaux, carreaux, tuiles, tuyaux, gaines, réservoirs, auges, bassins, éviers, cruchons, etc.	Herstellung von Erzeugnissen aus Faserzement, Zellulose-Zement und dergleichen: Wellplatten, sonstige Platten, Panele, Dachbedeckungen, Rohre, Tanks, Tröge, Becken, Spülbecken, Töpfe usw	Manufacture of asbestos-cement, cellulose fibre-cement or the like: corrugated sheets or other panels, tiles, tubes, pipes, reservoirs, troughs, basins, sinks, jars, etc.
4	23.66	2025	Vervaardiging van andere artikelen van beton, cement en gips	Fabrication d’autres ouvrages en béton, en ciment ou en plâtre	Herstellung von sonstigen Erzeugnissen aus Beton, Zement und Gips	Manufacture of other articles of concrete, cement and plaster
5	23.660	2025	Vervaardiging van andere artikelen van beton, cement en gips	Fabrication d’autres ouvrages en béton, en ciment ou en plâtre	Herstellung von sonstigen Erzeugnissen aus Beton, Zement und Gips	Manufacture of other articles of concrete, cement and plaster
7	23.66001	2025	Vervaardiging van overige artikelen van beton, cement, gips of kunststeen die geen rechtstreeks verband houden met de bouw : beeldjes, meubelen, bas- en haut-reliëfs, vazen, bloempotten, enz.	Fabrication d'autres ouvrages en béton, ciment, plâtre ou pierre artificielle, sans rapport direct avec la construction :statues, meubles, bas-reliefs, hauts-reliefs, vases, pots de fleurs, enz.	Herstellung von anderen Erzeugnissen aus Beton, Zement, Gips oder Kunststein ohne direkte Beziehung zum Bauwesen: Statuetten, Möbel, Hoch- und Tiefreliefs, Vasen, Blumentöpfe usw	Manufacture of other articles of concrete, cement, plaster or artificial stone, not directly related to the construction: statues, furniture, bas-reliefs, high reliefs, vases, flowerpots, enz.
3	23.7	2025	Houwen, bewerken en afwerken van natuursteen	Taille, façonnage et finissage de pierres	Be- und Verarbeitung von Naturwerksteinen und Natursteinen	Cutting, shaping and finishing of stone
4	23.70	2025	Houwen, bewerken en afwerken van natuursteen	Taille, façonnage et finissage de pierres	Be- und Verarbeitung von Naturwerksteinen und Natursteinen	Cutting, shaping and finishing of stone
5	23.700	2025	Houwen, bewerken en afwerken van natuursteen	Taille, façonnage et finissage de pierres	Be- und Verarbeitung von Naturwerksteinen und Natursteinen	Cutting, shaping and finishing of stone
7	23.70001	2025	Houwen, bewerken en afwerken van natuursteen voor gebruik in de bouw, op wegen, als dakbedekking, enz.	Taille, façonnage et finissage de la pierre destinée à la construction de bâtiments ou de routes, à la couverture de toitures, etc.	 Be- und Verarbeitung von Naturwerksteinen und Natursteinen zur Verwendung im Bau, Straßenbau oder als Dachbedeckung usw	Cutting, shaping and finishing of stone for the construction of buildings or roads, coverage roofs, etc.
7	23.70002	2025	Bewerking van door steengroeven geleverde ruwe steen	Opérations réalisées sur des pierres brutes fournies par les carriers	Bearbeitung von Rohsteinen aus Steinbrüchen	Transactions on rough stones provided by quarries
7	23.70003	2025	Productie van grafstenen en -monumenten, inclusief de eventuele verplaatsing	Production de pierres tombales et de monuments funéraires y compris éventuellement leur pose	Herstellung von Grabsteinen und Grabdenkmalen, einschließlich deren eventuelle Verlegung	Stone production of gravestones and monuments including 
3	23.9	2025	Vervaardiging van andere schuurmiddelen en niet-metaalhoudende minerale producten n.e.g.	Fabrication de produits abrasifs et de produits minéraux non métalliques n.c.a.	Herstellung von Schleifkörpern und Schleifmitteln auf Unterlage sowie sonstigen Erzeugnissen aus nichtmetallischen Mineralien a.n.g.	Manufacture of abrasive products and non-metallic mineral products n.e.c.
4	23.91	2025	Vervaardiging van schuurmiddelen	Fabrication de produits abrasifs	Herstellung von Schleifkörpern und Schleifmitteln auf Unterlage	Manufacture of abrasive products
5	23.910	2025	Vervaardiging van schuurmiddelen	Fabrication de produits abrasifs	Herstellung von Schleifkörpern und Schleifmitteln auf Unterlage	Manufacture of abrasive products
4	23.99	2025	Vervaardiging van andere niet-metaalhoudende minerale producten, n.e.g.	Fabrication d’autres produits minéraux non métalliques n.c.a.	Herstellung von sonstigen Erzeugnissen aus nichtmetallischen Mineralien a.n.g.	Manufacture of other non-metallic mineral products n.e.c.
5	23.990	2025	Vervaardiging van andere niet-metaalhoudende minerale producten, n.e.g.	Fabrication d’autres produits minéraux non métalliques n.c.a.	Herstellung von sonstigen Erzeugnissen aus nichtmetallischen Mineralien a.n.g.	Manufacture of other non-metallic mineral products n.e.c.
7	23.99001	2025	Vervaardiging van wrijvingsmateriaal en niet-gemonteerde artikelen daarvan, samengesteld met minerale grondstoffen of met cellulose	Fabrication de garnitures de friction et de pièces non montées pour ces garnitures, à base de substances minérales ou de cellulose	Herstellung von Reibungsmaterialien und daraus gefertigten nicht montierten Teilen aus Mineralgrundstoffen oder Zellulose	Manufacturing friction linings and unassembled parts for these fittings, based on inorganic substances or of cellulose
7	23.99002	2025	Vervaardiging van asfalt werken	Fabrication d'ouvrages en asphalte	Ausführung von Asphaltarbeiten	Manufacture of asphalt works
7	23.99003	2025	Vervaardiging van kunstmatig korund	Fabrication de corindon artificiel	Herstellung von künstlichem Korund	Artificial corundum manufacturing
7	23.99004	2025	Vervaardiging van asfaltpapier	Fabrication de papiers asphaltés	Herstellung von Asphaltpapier	Manufacturing asphalt papers
2	24     	2025	Vervaardiging van metalen in primaire vorm	Métallurgie	Metallerzeugung und -bearbeitung	Manufacture of basic metals
3	24.1	2025	Vervaardiging van ijzer en staal en van ferrolegeringen	Sidérurgie	Erzeugung von Roheisen, Stahl und Ferrolegierungen	Manufacture of basic iron and steel and of ferro-alloys
4	24.10	2025	Vervaardiging van ijzer en staal en van ferrolegeringen	Sidérurgie	Erzeugung von Roheisen, Stahl und Ferrolegierungen	Manufacture of basic iron and steel and of ferro-alloys
5	24.100	2025	Vervaardiging van ijzer en staal en van ferrolegeringen	Sidérurgie	Erzeugung von Roheisen, Stahl und Ferrolegierungen	Manufacture of basic iron and steel and of ferro-alloys
3	24.2	2025	Vervaardiging van buizen, pijpen, holle profielen en fittings daarvoor, van staal	Fabrication de tubes, tuyaux, profilés creux et accessoires correspondants en acier	Herstellung von Stahlrohren, Rohrform-, Rohrverschluss- und Rohrverbindungsstücken aus Stahl	Manufacture of tubes, pipes, hollow profiles and related fittings, of steel
4	24.20	2025	Vervaardiging van buizen, pijpen, holle profielen en fittings daarvoor, van staal	Fabrication de tubes, tuyaux, profilés creux et accessoires correspondants en acier	Herstellung von Stahlrohren, Rohrform-, Rohrverschluss- und Rohrverbindungsstücken aus Stahl	Manufacture of tubes, pipes, hollow profiles and related fittings, of steel
5	24.200	2025	Vervaardiging van buizen, pijpen, holle profielen en fittings daarvoor, van staal	Fabrication de tubes, tuyaux, profilés creux et accessoires correspondants en acier	Herstellung von Stahlrohren, Rohrform-, Rohrverschluss- und Rohrverbindungsstücken aus Stahl	Manufacture of tubes, pipes, hollow profiles and related fittings, of steel
7	24.20001	2025	Vervaardiging van gelaste buizen, koud of warm gevormd en gelast, vervormd en koudgetrokken of warm vervormd en gewalst	Fabrication de tubes soudés par formage et soudage à froid ou à chaud, par formage et étirage à froid ou par formage et réduction à chaud	Herstellung von geschweißten Rohren, kalt- oder warmgeformt und geschweißt, verformt und kaltgezogen oder warmverformt und warmgewalzt	Manufacture of tubes welded and cold forming or hot welding, by forming and cold drawing or by forming and hot reduction
7	24.20002	2025	Vervaardiging van hulpstukken (fittings) van staal : platte flenzen en flenzen met gesmede kraag, door stomplassen te bevestigen verbindingsstukken, verbindingsstukken met schroefdraad ed	Fabrication d'accessoires de tuyauterie en acier : brides plates ou à collerette forgée en acier, accessoires à souder bout à bout en acier, accessoires filetés et autres accessoires en acier	Herstellung von Zubehörteilen (Fittings) aus Stahl: Flachflansche und geschmiedete Flansche, Stumpfschweißfittings, Verbindungsstücke mit Gewinde uä	Manufacture of steel pipe fittings: flat flanges and flange forged steel accessories butt welding steel, threaded fittings and other steel accessories
3	24.3	2025	Vervaardiging van andere producten van de eerste verwerking van staal	Fabrication d’autres produits de première transformation de l’acier	Sonstige erste Bearbeitung von Eisen und Stahl	Manufacture of other products of first processing of steel
4	24.31	2025	Koudtrekken van staven	Étirage à froid de barres	Herstellung von Blankstahl	Cold drawing of bars
5	24.310	2025	Koudtrekken van staven	Étirage à froid de barres	Herstellung von Blankstahl	Cold drawing of bars
4	24.32	2025	Koudwalsen van bandstaal	Laminage à froid de feuillards	Herstellung von Kaltband mit einer Breite von weniger als 600 mm	Cold rolling of narrow strip
5	24.320	2025	Koudwalsen van bandstaal	Laminage à froid de feuillards	Herstellung von Kaltband mit einer Breite von weniger als 600 mm	Cold rolling of narrow strip
7	24.32001	2025	Vervaardiging van al dan niet beklede gewalste platte staalproducten, opgerold of rechte stroken niet breder dan 600 mm door het koud herwalsen van warmgewalste platte producten of stalen draad	Fabrication de produits laminés plats en acier, nus ou revêtus, enroulés ou non, d'une largeur n'excédant pas 600 mm, obtenus par relaminage à froid de produits plats laminés à chaud	Herstellung von gewalzten Flachstahlprodukten mit oder ohne Überzug, aufgerollt oder in geraden, maximal 600 mm breiten Bändern, durch das Kalt-Auswalzen von warmgewalzten Flachstahlprodukten oder Sta	Production of rolled flat steel products, uncoated or coated, in coils or not, of a width not exceeding 600 mm, obtained by cold re-rolling of hot rolled flat products
4	24.33	2025	Koudvervormen of koudfelsen	Profilage à froid par formage ou pliage	Herstellung von Kaltprofilen	Cold forming or folding
5	24.330	2025	Koudvervormen of koudfelsen	Profilage à froid par formage ou pliage	Herstellung von Kaltprofilen	Cold forming or folding
4	24.34	2025	Koudtrekken van draad	Tréfilage à froid	Herstellung von kaltgezogenem Draht	Cold drawing of wire
5	24.340	2025	Koudtrekken van draad	Tréfilage à froid	Herstellung von kaltgezogenem Draht	Cold drawing of wire
7	24.34001	2025	Vervaardiging van staaldraad door koudtrekken of -rekken	Fabrication de fils d'acier par tréfilage ou étirage à froid	Herstellung von Stahldraht durch kaltziehen oder -recken	Thread steel fabrication by drawing and cold drawing
3	24.4	2025	Productie van edelmetalen en van andere non-ferrometalen	Production de métaux précieux et d’autres métaux non ferreux	Erzeugung und erste Bearbeitung von NE-Metallen	Manufacture of basic precious and other non-ferrous metals
4	24.41	2025	Productie van edelmetalen	Production de métaux précieux	Erzeugung und erste Bearbeitung von Edelmetallen	Precious metals production
5	24.410	2025	Productie van edelmetalen	Production de métaux précieux	Erzeugung und erste Bearbeitung von Edelmetallen	Precious metals production
7	24.41001	2025	Productie van legeringen van edele metalen	Production d'alliages de métaux précieux	Erzeugung von Edelmetalllegierungen	Production of precious metal alloys
4	24.42	2025	Productie van aluminium	Métallurgie de l’aluminium	Erzeugung und erste Bearbeitung von Aluminium	Aluminium production
5	24.420	2025	Productie van aluminium	Métallurgie de l’aluminium	Erzeugung und erste Bearbeitung von Aluminium	Aluminium production
4	24.43	2025	Productie van lood, zink en tin	Métallurgie du plomb, du zinc ou de l’étain	Erzeugung und erste Bearbeitung von Blei, Zink und Zinn	Lead, zinc and tin production
5	24.430	2025	Productie van lood, zink en tin	Métallurgie du plomb, du zinc ou de l’étain	Erzeugung und erste Bearbeitung von Blei, Zink und Zinn	Lead, zinc and tin production
4	24.44	2025	Productie van koper	Métallurgie du cuivre	Erzeugung und erste Bearbeitung von Kupfer	Copper production
5	24.440	2025	Productie van koper	Métallurgie du cuivre	Erzeugung und erste Bearbeitung von Kupfer	Copper production
4	24.45	2025	Productie van andere non-ferrometalen	Métallurgie des autres métaux non ferreux	Erzeugung und erste Bearbeitung von sonstigen NE-Metallen	Other non-ferrous metal production
5	24.450	2025	Productie van andere non-ferrometalen	Métallurgie des autres métaux non ferreux	Erzeugung und erste Bearbeitung von sonstigen NE-Metallen	Other non-ferrous metal production
4	24.46	2025	Bewerking van splijt- en kweekstoffen	Élaboration et transformation de matières nucléaires	Aufbereitung von Kernbrennstoffen	Processing of nuclear fuel
5	24.460	2025	Bewerking van splijt- en kweekstoffen	Élaboration et transformation de matières nucléaires	Aufbereitung von Kernbrennstoffen	Processing of nuclear fuel
3	24.5	2025	Gieten van metalen	Fonderie	Gießereien	Casting of metals
4	24.51	2025	Gieten van ijzer	Fonderie de fonte	Eisengießereien	Casting of iron
5	24.510	2025	Gieten van ijzer	Fonderie de fonte	Eisengießereien	Casting of iron
7	24.51001	2025	Gieten van ijzeren eindproducten en halffabrikaten	Fonderie de produits finis ou de demi-produits en fonte	Gießen von Endprodukten und Halbfertigprodukten aus Gusseisen	Casting of finished or semi-finished iron products
4	24.52	2025	Gieten van staal	Fonderie d’acier	Stahlgießereien	Casting of steel
5	24.520	2025	Gieten van staal	Fonderie d’acier	Stahlgießereien	Casting of steel
7	24.52001	2025	Gieten van stalen eindproducten en halffabrikaten	Fonderie de produits finis ou de demi-produits en acier	Gießen von Endprodukten und Halbfertigprodukten aus Stahl	Casting of finished products and semi-finished products of steel
4	24.53	2025	Gieten van lichte metalen	Fonderie de métaux légers	Leichtmetallgießereien	Casting of light metals
5	24.530	2025	Gieten van lichte metalen	Fonderie de métaux légers	Leichtmetallgießereien	Casting of light metals
4	24.54	2025	Gieten van andere non-ferrometalen	Fonderie d’autres métaux non ferreux	Buntmetallgießereien	Casting of other non-ferrous metals
5	24.540	2025	Gieten van andere non-ferrometalen	Fonderie d’autres métaux non ferreux	Buntmetallgießereien	Casting of other non-ferrous metals
2	25     	2025	Vervaardiging van producten van metaal, exclusief machines en apparatuur	Fabrication de produits métalliques, à l’exception des machines et des équipements	Herstellung von Metallerzeugnissen	Manufacture of fabricated metal products, except machinery and equipment
3	25.1	2025	Vervaardiging van metalen constructiewerken	Fabrication d’éléments en métal pour la construction	Stahl- und Leichtmetallbau	Manufacture of structural metal products
4	25.11	2025	Vervaardiging van metalen constructiewerken en delen daarvan	Fabrication de structures métalliques et de parties de structures	Herstellung von Metallkonstruktionen	Manufacture of metal structures and parts of structures
5	25.110	2025	Vervaardiging van metalen constructiewerken en delen daarvan	Fabrication de structures métalliques et de parties de structures	Herstellung von Metallkonstruktionen	Manufacture of metal structures and parts of structures
7	25.11001	2025	Vervaardiging van metalen constructiewerken of gebinten voor de bouw	Fabrication de cadres métalliques ou d'ossatures pour la construction	Herstellung von Metallkonstruktionen oder Stahlträgern für den Bau	Manufacture of metal frameworks or skeletons for construction
7	25.11002	2025	Vervaardiging van metalen constructiewerken voor industriële uitrusting (bv voor hoogovens, hijs- en hefwerktuigen, enz.)	Fabrication d'ossatures métalliques pour équipements industriels (ossatures de hauts fourneaux, de matériels de manutention, etc.)	Herstellung von Metallkonstruktionen für Industrieausrüstungen (zB für Hochöfen, Hebewerkzeuge usw)	Manufacture of steel structures for industrial equipment (frames of blast furnaces, handling equipment, etc.)
7	25.11003	2025	Vervaardiging van geprefabriceerde gebouwen, overwegend van metaal : bouwketen, modulaire tentoonstellingselementen, telefooncellen, enz.	Fabrication de constructions préfabriquées principalement en métaux: baraques de chantier, éléments modulaires pour expositions, cabines téléphoniques, etc.	Herstellung von vorgefertigten Konstruktionen, hauptsächlich aus Metall:  Baubuden, modularische Ausstellungselemente, Telefonzellen usw	Manufacture of prefabricated buildings mainly of metal: site huts, modular exhibition elements, telephone booths, etc. 
4	25.12	2025	Vervaardiging van metalen deuren en vensters	Fabrication de portes et fenêtres en métal	Herstellung von Ausbauelementen aus Metall	Manufacture of doors and windows of metal
5	25.120	2025	Vervaardiging van metalen deuren en vensters	Fabrication de portes et fenêtres en métal	Herstellung von Ausbauelementen aus Metall	Manufacture of doors and windows of metal
7	25.12001	2025	Vervaardiging van metaalschrijnwerk : deuren, vensters en kozijnen, luiken, verplaatsbare wanden, hekken, garagepoorten, enz.	Fabrication de menuiseries métalliques: portes et fenêtres avec chambranles, volets, cloisons mobiles,grilles, portes de garage, etc.	Herstellung von Metallbauelementen: Türen und Fenster mit Rahmen, Fensterläden, Schiebewände, Gitter, Garagentore usw	Manufacture of metal joinery: doors and windows, shutters, movable partitions, gates, garage doors, etc.
3	25.2	2025	Vervaardiging van tanks, reservoirs en bergingsmiddelen, van metaal	Fabrication de réservoirs, citernes et conteneurs métalliques	Herstellung von Metalltanks und -behältern	Manufacture of tanks, reservoirs and containers of metal
4	25.21	2025	Vervaardiging van radiatoren, stoomketels en ketels voor centrale verwarming	Fabrication de radiateurs, de générateurs de vapeur et de chaudières pour le chauffage central	Herstellung von Heizkörpern, Dampfkesseln und Kesseln zum Erzeugen von überhitztem Wasser	Manufacture of central heating radiators, steam generators and boilers
5	25.210	2025	Vervaardiging van radiatoren, stoomketels en ketels voor centrale verwarming	Fabrication de radiateurs, de générateurs de vapeur et de chaudières pour le chauffage central	Herstellung von Heizkörpern, Dampfkesseln und Kesseln zum Erzeugen von überhitztem Wasser	Manufacture of central heating radiators, steam generators and boilers
7	25.21001	2025	Vervaardiging van radiatoren en ketels voor centrale verwarming	Fabrication de radiateurs et de chaudières pour le chauffage central	Herstellung von Heizkörpern für Zentralheizungen und von Zentralheizungskesseln	Manufacture of central-heating radiators and boilers
7	25.21011	2025	Vervaardiging van stoomketels (stoomgeneratoren)	Fabrication de générateurs produisant de la vapeur d'eau ou d'autres types de vapeur	Herstellung von Dampfkesseln (Dampfgeneratoren)	Manufacture of generators to produce steam or other vapour
7	25.21012	2025	Vervaardiging van hulptoestellen voor stoomketels : condensors, voorwarmers, oververhitters, bovenketels en stoomaccumulatoren	Fabrication d'appareils auxiliaires pour générateurs de vapeur:  condensateurs, économiseurs, surchauffeurs, collecteurs et accumulateurs de vapeur	Herstellung von Hilfsgeräten für Dampfgeneratoren:  Kondensatoren, Vorwärmer, Überhitzer, Dampfsammler und Dampfspeicher	Manufacture of additional devices for steam generators:  condensers, economizers, super-heaters, steam collectors and accumulators
7	25.21013	2025	Ontwerpen, het maken en het monteren van leidingstelsels inclusief de verdere bewerking van buizen tot leidingen en leidingstelsels onder druk	Conception, construction et installation de réseaux de tuyauterie, comprenant un traitement complémentaire des tubes de manière à réaliser principalement des conduites ou des réseaux sous pression	Entwerfen, Anfertigen und Montagieren von Leitungssystemen, einschließlich der Weiterverarbeitung von Rohren zu Leitungen und Druckleitungssystemen	Design, construction and installation of piping systems, comprising further processing of tubes generally to make pipes or pressurized networks
4	25.22	2025	Vervaardiging van andere tanks, reservoirs en bergingsmiddelen, van metaal	Fabrication d’autres réservoirs, citernes et conteneurs métalliques	Herstellung von Sammelbehältern, Tanks u Ä Behältern aus Metall	Manufacture of other tanks, reservoirs and containers of metal
5	25.220	2025	Vervaardiging van andere tanks, reservoirs en bergingsmiddelen, van metaal	Fabrication d’autres réservoirs, citernes et conteneurs métalliques	Herstellung von Sammelbehältern, Tanks u Ä Behältern aus Metall	Manufacture of other tanks, reservoirs and containers of metal
7	25.22001	2025	Vervaardiging van metalen silo's, tanks, reservoirs en dergelijke recipiënten met een inhoudscapaciteit van meer dan 300 liter	Fabrication de silos, de réservoirs, de citernes et de récipients similaires en métaux, d'une capacité supérieure à 300 litres	Herstellung von Metallsilos, Tanks und ähnlichen Behältnissen mit einem Fassungsvermögen von mehr als 300 Liter	Manufacturing silos, tanks, tanks and similar containers of metal, with a capacity of minimum 300 litres
7	25.22002	2025	Vervaardiging van metalen flessen voor gecomprimeerd of vloeibaar gemaakt gas	Fabrication de récipients métalliques pour gaz comprimés ou liquéfiés	Herstellung von Metallflaschen für komprimiertes oder verflüssigtes Gas	Manufacture of metal containers for compressed or liquefied gas
3	25.3	2025	Vervaardiging van wapens en munitie	Fabrication d’armes et de munitions	Herstellung von Waffen und Munition	Manufacture of weapons and ammunition
4	25.30	2025	Vervaardiging van wapens en munitie	Fabrication d’armes et de munitions	Herstellung von Waffen und Munition	Manufacture of weapons and ammunition
5	25.300	2025	Vervaardiging van wapens en munitie	Fabrication d’armes et de munitions	Herstellung von Waffen und Munition	Manufacture of weapons and ammunition
7	25.30001	2025	Vervaardiging van artillerie en ballistische raketten	Fabrication de matériel d'artillerie et de missiles balistiques	Herstellung von Artilleriegeschützen und ballistischen Flugkörpern	Manufacture of artillery material and ballistic missiles
7	25.30002	2025	Vervaardiging van lichte oorlogswapens	Fabrication d'armes de guerre légères	Herstellung von leichten Kriegswaffen	Manufacture of light military weapons
3	25.4	2025	Smeden en bewerken van metaal en poedermetallurgie	Forgeage et façonnage de métal; métallurgie des poudres	Herstellung von Schmiede-, Press-, Zieh- und Stanzteilen und pulvermetallurgischen Erzeugnissen	Forging and shaping metal and powder metallurgy
4	25.40	2025	Smeden en bewerken van metaal en poedermetallurgie	Forgeage et façonnage de métal; métallurgie des poudres	Herstellung von Schmiede-, Press-, Zieh- und Stanzteilen und pulvermetallurgischen Erzeugnissen	Forging and shaping metal and powder metallurgy
5	25.401	2025	Smeden van metaal	Forgeage de métal	Herstellung von Schmiedeteilen	Forging metal
7	25.40101	2025	Vervaardiging van gesmede werkstukken van metaal voor rekening van derden	Production pour des tiers de pièces forgées en métaux	Herstellung von geschmiedeten Werkstücken aus Metall für Dritte	Production of metal forgings for third parties
7	25.40102	2025	Vervaardiging en montage van gesmede werkstukken voor de bouw : trapleuningen, borstweringen, enz.	Production et montage de pièces forgées pour la construction: rampes d'escalier, balustrades, etc.	Herstellung und Montage von geschmiedeten Werkstücken für den Bau: Treppengeländer, Brüstungen usw	Production and assembly of forged parts for construction: stair railings, balustrades, etc.
5	25.402	2025	Bewerken van metaal en poedermetallurgie	Façonnage de métal; métallurgie des poudres	Herstellung von Press-, Zieh- und Stanzteilen und pulvermetallurgischen Erzeugnissen	Shaping metal and powder metallurgy
7	25.40201	2025	Vervaardiging van met een matrijs geperste werkstukken van non-ferrometaal voor rekening van derden	Production pour des tiers de pièces matricées en métaux non ferreux	Herstellung von matritzengepressten Werkstücken aus Nichteisenmetall für Dritte	Production for third parties of forged parts in non-ferrous metals
7	25.40202	2025	Productie door een hittebehandeling (sintering) of onder druk, van rechtstreeks uit metaalpoeder verkregen metalen voorwerpen	Production d'objets métalliques, directement à partir de poudres de métaux par traitement thermique (frittage) ou compression	Herstellung durch Hitzebehandlung (Sinterung) oder unter Druck von direct aus Metallpuder gefertigten Metallgegenständen	Production of metal objects directly from metal powders by heat treatment (sintering) or under pressure
3	25.5	2025	Oppervlaktebehandeling van metalen; verspanend bewerken van metalen	Traitement et revêtement des métaux; usinage	Oberflächenveredlung und Wärmebehandlung; Metallbearbeitung	Treatment and coating of metals; machining
4	25.51	2025	Coating van metalen	Revêtement des métaux	Beschichten von Metallen	Coating of metals
5	25.510	2025	Coating van metalen	Revêtement des métaux	Beschichten von Metallen	Coating of metals
7	25.51001	2025	Plateren, anodiseren, enz. van metaal	Placage, traitement anodique, etc., des métaux	Plattieren, Eloxieren usw von Metall	Plating, anodizing, and,  of metals
7	25.51002	2025	Bekleden van metaal door elektrolyse of indompeling	Revêtement des métaux par électrolyse ou immersion	Beschichten von Metallen durch Elektrolyse oder Eintauchung	Coating of metals by electrolysis or immersion
7	25.51003	2025	Verven van metaal	Coloration des métaux	Lackieren von Metall	Metal dyeing
7	25.51004	2025	Bekleden van metaal met andere beschermende of decoratieve materialen dan metaal : plastificeren, emailleren, lakken, enz.	Revêtement non métallique des métaux: plastifiage, émaillage, laquage, etc.	Überziehen von Metall mit nichtmetallischen Überzügen : plastifizieren, emaillieren, lackieren usw	Non-metallic coating of metals: plasticising, enamelling, lacquering etc.
4	25.52	2025	Warmtebehandeling van metaal	Traitement thermique des métaux	Wärmebehandlung von Metallen	Heat treatment of metals
5	25.520	2025	Warmtebehandeling van metaal	Traitement thermique des métaux	Wärmebehandlung von Metallen	Heat treatment of metals
7	25.52001	2025	Warmtebehandeling van metaal	Traitement thermique des métaux	Wärmebehandlung von Metall	heat treatment of metals
7	25.52002	2025	Harden van metaal	Durcissement des métaux	Härten von Metall	Hardening of metal
4	25.53	2025	Verspanend bewerken van metalen	Usinage des métaux	Metallbearbeitung	Machining of metals
5	25.530	2025	Verspanend bewerken van metalen	Usinage des métaux	Metallbearbeitung	Machining of metals
7	25.53001	2025	Afbramen, zandstralen, trommelpolijsten en reinigen van metaal	Ebarbage, décapage au jet de sable, dessablage au tonneau, nettoyage des métaux	Entgraten, sandstrahlen, trommelpolieren und reinigen von Metall	Deburring, sand blasting, sanding barrel, metal cleaning
7	25.53011	2025	Boren, draaien, frezen, vonkerosief bewerken, schaven, lappen, tekfrezen, vlakken, zagen, slijpen, lassen, enz. van metalen stukken	Perçage, tournage, fraisage, arasage, rabotage, rodage, brochage, dressage, sciage, meulage, affûtage, etc., de pièces métalliques	Bohren, Drehen, Fräsen, Hobeln, Läppen,  Funkenerodieren, Zugräumen, Plansenken, Sägen, Schleifen, Schweißen usw von Metallteilen	Drilling, turning, milling, shaving, planing, lapping, broaching, dressage, sawing, grinding, sharpening, etc. of metal parts
3	25.6	2025	Vervaardiging van scharen, messen, bestekken, gereedschap en ijzerwaren	Fabrication de coutellerie, d’outillage et de quincaillerie	Herstellung von Schneidwaren, Werkzeugen, Schlössern und Beschlägen aus unedlen Metallen	Manufacture of cutlery, tools and general hardware
4	25.61	2025	Vervaardiging van scharen, messen, bestekken enz.	Fabrication de coutellerie	Herstellung von Schneidwaren und Bestecken aus unedlen Metallen	Manufacture of cutlery
5	25.610	2025	Vervaardiging van scharen, messen, bestekken enz.	Fabrication de coutellerie	Herstellung von Schneidwaren und Bestecken aus unedlen Metallen	Manufacture of cutlery
4	25.62	2025	Vervaardiging van hang- en sluitwerk	Fabrication de serrures et de ferrures	Herstellung von Schlössern und Beschlägen aus unedlen Metallen	Manufacture of locks and hinges
5	25.620	2025	Vervaardiging van hang- en sluitwerk	Fabrication de serrures et de ferrures	Herstellung von Schlössern und Beschlägen aus unedlen Metallen	Manufacture of locks and hinges
7	25.62001	2025	Vervaardiging van hangsloten, grendelsloten en andere sloten, sleutels en ander hang- en sluitwerk voor gebouwen, meubels, voertuigen, enz.	Fabrication de serrures, de cadenas, de verrous, de clés et d'articles similaires de serrurerie pour le bâtiment, l'ameublement, les véhicules, etc.	Herstellung von Hängeschlössern, Riegelschlössern und anderen Schlössern, Schlüsseln und ähnlichen Schlossereiartikeln für Gebäude, Möbel, Fahrzeuge usw	Manufacture of locks, padlocks, locks, keys and locksmith similar articles for the building, furniture, vehicles, etc.
7	25.62002	2025	Vervaardiging van scharnieren, hengsels en hengselduimen	Fabrication de charnières, de gonds, de paumelles,etc	Herstellung von Scharnieren, Türbändern und Scharnierbändern	Manufacture of hinges, hinge pins, 
4	25.63	2025	Vervaardiging van gereedschap	Fabrication d’outillage	Herstellung von Werkzeugen	Manufacture of tools
5	25.631	2025	Vervaardiging van vormkasten en gietvormen	Fabrication de moules et modèles	Herstellung von Formenkästen und Gießformen	Manufacture of moulds and models
5	25.639	2025	Vervaardiging van gereedschap, muv vormkasten en gietvormen	Fabrication d'outillage, à l’exception des moules et des modèles	Herstellung von Werkzeugen mit Ausnahme von Formkästen und Gussformen	Manufacture of tools, except moulds and models
7	25.63901	2025	Vervaardiging van handgereedschap zoals tangen, schroevedraaiers, sleutels, tuinscharen, truwelen, soldeerlampen, enz.	Fabrication d'outils à main tels que pinces, tournevis, clés, sécateurs, truelles, lampes à souder, etc.	Herstellung von Handwerkzeugen wie Zangen, Schraubenziehern, Schlüssel, Gartenscheren, Maurerkellen, Schweißlampen usw	Manufacture of hand tools such as pliers, screwdrivers, wrenches, pruning shears, trowels, blowtorches, etc.
7	25.63902	2025	Vervaardiging van messen en snijbladen voor machines en voor mechanische toestellen	Fabrication de couteaux et de lames tranchantes pour machines ou pour appareils mécaniques	Herstellung von Messern und Klingen für Maschinen und für mechanische Geräte	Manufacture of knives and cutting blades for machines or for mechanical appliances
7	25.63903	2025	Vervaardiging van verwisselbare gereedschappen voor al dan niet mechanisch handgereedschap of voor gereedschapswerktuigen : boren, stempels, matrijzen, frezen, enz.	Fabrication d'outils interchangeables pour outillage à main, mécaniques ou non, ou pour machines-outils: forets, poinçons, matrices, fraises, etc.	Herstellung von Ersatzzubehör für mechanische oder sonstige Handwerkzeuge oder Werkzeugmaschinen: Bohrer, Stempel, Matritzen, Fräsen usw	Manufacture of interchangeable tools for hand tools, whether or not, or for machine tools: drills, punches, dies, cutters, etc.
7	25.63904	2025	Vervaardiging van smederijgereedschappen : smidsen, aambeelden, enz.	Fabrication d'outils de forgeron: forges, enclumes, etc.	Herstellung von Schmiedewerkzeugen: Schmieden, Ambosse usw	Manufacture of blacksmith tools: forges, anvils, etc.
3	25.9	2025	Vervaardiging van andere producten van metaal	Fabrication d’autres ouvrages en métaux	Herstellung von sonstigen Metallwaren	Manufacture of other fabricated metal products
4	25.91	2025	Vervaardiging van stalen vaten en dergelijke	Fabrication de fûts et emballages métalliques similaires	Herstellung von Fässern, Trommeln, Dosen, Eimern u Ä Behältern aus Metall	Manufacture of steel drums and similar containers
5	25.910	2025	Vervaardiging van stalen vaten en dergelijke	Fabrication de fûts et emballages métalliques similaires	Herstellung von Fässern, Trommeln, Dosen, Eimern u Ä Behältern aus Metall	Manufacture of steel drums and similar containers
7	25.91001	2025	Vervaardiging van ijzeren of stalen recipiënten met een inhoudscapaciteit van niet meer dan 300 liter	Fabrication de récipients métalliques d'une capacité inférieure à 300 litres	Herstellung von Eisen- oder Stahlbehältern mit einem Fassungsvermögen von waniger als 300 Litern	Manufacturing of metal containers with capacity less than 300 litres
7	25.91002	2025	Vervaardiging van metalen emmers, kruiken, bussen, trommels, enz.	Fabrication de seaux, de cruches, de bidons, de tonneaux, , en métaux	Herstellung von Eimern, Krügen, Kannen, Trommeln usw	Manufacturing buckets, jugs, cans, barrels, , of metal
4	25.92	2025	Vervaardiging van verpakkingsmiddelen van licht metaal	Fabrication d’emballages métalliques légers	Herstellung von Verpackungen und Verschlüssen aus Eisen, Stahl und NE-Metall	Manufacture of light metal packaging
5	25.920	2025	Vervaardiging van verpakkingsmiddelen van licht metaal	Fabrication d’emballages métalliques légers	Herstellung von Verpackungen und Verschlüssen aus Eisen, Stahl und NE-Metall	Manufacture of light metal packaging
7	25.92001	2025	Vervaardiging van blikken en blikjes voor voedingsmiddelen en dranken	Fabrication de boîtes pour conserves alimentaires et pour boissons	Herstellung von Dosen für Lebensmittelkonserven und Getränke	Manufacture of boxes for canned food and beverage
7	25.92002	2025	Vervaardiging van metalen deksels	Fabrication d'articles métalliques de bouchage et de surbouchage	Herstellung von Metalldeckeln und -verschlüssen	Manufacture of metal articles for patching and over cap
4	25.93	2025	Vervaardiging van artikelen van draad en van kettingen en veren	Fabrication d’articles en fils métalliques, de chaînes et de ressorts	Herstellung von Drahtwaren, Ketten und Federn	Manufacture of wire products, chain and springs
5	25.930	2025	Vervaardiging van artikelen van draad en van kettingen en veren	Fabrication d’articles en fils métalliques, de chaînes et de ressorts	Herstellung von Drahtwaren, Ketten und Federn	Manufacture of wire products, chain and springs
7	25.93001	2025	Vervaardiging van artikelen van draad : prikkeldraad, traliewerk, vlechtwerk, metaalgaas, metaaldoek, enz.	Fabrication d'articles en fils métalliques : ronces artificielles, clôtures, grillages, treillis, toiles métalliques, etc.	Herstellung von Drahtwaren: Stacheldraht, Gitter, Drahtgeflechte, Drahtnetze, Metalltuch usw	Manufacture of metal threads: barbed wire, fences, gratings, mesh, wire mesh, etc.
7	25.93002	2025	Vervaardiging van nagels, pinnen, enz.	Fabrication de clous, pointes, etc.	Herstellung von Nägeln, Stiften usw	Manufacturing nails, spikes, etc.
7	25.93003	2025	de vervaardiging van veren : bladveren, schroefveren, veren voor torsiestaven	la fabrication de ressorts: ressorts à lames, ressorts hélicoïdaux, barres de torsion	Herstellung von Federn: Blattfedern, Schraubenfedern, Torsionsstangen	the manufacture of springs: leaf springs, coil springs, torsion bars
4	25.94	2025	Vervaardiging van bouten, schroeven en moeren	Fabrication de vis, de boulons et d'écrous	Herstellung von Schrauben und Nieten	Manufacture of fasteners and screw machine products
5	25.940	2025	Vervaardiging van bouten, schroeven en moeren	Fabrication de vis, de boulons et d'écrous	Herstellung von Schrauben und Nieten	Manufacture of fasteners and screw machine products
4	25.99	2025	Vervaardiging van andere producten van metaal n.e.g.	Fabrication d’autres produits métalliques n.c.a.	Herstellung von sonstigen Metallwaren a.n.g.	Manufacture of other fabricated metal products n.e.c.
5	25.991	2025	Vervaardiging van huishoudelijke en sanitaire producten van metaal	Fabrication d'articles métalliques à usage ménager et sanitaire	Herstellung von Haushalts- und Sanitärwaren aus Metall	Manufacture of metal household and sanitary articles
7	25.99101	2025	Vervaardiging van al dan niet geëmailleerde kookpotten, pannen en andere niet-elektrische voorwerpen voor gebruik aan tafel of in de keuken	Fabrication de casseroles émaillées ou non, poêles à frire et autres ustensiles non électriques pour la table et la cuisine	Herstellung von emaillierten und sonstigen Kochtöpfen, Pfannen und anderen nicht elektrischen Utensilien für den Tisch- oder Küchengebrauch	Manufacturing enamelled pots or not, frying pans and other non-electrical utensils for table and kitchen
7	25.99102	2025	Vervaardiging van al dan niet geëmailleerde baden, gootstenen, wastafels en dergelijke artikelen van onedele metalen	Fabrication de baignoires, d'éviers, de bassines et d'articles similaires en métaux communs, émaillés ou non	Herstellung von emaillierten und sonstigen Badewannen, Spülbecken, Waschbecken und ähnlichen Artikeln aus unedlen Metallen	Manufacture of baths, sinks, basins and similar articles of base metal, glazed or unglazed
5	25.999	2025	Vervaardiging van overige producten van metaal, n.e.g.	Fabrication d'autres articles métalliques n.c.a.	Herstellung von sonstigen Metallwaren a.n.g.	Manufacture of other metal products n.e.c.
7	25.99901	2025	Vervaardiging van brandkasten, kluizen, safeloketten, gepantserde deuren, enz.	Fabrication de coffres-forts, de compartiments pour chambres fortes, de portes blindées, etc.	Herstellung von Panzerschränken, Tresor- und Panzerfächern, Panzertüren usw	Manufacture of safes, vaults of for compartments, reinforced doors, etc.
7	25.99902	2025	Vervaardiging van metalen straatnaamborden en verkeersborden	Fabrication de panneaux indicateurs et de panneaux de signalisation	Herstellung von Straßen- und Verkehrsschildern aus Metall	Manufacture of signs and traffic signs
7	25.99903	2025	Vervaardiging van metalen ladders	Fabrication d'échelles et escabeaux métalliques	Herstellung von Metalleitern	Manufacture of metal ladders and stepladders
7	25.99904	2025	Vervaardiging van brievenbussen	Fabrication de boîtes aux lettres	Herstellung von Briefkästen	Mailbox manufacturing
7	25.99905	2025	Vervaardiging van zinken dakgoten en nokbekleding	Fabrication d'éléments de couverture en métal : gouttières, faîtages, etc.	Herstellung von Dachrinnen und Firstverkleidungen aus Zink	Manufacture of metal roofing elements: gutters, roof capping, etc.
2	26     	2025	Vervaardiging van informaticaproducten en van elektronische en optische producten	Fabrication de produits informatiques, électroniques et optiques	Herstellung von Datenverarbeitungsgeräten, elektronischen und optischen Erzeugnissen	Manufacture of computer, electronic and optical products
3	26.1	2025	Vervaardiging van elektronische onderdelen en printplaten	Fabrication de composants et cartes électroniques	Herstellung von elektronischen Bauelementen und Leiterplatten	Manufacture of electronic components and boards
4	26.11	2025	Vervaardiging van elektronische onderdelen	Fabrication de composants électroniques	Herstellung von elektronischen Bauelementen	Manufacture of electronic components
5	26.110	2025	Vervaardiging van elektronische onderdelen	Fabrication de composants électroniques	Herstellung von elektronischen Bauelementen	Manufacture of electronic components
7	26.11001	2025	Vervaardiging van niet-bestukte elektronische gedrukte schakelingen	Fabrication de circuits imprimés nus	Herstellung von nicht bestückten Leiterplatten	Manufacture of bare printed circuit
7	26.11002	2025	Vervaardiging van gemonteerde piëzo-elektrische kristallen	Fabrication de cristaux piézo-électriques montés	Herstellung von montierten piezoelektrischen Kristallen	Manufacture of mounted piezoelectric crystals
7	26.11003	2025	Vervaardiging van elektronisch geïntegreerde schakelingen en micro-assemblages: monolithisch geïntegreerde schakelingen, hybride geïntegreerde schakelingen en elektronische microassemblages, enz.	Fabrication de circuits intégrés et de micro-assemblage électroniques: circuits intégrés monolithiques, circuits intégrés hybrides et micro-assemblages électroniques de blocs moulés, etc.	Herstellung von elektronisch integrierten Schaltungen und Mikroschaltungen: monolithisch integrierte Schaltungen, Hybridschaltungen, zusammengesetzte elektronische Mikroschaltungen usw	Manufacture of integrated circuits and electronic micro assemblies: monolithic integrated circuits, hybrid integrated circuits and electronic micro-assemblies of moulded module, etc.
4	26.12	2025	Vervaardiging van elektronische printplaten	Fabrication de cartes électroniques assemblées	Herstellung von bestückten Leiterplatten	Manufacture of loaded electronic boards
5	26.120	2025	Vervaardiging van elektronische printplaten	Fabrication de cartes électroniques assemblées	Herstellung von bestückten Leiterplatten	Manufacture of loaded electronic boards
3	26.2	2025	Vervaardiging van computers en randapparatuur	Fabrication d’ordinateurs et d’équipements périphériques	Herstellung von Datenverarbeitungsgeräten und peripheren Geräten	Manufacture of computers and peripheral equipment
4	26.20	2025	Vervaardiging van computers en randapparatuur	Fabrication d’ordinateurs et d’équipements périphériques	Herstellung von Datenverarbeitungsgeräten und peripheren Geräten	Manufacture of computers and peripheral equipment
5	26.200	2025	Vervaardiging van computers en randapparatuur	Fabrication d’ordinateurs et d’équipements périphériques	Herstellung von Datenverarbeitungsgeräten und peripheren Geräten	Manufacture of computers and peripheral equipment
7	26.20001	2025	Vervaardiging van automatische gegevensverwerkende machines, inclusief microcomputers en tekstverwerkers : centrale verwerkingseenheden, interfaces, consoles, enz.	Fabrication de machines automatiques de traitement de l'information, y compris les micro-ordinateurs et les machines pour le traitement des textes: unités centrales, interfaces, consoles, etc.	Herstellung von Geräten zur automatischen Datenverarbeitung, einschließlich Mikrocomputer und Textverarbeitungsgeräte: usw Zentraleinheiten, Schnittstellen, Konsolen usw	Manufacture of automatic data processing machines, including computers and machines for processing texts: CPUs, interfaces, consoles, etc.
7	26.20002	2025	Vervaardiging van randapparatuur : printers, terminals, enz., magnetische en optische disk drives, machines voor het omzetten van gegevens in gecodeerde vorm op gegevensdragers	Fabrication d'unités périphériques: imprimantes, terminaux, etc.; lecteurs de disques magnétiques ou optiques, machines de mise d'informations sur support sous forme codée	Herstellung von Peripheriegeräten: Drucker, Terminals usw; magnetische und optische Laufwerke, Maschinen zum Aufzeichnen von Daten auf Datenträger in kodierter Form	Manufacture of peripherals: printers, terminal, etc. ; magnetic or optical disc readers, machines for transcribing data on media in coded form
3	26.3	2025	Vervaardiging van communicatieapparatuur	Fabrication d’équipements de communication	Herstellung von Geräten und Einrichtungen der Telekommunikationstechnik	Manufacture of communication equipment
4	26.30	2025	Vervaardiging van communicatieapparatuur	Fabrication d’équipements de communication	Herstellung von Geräten und Einrichtungen der Telekommunikationstechnik	Manufacture of communication equipment
5	26.300	2025	Vervaardiging van communicatieapparatuur	Fabrication d’équipements de communication	Herstellung von Geräten und Einrichtungen der Telekommunikationstechnik	Manufacture of communication equipment
7	26.30001	2025	Vervaardiging van televisiecamera's	Fabrication de caméras de télévision	Herstellung von Fernsehkameras	Manufacture of television camera
7	26.30002	2025	Vervaardiging van apparatuur voor radio- en teledistributie	Fabrication d'équipements de radiodistribution et de télédistribution	Herstellung von Geräten für Kabelrundfunk und -fernsehen	Manufacture of equipment for radio, television and communication distribution
7	26.30003	2025	Vervaardiging van zendantennes	Fabrication d'antennes d'émission	Herstellung von Sendeantennen	Manufacture of transmission antennas
3	26.4	2025	Vervaardiging van consumentenelektronica	Fabrication de produits électroniques grand public	Herstellung von Geräten der Unterhaltungselektronik	Manufacture of consumer electronics
4	26.40	2025	Vervaardiging van consumentenelektronica	Fabrication de produits électroniques grand public	Herstellung von Geräten der Unterhaltungselektronik	Manufacture of consumer electronics
5	26.400	2025	Vervaardiging van consumentenelektronica	Fabrication de produits électroniques grand public	Herstellung von Geräten der Unterhaltungselektronik	Manufacture of consumer electronics
7	26.40001	2025	Vervaardiging van televisietoestellen, videomonitors en videoprojectietoestellen	Fabrication d'appareils récepteurs de télévision, y compris les moniteurs vidéo et les projecteurs vidéo	Herstellung von Fernsehgeräten, einschließlich Videomonitore und Videoprojektoren	Manufacture of television receivers, including video monitors and video projectors
7	26.40002	2025	Vervaardiging van videoopname- en videoweergaveapparaten inclusief camcorders	Fabrication d'équipements de reproduction (appareils d'enregistrement ou de reproduction vidéophoniques), y compris les caméscopes	Herstellung von Videoaufnahme- und Videowiedergabegeräten, einschließlich Camcorder	Manufacture of production equipment (recording or reproducing apparatus video intercom), including camcorders
7	26.40003	2025	Vervaardiging van microfoons, luidsprekers, hoofdtelefoons, oortelefoons, audiofrequentieversterkers en geluidsversterkers	Fabrication de microphones, de hauts-parleurs, d'écouteurs, d'amplificateurs d'audiofréquence et d'appareils d'amplification du son	Herstellung von Mikrofonen, Lautsprechern, Kopfhörern, Tonfrequenzverstärkern und Tonverstärkereinrichtungen	Manufacture of microphones, loudspeakers, headphones, a sound amplifier and sound amplification devices
3	26.5	2025	Vervaardiging van meet-en controle-instrumenten, klokken en horloges	Fabrication d’instruments de mesure et d’essai; horlogerie	Herstellung von Mess- und Kontrollinstrumenten sowie von Uhren	Manufacture of measuring testing instruments, clocks and watches
4	26.51	2025	Vervaardiging van meet-, controle- en navigatie-instrumenten en -apparatuur	Fabrication d’instruments et d’appareils de mesure, d’essai et de navigation	Herstellung von Mess-, Kontroll-, Navigations- u Ä Instrumenten und Vorrichtungen	Manufacture of instruments and appliances for measuring, testing and navigation
5	26.510	2025	Vervaardiging van meet-, controle- en navigatie-instrumenten en -apparatuur	Fabrication d’instruments et d’appareils de mesure, d’essai et de navigation	Herstellung von Mess-, Kontroll-, Navigations- u Ä Instrumenten und Vorrichtungen	Manufacture of instruments and appliances for measuring, testing and navigation
7	26.51001	2025	Vervaardiging van precisiebalansen voor om laboratriumgebruik	Fabrication de balances de précision des types utilisés dans les laboratoire	Herstellung von Präzisionswaagen, ua für Laboranwendungen	Manufacturing precision scales of the type used in laboratory
7	26.51002	2025	Vervaardiging van niet-optische microscopen en diffractieapparaten	Fabrication de microscopes autres qu'optiques et de diffractographes	Herstellung von nichtoptischen Mikroskopen und Diffraktionsgeräten	Manufacture of microscopes other than optical and diffractograms
7	26.51003	2025	Vervaardiging van instrumenten en toestellen voor navigatie, meteorologie, geofysica,enz (geodesie, oceanografie, hydrologie, topografie, landmeten, radar- en sonartoestellen, enz.)	Fabrication d'instruments et appareils de navigation, de météorologie, de géophysique, etc. (géodésie, océanographie, hydrologie, topographie, arpentage, radars, sonars,etc)	Herstellung von Instrumenten und Geräten für Navigation, Meteorologie, Geophysik usw (Geodäsie, Ozeanographie, Hydrologie, Topographie, Vermessung, Radare und Sonare usw)	Manufacture of instruments and navigation, meteorological, geophysical, etc. (Geodesy, oceanography, hydrology, topography, surveying, radar, sonar, etc.)
7	26.51004	2025	Vervaardiging van verbruiksmeters en -tellers voor elektriciteit, water, gas, benzine, enz.	Fabrication de compteurs d'électricité, d'eau, de gaz, d'essence, etc.	Herstellung von Verbrauchsuhren und zählern für Elektrizität, Wasser, Gas, Kraftstoff usw	Manufacture of electricity meters, water, gas, gasoline, etc.
7	26.51005	2025	Vervaardiging van optische instrumenten, apparaten en toestellen voor het meten en het controleren	Fabrication d'appareils et d'instruments optiques de mesure et de contrôle	Herstellung von optischen Instrumenten, Apparaten und Geräten für Messungen und Prüfungen	Manufacture of devices and optical measuring instruments and control
7	26.51006	2025	Vervaardiging overige instrumenten, apparaten of toestellen voor metingen, controles of onderzoeken : densito-, lucht-, vochtmeters, thermo-, baro-taximeters, toerentellers, schredentellers, enz.	Fabrication d'autres instruments, appareils ou machines de mesure, de contrôle ou d'essais: densimètres, aréomètres, pèse-liquides, thermomètres, baromètres, compte-tours, taximètres, podomètres, etc.	Herstellung von anderen Instrumenten, Geräten oder Maschinen für Messungen, Prüfungen oder Versuche:  Dichtemesser, Aräometer, Feuchtigkeitsmesser, Thermometer, Barometer, Drehzalmesser, Schrittzähler	Manufacture of other instruments, apparatus or measuring machines, control or test: hydrometers, areometers, thermometers, barometers, revolution, taximeters, pedometers, etc.
4	26.52	2025	Vervaardiging van klokken en horloges	Fabrication d'horloges et de montres	Herstellung von Uhren	Manufacture of watches and clocks
5	26.520	2025	Vervaardiging van klokken en horloges	Fabrication d'horloges et de montres	Herstellung von Uhren	Manufacture of watches and clocks
7	26.52001	2025	Vervaardiging van alle soorten horloges en klokken (inclusief klokjes voor instrumentenpanelen), van kasten en kastjes voor uurwerken (ook indien van edele metalen )	Fabrication de montres et d'horloges de tous types (y compris les horloges de tableau de bord), de boîtiers de montres, de cages et cabinets d'horlogerie (y compris ceux en métaux précieux)	Herstellung von Uhren jeglicher Art (einschließlich Uhren für Instrumentenbretter), von Kästen und Gehäusen für Uhrwerke (einschließlich aus Edelmetallen)	Manufacture of watches and clocks of all kinds (including dashboard clocks), watch cases, stands and watches firms (including precious metals)
3	26.6	2025	Vervaardiging van bestralingsapparatuur en van elektromedische en elektrotherapeutische apparatuur	Fabrication d’équipements d’irradiation médicale, d’équipements électromédicaux et électrothérapeutiques	Herstellung von Bestrahlungs- und Elektrotherapiegeräten und elektromedizinischen Geräten	Manufacture of irradiation, electromedical and electrotherapeutic equipment
4	26.60	2025	Vervaardiging van bestralingsapparatuur en van elektromedische en elektrotherapeutische apparatuur	Fabrication d’équipements d’irradiation médicale, d’équipements électromédicaux et électrothérapeutiques	Herstellung von Bestrahlungs- und Elektrotherapiegeräten und elektromedizinischen Geräten	Manufacture of irradiation, electromedical and electrotherapeutic equipment
5	26.600	2025	Vervaardiging van bestralingsapparatuur en van elektromedische en elektrotherapeutische apparatuur	Fabrication d’équipements d’irradiation médicale, d’équipements électromédicaux et électrothérapeutiques	Herstellung von Bestrahlungs- und Elektrotherapiegeräten und elektromedizinischen Geräten	Manufacture of irradiation, electromedical and electrotherapeutic equipment
7	26.60001	2025	Vervaardiging van elektrische apparaten voor de genees-, de tandheel- en de veeartsenijkunde	Fabrication d'appareils électriques pour la médecine, l'art dentaire et l'art vétérinaire	Herstellung von elektrischen Geräten für die Medizin, Zahnmedizin und Veterinärmedizin	Manufacture of electrical appliances used in medical, dental and veterinary sciences
7	26.60002	2025	Vervaardiging van apparaten en toestellen voor elektrodiagnose zoals elektrocardiografen, ultrasone diagnoseinstrumenten, scintillatiescanners, apparatuur voor kernspinresonantie, enz.	Fabrication d'appareils d'électrodiagnostic tels qu'électrocardiographes, app de diagnostic par ultrasons, tomodensitomètres à scintillation, installations de résonance magnétique nucléaire, etc.	Herstellung von Elektrodiagnosegeräten wie Elektrokardiographen, Ultraschalldiagnosegeräte, Szintillationsscanner, Kernspinnresonanz-Apparatur usw	Manufacture of electro diagnostic devices, such as electro radiographic  devices, ultrasonic diagnostic apparatus, CT scintillation nuclear magnetic resonance installations, 
3	26.7	2025	Vervaardiging van optische instrumenten, magnetische en optische dragers en fotografische apparatuur	Fabrication de matériels optique et photographique et de supports magnétiques et optiques	Herstellung von optischen und fotografischen Instrumenten und Geräten sowie von magnetischen und optischen Datenträgern	Manufacture of optical instruments, magnetic and optical media and photographic equipment
4	26.70	2025	Vervaardiging van optische instrumenten, magnetische en optische dragers en fotografische apparatuur	Fabrication de matériels optique et photographique et de supports magnétiques et optiques	Herstellung von optischen und fotografischen Instrumenten und Geräten sowie von magnetischen und optischen Datenträgern	Manufacture of optical instruments, magnetic and optical media and photographic equipment
5	26.700	2025	Vervaardiging van optische instrumenten, magnetische en optische dragers en fotografische apparatuur	Fabrication de matériels optique et photographique et de supports magnétiques et optiques	Herstellung von optischen und fotografischen Instrumenten und Geräten sowie von magnetischen und optischen Datenträgern	Manufacture of optical instruments, magnetic and optical media and photographic equipment
7	26.70001	2025	Vervaardiging van prisma's, lenzen, optische spiegels, kleurfilters, polarisatiefilters, enz., van glas of van andere materialen	Fabrication de prismes, lentilles, miroirs optiques, filtres sélectifs de couleur, éléments polarisants,, en verre ou en toute autre matière	Herstellung von Prismen, Linsen, optischen Spiegeln, Farbfiltern, Polarisationsfiltern usw aus Glas oder anderen Materialien	Manufacture of prisms, lenses, optical mirrors, selective colour filters, polarisers, , of glass or any other material
7	26.70011	2025	Vervaardiging van ongebruikte dragers voor het opnemen van geluid of beelden	Fabrication de supports vierges pour l'enregistrement du son ou de l'image	Herstellung von unbeschriebenen Datenträgern für die Aufzeichnung von Bild und Ton	Manufacture of blank media for recording sound or image
7	26.70012	2025	Vervaardiging van ongebruikte computerschijven en -banden	Fabrication de disques et de bandes vierges pour l'enregistrement de données informatiques	Herstellung von unbeschriebenen Datenplatten und -bändern	Manufacturing of discs and blank tapes for computer data recording
2	27     	2025	Vervaardiging van elektrische apparatuur	Fabrication d’équipements électriques	Herstellung von elektrischen Ausrüstungen	Manufacture of electrical equipment
3	27.1	2025	Vervaardiging van elektromotoren, van elektrische generatoren en transformatoren en van schakel- en verdeelinrichtingen	Fabrication de moteurs, génératrices et transformateurs électriques et de matériel de distribution et de commande électrique	Herstellung von Elektromotoren, Generatoren, Transformatoren, Elektrizitätsverteilungs- und -schalteinrichtungen	Manufacture of electric motors, generators, transformers and electricity distribution and control apparatus
4	27.11	2025	Vervaardiging van elektromotoren en van elektrische generatoren en transformatoren	Fabrication de moteurs, génératrices et transformateurs électriques	Herstellung von Elektromotoren, Generatoren und Transformatoren	Manufacture of electric motors, generators and transformers
5	27.110	2025	Vervaardiging van elektromotoren en van elektrische generatoren en transformatoren	Fabrication de moteurs, génératrices et transformateurs électriques	Herstellung von Elektromotoren, Generatoren und Transformatoren	Manufacture of electric motors, generators and transformers
7	27.11001	2025	Vervaardiging van wisselstroommotoren	Fabrication de moteurs à courant alternatif	Herstellung von Wechselstrommotoren	Manufacturing alternating current motors
7	27.11002	2025	Vervaardiging van wisselstroomgeneratoren	Fabrication de machines génératrices à courant alternatif	Herstellung von Wechselstrommotoren	Manufacture of AC generators machinery
7	27.11003	2025	Vervaardiging van elektrische transformatoren	Fabrication de transformateurs électriques	Herstellung von Elektro-Transformatoren	Manufacture of electrical transformers
7	27.11004	2025	Herwikkelen van elektromotoren en transformatoren	Rebobinage d'électromoteurs et de transformateurs	Neuwicklung von Elektromotoren und Transformatoren	electro winding motors and transformers
4	27.12	2025	Vervaardiging van schakel- en verdeelinrichtingen	Fabrication de matériel de distribution et de commande électrique	Herstellung von Elektrizitätsverteilungs- und -schalteinrichtungen	Manufacture of electricity distribution and control apparatus
5	27.120	2025	Vervaardiging van schakel- en verdeelinrichtingen	Fabrication de matériel de distribution et de commande électrique	Herstellung von Elektrizitätsverteilungs- und -schalteinrichtungen	Manufacture of electricity distribution and control apparatus
7	27.12001	2025	Vervaardiging van borden, panelen, consoles, kasten en dergelijke voor elektrische bediening of voor het verdelen van elektrische stroom	Fabrication de tableaux, panneaux, consoles,pupitres, d'armoires et d'autres supports pour la commande ou la distribution électrique	Herstellung von Tafeln, Paneelen, Konsolen, Kästen und dergleichen zur elektrischen Bedienung oder Stromverteilung	Manufacture of boards, panels, consoles, desks, cabinets and other media for control or power distribution
3	27.2	2025	Vervaardiging van batterijen en accumulatoren	Fabrication de piles et d’accumulateurs électriques	Herstellung von Batterien und Akkumulatoren	Manufacture of batteries and accumulators
4	27.20	2025	Vervaardiging van batterijen en accumulatoren	Fabrication de piles et d’accumulateurs électriques	Herstellung von Batterien und Akkumulatoren	Manufacture of batteries and accumulators
5	27.200	2025	Vervaardiging van batterijen en accumulatoren	Fabrication de piles et d’accumulateurs électriques	Herstellung von Batterien und Akkumulatoren	Manufacture of batteries and accumulators
7	27.20001	2025	Vervaardiging van elektrische elementen en elektrische batterijen, inclusief batterijen voor motorvoertuigen	Fabrication de piles et de batteries électriques, y compris les batteries pour véhicules à moteur	Herstellung von elektrischen Elementen und Batterien, einschließlich Batterien für Kraftfahrzeuge	Manufacture of batteries and electric batteries, including batteries for motor vehicles
3	27.3	2025	Vervaardiging van kabels en van schakelaars, stekkers, stopcontacten ed	Fabrication de fils et câbles et de matériel d’installation électrique	Herstellung von Kabeln und elektrischem Installationsmaterial	Manufacture of wiring and wiring devices
4	27.31	2025	Vervaardiging van kabels van optische vezels	Fabrication de câbles de fibres optiques	Herstellung von Glasfaserkabeln	Manufacture of fibre optic cables
5	27.310	2025	Vervaardiging van kabels van optische vezels	Fabrication de câbles de fibres optiques	Herstellung von Glasfaserkabeln	Manufacture of fibre optic cables
4	27.32	2025	Vervaardiging van andere elektrische en elektronische draden en kabels	Fabrication d’autres fils et câbles électroniques ou électriques	Herstellung von sonstigen elektronischen und elektrischen Drähten und Kabeln	Manufacture of other electronic and electric wires and cables
5	27.320	2025	Vervaardiging van andere elektrische en elektronische draden en kabels	Fabrication d’autres fils et câbles électroniques ou électriques	Herstellung von sonstigen elektronischen und elektrischen Drähten und Kabeln	Manufacture of other electronic and electric wires and cables
7	27.32001	2025	Vervaardiging van geïsoleerde draad, kabels, strippen en andere geleiders van elektriciteit, ook indien voorzien van verbindingsstukken	Fabrication de fils, de câbles, de bandes et d'autres conducteurs isolés, munis ou non de pièces de connexion	Herstellung von isoliertem Draht, Kabeln, Streifen und anderen Stromleitern, mit oder ohne Anschlussstücke	manufacture of thread, cables, tapes and other insulated conductors, whether or not fitted with connectors
4	27.33	2025	Vervaardiging van onderdelen van elektrische installaties	Fabrication de matériel d’installation électrique	Herstellung von elektrischem Installationsmaterial	Manufacture of wiring devices
5	27.330	2025	Vervaardiging van onderdelen van elektrische installaties	Fabrication de matériel d’installation électrique	Herstellung von elektrischem Installationsmaterial	Manufacture of wiring devices
7	27.33001	2025	Vervaardiging van toestellen voor het uit-, in- en omschakelen, aansluiten of verdelen van of  beveiligen tegen elektrische stroom : schakelaars, zekeringen, bliksemafleiders, enz.	Fabrication d'appareillages pour coupure, sectionnement, protection, branchement, raccordement ou connexion des circuits électriques: interrupteurs, commutateurs, coupe-circuits, etc.	Herstellung von Vorrichtungen zum Aus-, Ein- und Umschalten, Anschließen oder Verteilen von oder Schutz vor elektrischem Strom: Schalter, Sicherungen, Blitzableiter usw	Manufacture of equipment for switching or protection, connection, connection or electrical circuits: switches, circuit breakers, etc.
3	27.4	2025	Vervaardiging van verlichtingsbenodigdheden	Fabrication d’appareils d’éclairage	Herstellung von Lampen und Leuchten	Manufacture of lighting equipment
4	27.40	2025	Vervaardiging van verlichtingsbenodigdheden	Fabrication d’appareils d’éclairage	Herstellung von Lampen und Leuchten	Manufacture of lighting equipment
5	27.401	2025	Vervaardiging van lampen	Fabrication de lampes	Herstellung von elektrischen Lampen	Manufacture of lamps
7	27.40101	2025	Vervaardiging van elektrische gloeilampen en -buizen en van elektrische gasontladingslampen en -buizen	Fabrication de lampes et de tubes électriques à incandescence ou à décharge	Herstellung von elektrischen Glüh- und Gasentladungslampen	Manufacture of lamps and electric tubes incandescent or discharging
5	27.402	2025	Vervaardiging van verlichtingsapparaten	Fabrication d'appareils d'éclairage électrique	Herstellung von sonstigen elektrischen Leuchten	Manufacture of electric lighting equipment
3	27.5	2025	Vervaardiging van huishoudapparaten	Fabrication d’appareils ménagers	Herstellung von Haushaltsgeräten	Manufacture of domestic appliances
4	27.51	2025	Vervaardiging van elektrische huishoudapparaten	Fabrication d’appareils électroménagers	Herstellung von elektrischen Haushaltsgeräten	Manufacture of electric domestic appliances
5	27.510	2025	Vervaardiging van elektrische huishoudapparaten	Fabrication d’appareils électroménagers	Herstellung von elektrischen Haushaltsgeräten	Manufacture of electric domestic appliances
7	27.51001	2025	Vervaardiging van koel- en vrieskasten, vaatwasmachines en droogtoestellen	Fabrication de réfrigérateurs et congélateurs-conservateurs, machines à laver la vaisselle, machines à laver et à sécher le linge	Herstellung von Eis- und Gefrierschränken, Geschirrspülmaschinen, Waschmaschinen und Wäschetrocknern	Manufacture of refrigerators and freezers, washing machines, dishwasher, washing and drying machines
7	27.51002	2025	Vervaardiging van elektrische heetwatertoestellen, elektrische dekens, verwarmingstoestellen van woonruimtes en ventilatoren voor huishoudelijk gebruik, elektrische strijkijzers	Fabrication d'appareils électrothermiques: chauffe-eau, couvertures chauffantes, appareils pour le chauffage des locaux et ventilateurs de type ménager, fers à repasser, à usage domestique	Herstellung von elektrischen Warmwasserbereitern: Elektrische Heizdecken, Heizkörper für Wohnräume und Venitlatoren für den Haushalt, elektrische Bügeleisen	Production of electrothermic appliances: water heaters, electric blankets, space heaters and household-type fans, irons, for domestic use
4	27.52	2025	Vervaardiging van niet-elektrische huishoudapparaten	Fabrication d’appareils ménagers non électriques	Herstellung von nichtelektrischen Haushaltsgeräten	Manufacture of non-electric domestic appliances
5	27.520	2025	Vervaardiging van niet-elektrische huishoudapparaten	Fabrication d’appareils ménagers non électriques	Herstellung von nichtelektrischen Haushaltsgeräten	Manufacture of non-electric domestic appliances
7	27.52001	2025	Verv van niet-elektrische verwarmings- en kooktoestellen (toest voor verwarming van woonruimts, keukenfornuizen, kookketels met vuurhaard, kachels, heetwatertoest, kook- of braadtoest)	Fabrication d'appareils pour le chauffage des locaux, cuisinières, grils, poêles, chauffe-eau à gaz, ustensiles de cuisine et chauffe-plats, non électriques	Herstellung von nichtelektrischen Heiz- und Kochgeräten (Heizkörper für Wohnräume, Küchenherde, Kochkessel mit Feuerung, Öfen, Warmwasserbereiter, Koch- und Bratgeräte)	Manufacture of space heaters , cookers, grills, stoves, gas water heaters, kitchen utensils and plate warmers, non-electric
3	27.9	2025	Vervaardiging van andere elektrische apparatuur	Fabrication d’autres matériels électriques	Herstellung von sonstigen elektrischen Ausrüstungen und Geräten	Manufacture of other electrical equipment
4	27.90	2025	Vervaardiging van andere elektrische apparatuur	Fabrication d’autres matériels électriques	Herstellung von sonstigen elektrischen Ausrüstungen und Geräten	Manufacture of other electrical equipment
5	27.900	2025	Vervaardiging van andere elektrische apparatuur	Fabrication d’autres matériels électriques	Herstellung von sonstigen elektrischen Ausrüstungen und Geräten	Manufacture of other electrical equipment
7	27.90001	2025	Vervaardiging van elektrische signaalapparatuur, veiligheids-, controle- en regelapparatuur voor verkeerswegen, spoor- en tramwegen, waterwegen, havens en vliegvelden	Fabrication d'appareils électriques de signalisation, de sécurité, de contrôle ou de commande pour voies routières, ferrées, fluviales et installations portuaires, et pour aéroport	Herstellung von elektrischen Signalgeräten, Sicherheits-, Kontroll- und Steuerapparaten für Verkehrswege, Eisenbahn- und Straßenbahnstrecken, Wasserstraßen, Häfen und Flughäfen	Manufacture of electrical signalling, safety, or traffic control equipment for roads, railways, inland waterways and port facilities and airports
7	27.90002	2025	Vervaardiging van elektrische apparatuur voor hoorbare of zichtbare signalen : bellen, sirenes, signaalborden	Fabrication d'autres appareils électriques de signalisation acoustique ou visuelle : sonneries, sirènes, tableaux annonciateurs	Herstellung von anderen elektrischen, optischen und akustischen Signalgeräten: Klingeln, Sirenen, Anzeigetafeln	Manufacture of electrical equipment for audible or visible signals : bells, sirens, signal panels
7	27.90011	2025	Vervaardiging van zonnebanken, zonnehemels en dergelijke bruiningsapparatuur	Fabrication de bancs et ciels solaires et autres appareils de bronzage	Herstellung von Sonnenbänken, Sonnenhimmeln und ähnlichen Bräunungsgeräten	Manufacture of sunbeds, sunlamps and similar suntanning equipment
2	28     	2025	Vervaardiging van machines, apparaten en werktuigen, n.e.g.	Fabrication de machines et équipements n.c.a.	Maschinenbau a.n.g.	Manufacture of machinery and equipment n.e.c.
3	28.1	2025	Vervaardiging van machines en apparaten voor algemeen gebruik	Fabrication de machines d’usage général	Herstellung von nicht wirtschaftszweigspezifischen Maschinen	Manufacture of general-purpose machinery
4	28.11	2025	Vervaardiging van motoren en turbines, exclusief motoren voor luchtvaartuigen, motorvoertuigen en bromfietsen	Fabrication de moteurs et turbines, à l’exception des moteurs d’avions, de véhicules automobiles et de cyclomoteurs	Herstellung von Verbrennungsmotoren und Turbinen, ohne Motoren für Luft- und Straßenfahrzeuge	Manufacture of engines and turbines, except aircraft, vehicle and cycle engines
5	28.110	2025	Vervaardiging van motoren en turbines, exclusief motoren voor luchtvaartuigen, motorvoertuigen en bromfietsen	Fabrication de moteurs et turbines, à l’exception des moteurs d’avions, de véhicules automobiles et de cyclomoteurs	Herstellung von Verbrennungsmotoren und Turbinen, ohne Motoren für Luft- und Straßenfahrzeuge	Manufacture of engines and turbines, except aircraft, vehicle and cycle engines
7	28.11001	2025	Vervaardiging van motoren met inwendige verbranding en onderdelen daarvan, voor divers gebruik :voor railvoertuigen, landbouwwerktuigen en machines voor de bouwnijverheid, scheepsmotoren en buitenboot	Fabrication de moteurs à piston à combustion interne et de leurs parties pour usages divers: pour véhicules ferroviaires, machines agricoles ou engins de génie civil, navires et bateaux	Herstellung von Motoren mit interner Verbrennung und deren Teile für unterschiedliche Anwendungen: für Schienenfahrzeuge, Landwirtschaftsgeräte und Maschinen für das Baugewerbe, Boots- und Außenbordmo	Manufacture of internal combustion piston engines and parts thereof for various uses: for rail vehicles, agricultural machines or heavy-duty construction machinery, ships and boats
7	28.11002	2025	Vervaardiging van turbines en onderdelen daarvan : stoomturbines en andere damp - ; gas - ; waterturbines, waterraderen en regulators daarvoor	Fabrication de turbines et de leurs parties: turbines produisant de la vapeur d'eau ou d'autres types de vapeur, turbines à gaz, turbines hydrauliques, roues hydrauliques et leurs régulateurs	Herstellung von Tubinen und deren Teilen: Dampfturbinen und sonstige Gas- und Wasserturbinen, Wasserräder und deren Regulatoren	Manufacture of turbines and parts thereof: turbines generating steam or other vapour, gas turbines, hydraulic turbines, water wheels and regulators thereof
7	28.11003	2025	Vervaardiging van kulassen, drijfstangen, zuigers, zuigerringen, enz.	Fabrication de culasses, bielles, pistons, segments, etc.	Herstellung von Zylinderköpfen, Pleuelstangen, Kolben, Kolbenringen usw	Manufacturing cylinder heads, connecting rods, pistons, rings, etc.
4	28.12	2025	Vervaardiging van hydraulische en pneumatische apparatuur	Fabrication d’équipements de transmission de puissance hydrauliques et pneumatiques	Herstellung von hydraulischen und pneumatischen Komponenten und Systemen	Manufacture of fluid power equipment
5	28.120	2025	Vervaardiging van hydraulische en pneumatische apparatuur	Fabrication d’équipements de transmission de puissance hydrauliques et pneumatiques	Herstellung von hydraulischen und pneumatischen Komponenten und Systemen	Manufacture of fluid power equipment
7	28.12001	2025	Vervaardiging van hydraulische apparatuur, van pneumatische motoren en krachtmachines en van door windkracht aangedreven motoren en turbines	Fabrication de moteurs hydrauliques, pneumatiques et éoliens	Herstellung von hydraulischen Komponenten und Systemen, pneumatischen Motoren und Kraftmaschinen windkraftgetriebenen Motoren und Turbinen	Manufacture of hydraulic, pneumatic and wind engines
7	28.12002	2025	Vervaardiging van hydraulische overbrengingsmechanismen	Fabrication d'organes hydrauliques de transmission	Herstellung von hydraulischen Bauteilen und Übertragungsbauteilen	Manufacture of hydraulic or components of steering gear
4	28.13	2025	Vervaardiging van andere pompen en compressoren	Fabrication d’autres pompes et compresseurs	Herstellung von sonstigen Pumpen und Kompressoren	Manufacture of other pumps and compressors
5	28.130	2025	Vervaardiging van andere pompen en compressoren	Fabrication d’autres pompes et compresseurs	Herstellung von sonstigen Pumpen und Kompressoren	Manufacture of other pumps and compressors
7	28.13001	2025	Vervaardiging van lucht- en vacuumpompen en van compressoren voor lucht en andere gassen	Fabrication de pompes à air ou à vide et de compresseurs d'air ou d'autres gaz	Herstellung von Luft- und Vacuumpumpen und Kompressoren für Luft und andere Gase	Manufacture of air or vacuum pumps and of air or gas compressors
7	28.13002	2025	Vervaardiging van vloeistofpompen , ook voorzien van een meettoestel	Fabrication de pompes pour liquides, même comportant un dispositif mesureur	Herstellung von Flüssigkeitspumpen auch mit einer Messvorrichtung ausgerüstet	Manufacturing pumps for liquids, whether or not fitted with a measuring device
7	28.13003	2025	Vervaardiging van betonpompen	Fabrication de pompes à béton	Herstellung von Betonpumpen	Manufacture of concrete pumps
4	28.14	2025	Vervaardiging van andere kranen en dergelijke artikelen	Fabrication d’autres articles de robinetterie	Herstellung von sonstigen Armaturen	Manufacture of other taps and valves
5	28.140	2025	Vervaardiging van andere kranen en dergelijke artikelen	Fabrication d’autres articles de robinetterie	Herstellung von sonstigen Armaturen	Manufacture of other taps and valves
7	28.14001	2025	Vervaardiging van kranen en dergelijke artikelen voor industrieel gebruik, inclusief regelafsluiters en inlaatkleppen	Fabrication de robinetterie et de vannes industrielles, y compris les vannes de régulation et la robinetterie d'adduction	Herstellung von Hähnen und ähnlichen Artikeln für den industriellen Gebrauch, einschließlich Regulierventil und Einlassventil	Manufacture of industrial taps and valves, including control valves and supply valves
4	28.15	2025	Vervaardiging van tandwielen, lagers en andere drijfwerkelementen	Fabrication de roulements et de transmissions mécaniques	Herstellung von Lagern, Getrieben, Zahnrädern und Antriebselementen	Manufacture of bearings, gears, gearing and driving elements
5	28.150	2025	Vervaardiging van tandwielen, lagers en andere drijfwerkelementen	Fabrication de roulements et de transmissions mécaniques	Herstellung von Lagern, Getrieben, Zahnrädern und Antriebselementen	Manufacture of bearings, gears, gearing and driving elements
7	28.15001	2025	Vervaardiging van mechanismen voor het overbrengen van kracht : drijfwerkassen, nokkenassen, krukassen, enz.; krukken; kussenblokken en lagerschalen	Fabrication d'organes mécaniques de transmission de l'énergie: arbres de transmission, arbres à cames, vilebrequins, etc., manivelles, paliers et coussinets	Herstellung von Maschinenelementen zur Kraftübertragung: Übertragungswellen, Nockenwellen, Kurbelwellen usw, Kurbeln; Lagergehäuse und Lagerschalen	Manufacture of gearing and driving elements: transmission, cam- and crank- shafts, etc., cranks, bearings and main bearings
7	28.15002	2025	Vervaardiging van getande overbrengingen,wrijvingswielen, tandwielkasten en andere overbrengingsmechanismen voor het opvoeren, vertragen of aanpassen van de snelheid	Fabrication d'engrenages et de roues de friction ainsi que de réducteurs, de multiplicateurs et de variateurs de vitesse	Herstellung von Zahnradgetrieben und Reibradgetrieben sowie Untersetzungsgetrieben, Übersetzungsgetrieben und Drehzahlreglern	Manufacture of manufacture of gears, gearing and gear boxes and other speed changers
7	28.15003	2025	Vervaardiging van koppelingen en koppelingsorganen	Fabrication d'embrayages et d'organes d'accouplement	Herstellung von Kupplungen und Wellenkupplungen	Manufacture of clutches and shaft couplings
3	28.2	2025	Vervaardiging van andere machines en apparaten voor algemeen gebruik	Fabrication d’autres machines d’usage général	Herstellung von sonstigen nicht wirtschaftszweigspezifischen Maschinen	Manufacture of other general-purpose machinery
4	28.21	2025	Vervaardiging van ovens en permanente verwarmingstoestellen voor huishoudelijk gebruik	Fabrication de fours et brûleurs et d’équipements fixes de chauffage domestique	Herstellung von Öfen, Brennern und ortsfesten Heizgeräten für den Haushalt	Manufacture of ovens, furnaces and permanent household heating equipment
5	28.210	2025	Vervaardiging van ovens en permanente verwarmingstoestellen voor huishoudelijk gebruik	Fabrication de fours et brûleurs et d’équipements fixes de chauffage domestique	Herstellung von Öfen, Brennern und ortsfesten Heizgeräten für den Haushalt	Manufacture of ovens, furnaces and permanent household heating equipment
7	28.21001	2025	Vervaardiging van elektrische en andere industriële ovens, ovens voor laboratoria en ovens voor afvalverbranding	Fabrication de fours électriques et d'autres fours industriels, de fours de laboratoires et d'incinérateurs	Herstellung von elektrischen und sonstigen Industieöfen, Laboröfen und Abfallverbrennungsöfen	Manufacture of electric furnaces and other industrial furnaces, laboratory furnaces and incinerators
7	28.21002	2025	Vervaardiging van branders, inclusief branders voor ketels voor centrale verwarming	Fabrication de brûleurs, y compris les brûleurs pour chaudières de chauffage central	Herstellung von Brennern, einschließlich Brenner für Zentralheizungskessel	Manufacture of burners, including burners for central heating boilers
4	28.22	2025	Vervaardiging van hijs-, hef- en transportwerktuigen	Fabrication de matériel de levage et de manutention	Herstellung von Hebezeugen und Fördermitteln	Manufacture of lifting and handling equipment
5	28.220	2025	Vervaardiging van hijs-, hef- en transportwerktuigen	Fabrication de matériel de levage et de manutention	Herstellung von Hebezeugen und Fördermitteln	Manufacture of lifting and handling equipment
7	28.22001	2025	Vervaardiging van takels, lieren, kaapstanders, dommekrachten en vijzels	 la fabrication de palans, treuils et cabestans, crics et vérins	Herstellung von Zugwinden, Winden, Spillwinden, Wagenhebern und Schraubenwinden	 Manufacture of pulley tackle and hoists, winches, capstans and jacks
7	28.22002	2025	Vervaardiging van dirkkranen, hijskranen, verrijdbare kranen, hefportalen, portaalwagens, enz.	Fabrication de bigues, grues, portiques et grues mobiles, chariots-cavaliers, etc.	Herstellung von Bockkränen, Kränen, Portal- und Mobilkränen, Portalhubwagen usw	Manufacture of derricks, cranes, mobile lifting frames and cranes, straddle carriers, etc.
7	28.22003	2025	Vervaardiging van wagens voor intern transport, ook met eigen beweegkracht en al dan niet voorzien van een hef- of hanteerinrichting	Fabrication de chariots, même automobiles, munis ou non d'un dispositif de levage ou de manutention, des types utilisés dans les usines	Herstellung von Wagen zum internen Transport, auch selbstgetrieben, mit oder ohne Hebe- oder Tragvorrichtung	Manufacture of works trucks, self-propelled, not fitted with lifting or handling equipment, of the type used in factories
7	28.22004	2025	Vervaardiging van mechanische manipulatoren en industrierobots die speciaal voor het heffen, hijsen, laden of lossen van goederen zijn ontworpen	Fabrication de manipulateurs mécaniques et robots industriels spécialement conçus pour des opérations de levage, de manutention, de chargement ou de déchargement	Herstellung von speziell für das Heben, den Umschlag, das Laden oder Löschen von Gütern konzipierten mechanischen Manipulatoren und Industrierobotern	Manufacture of mechanical manipulators and industrial robots specifically designed for lifting, handling, loading or unloading
7	28.22005	2025	Vervaardiging van transportbanden, kabelbanen, vloeistofelevatoren, enz.	Fabrication d'appareils transporteurs ou convoyeurs, de téléphériques, d'élévateurs à liquides, etc.	Herstellung von Förderbändern, Seilbahnen, Hebewerken für Flüssigkeiten usw	Manufacture of transport equipment and conveyors, cable ways, liquid elevators, etc.
7	28.22006	2025	Vervaardiging van liften, goederenliften, roltrappen en rolpaden	Fabrication d'ascenseurs, d'escaliers mécaniques et de trottoirs roulants	Herstellung von Liften, Lastenaufzügen, Rolltreppen und Rollsteigen	Manufacture of elevators, escalators and moving walkways
4	28.23	2025	Vervaardiging van kantoormachines en -uitrusting (exclusief computers en randapparatuur)	Fabrication de machines et d’équipements de bureau (à l’exception des ordinateurs et équipements périphériques)	Herstellung von Büromaschinen, ohne Datenverarbeitungsgeräte und periphere Geräte	Manufacture of office machinery and equipment, except computers and peripheral equipment
5	28.230	2025	Vervaardiging van kantoormachines en -uitrusting (exclusief computers en randapparatuur)	Fabrication de machines et d’équipements de bureau (à l’exception des ordinateurs et équipements périphériques)	Herstellung von Büromaschinen, ohne Datenverarbeitungsgeräte und periphere Geräte	Manufacture of office machinery and equipment, except computers and peripheral equipment
7	28.23001	2025	Vervaardiging van elektrische en niet-elektrische schrijfmachines	Fabrication de machines à écrire électriques ou manuelles	Herstellung von elektrischen oder mechanischen Schreibmaschinen	Manufacture of electric and manual typewriters 
4	28.24	2025	Vervaardiging van elektrisch handgereedschap	Fabrication d’outillage portatif à moteur incorporé	Herstellung von handgeführten Werkzeugen mit Motorantrieb	Manufacture of power-driven hand tools
5	28.240	2025	Vervaardiging van elektrisch handgereedschap	Fabrication d’outillage portatif à moteur incorporé	Herstellung von handgeführten Werkzeugen mit Motorantrieb	Manufacture of power-driven hand tools
4	28.25	2025	Vervaardiging van machines en apparaten voor klimaatregeling, voor niet-huishoudelijk gebruik	Fabrication de machines et d'appareils conditionnement d’air pour usage non domestique	Herstellung von kälte- und lufttechnischen Erzeugnissen, nicht für den Haushalt	Manufacture of non-domestic air conditioning equipment
5	28.250	2025	Vervaardiging van machines en apparaten voor klimaatregeling, voor niet-huishoudelijk gebruik	Fabrication de machines et d'appareils conditionnement d’air pour usage non domestique	Herstellung von kälte- und lufttechnischen Erzeugnissen, nicht für den Haushalt	Manufacture of non-domestic air conditioning equipment
7	28.25001	2025	Vervaardiging van industriële machines, apparaten en toestellen voor de koeltechniek	Fabrication d'équipements industriels pour la production du froid	Herstellung von Industriemaschinen, -geräten und -anlagen der Kältetechnik	Manufacture of industrial refrigeration equipment and machinery
7	28.25002	2025	Vervaardiging van koeltoonbanken	Fabrication de comptoirs frigo	Herstellung von Kühltheken	Manufacture of refrigerated counters
7	28.25003	2025	Vervaardiging van machines en apparaten voor de klimaatregeling in besloten ruimten (airconditioning)	Fabrication de machines et appareils pour le conditionnement de l'air	Herstellung von Maschinen und Geräten für die Klimatisierung von geschlossenen Räumen (Klimaanlagen)	Manufacture of machinery and equipment for air conditioning
7	28.25004	2025	Vervaardiging van warmtewisselaars	Fabrication d'échangeurs de chaleur	Herstellung von Wärmetauschern	Manufacture of heat exchangers
7	28.25005	2025	Vervaardiging van ventilatoren voor niet-huishoudelijk gebruik	Fabrication de ventilateurs à usage non domestique	Herstellung von nicht für den Haushalt bestimmte Ventilatoren	Manufacture of non-domestic fans
4	28.29	2025	Vervaardiging van andere machines en apparaten voor algemeen gebruik, n.e.g.	Fabrication de machines diverses d’usage général	Herstellung von sonstigen nicht wirtschaftszweigspezifischen Maschinen a.n.g.	Manufacture of other general-purpose machinery n.e.c.
5	28.291	2025	Vervaardiging van verpakkingsmachines	Fabrication d'équipements d'emballage	Herstellung von Verpackungsmaschinen und -apparaten	Manufacture of packaging equipment
7	28.29101	2025	Vervaardiging van machines voor het vullen, sluiten, verzegelen, capsuleren, etiketteren, enz.	Fabrication de machines et appareils à empaqueter ou emballer: machines et appareils à remplir, fermer, sceller, capsuler, étiqueter, etc.	Herstellung von Maschinen und Apparaten zum Füllen, Verschließen, Versiegeln oder Etikettieren usw	Manufacture of packing or wrapping machinery : machinery for filling, closing, sealing, capping, labelling, etc.
7	28.29102	2025	Vervaardiging van verpakkingsinstallaties voorzien van een weeg- of doseerinrichting	Fabrication de chaînes de conditionnement munies de dispositis de pesée ou de dosage	Herstellung von mit einer Wiege- oder Dosiervorrichtung versehenen Verpackungsanlagen	Manufacture of packing lines provided with weighing or batching devices
5	28.292	2025	Vervaardiging van weegtoestellen	Fabrication d'appareils de pesage	Herstellung von Waagen	Manufacture of weighing devices
5	28.293	2025	Vervaardiging van toestellen voor het spuiten van vloeistoffen of poeder, inclusief brandblusapparaten	Fabrication d'appareils de projection, y compris les extincteurs	Herstellung von Geräten zum Sprühen von Flüssigkeiten oder Puder, einschliesslich Feuerlöscher	Manufacture of spraying equipment, including fire extinguishers
7	28.29301	2025	Vervaardiging van toestellen voor het spuiten, verspreiden of verstuiven van vloeistoffen of van poeder : spuitpistolen, stoomstraaltoestellen, enz.	Fabrication d'appareils à projeter, disperser ou pulvériser des matières liquides ou en poudre: fabrication de pistolets aérographes, d'appareils à jet de vapeur, etc.	Herstellung von Geräten zum Sprühen, Dispergieren oder Zerstäuben von Flüssigkeiten oder Puder : Spritzpistolen, Dampfstrahlapparate usw	Manufacture of appliances for projecting, dispersing or spraying liquids or powders: manufacture of spray guns, steam-jet devices, etc.
5	28.294	2025	Vervaardiging van verkoopautomaten	Fabrication de machines automatiques de vente de produits	Herstellung von Warenverkaufsautomaten	Manufacture of automatic vending machines
5	28.295	2025	Vervaardiging van filtreertoestellen	Fabrication d'appareils de filtrage	Herstellung von Filterapparaten	Manufacture of filtering devices
7	28.29501	2025	Vervaardiging van toestellen voor het filtreren of zuiveren van vloeistoffen	Fabrication d'appareils pour la filtration ou l'épuration des liquides	Herstellung von Geräten zum Filtern oder Reinigen von Flüssigkeiten	Manufacture of filtering or purifying apparatus for liquids
5	28.296	2025	Vervaardiging van hogedrukreinigers, zandstraalapparaten en dergelijk reinigingsmateriaal	Fabrication de nettoyeurs à haute pression, de matériel industriel de nettoyage au sable et similaires	Herstellung von Hochdruckreinigern, Sandstrahlgeräten und ähnlichen Reinigungsapparten	Manufacture of pressure cleaners, industrial sand blasting and similar equipment
5	28.299	2025	Vervaardiging van overige machines en apparaten voor algemeen gebruik, n.e.g.	Fabrication d'autres machines et appareils d'usage général n.c.a.	Herstellung von sonstigen nicht wirtschaftszweigspezifischen Maschinen a.n.g.	Manufacture of other general-purpose machinery and appliances n.e.c.
7	28.29901	2025	Vervaardiging van distilleer- en rectificeertoestellen voor aardolieraffinaderijen, voor de chemische industrie of voor de drankenindustrie	Fabrication d'appareils de distillation ou de rectification pour les raffineries de pétrole, les industries chimiques ou pour les industries des boissons	Herstellung von Destillations- und Rectificationsapparaten für Erdölraffinerien, für die chemische Industrie oder die Getränkeindustrie	Manufacture of distilling or rectifying apparatus for oil refineries, chemical industries or beverage industries
3	28.3	2025	Vervaardiging van machines en werktuigen voor de landbouw en de bosbouw	Fabrication de machines agricoles et forestières	Herstellung von land- und forstwirtschaftlichen Maschinen	Manufacture of agricultural and forestry machinery
4	28.30	2025	Vervaardiging van machines voor de landbouw en de bosbouw	Fabrication de machines agricoles et forestières	Herstellung von land- und forstwirtschaftlichen Maschinen	Manufacture of agricultural and forestry machinery
5	28.300	2025	Vervaardiging van machines voor de landbouw en de bosbouw	Fabrication de machines agricoles et forestières	Herstellung von land- und forstwirtschaftlichen Maschinen	Manufacture of agricultural and forestry machinery
7	28.30001	2025	Vervaardiging van tractoren voor gebruik in de landbouw of de bosbouw	Fabrication de tracteurs agricoles et forestiers	Herstellung von Traktoren für den Einsatz in der Land- oder Forstwirtschaft	Manufacture of agricultural and forestry tractors
7	28.30002	2025	Vervaardiging van motoculteurs	Fabrication de motoculteurs	Herstellung von Einachsschleppern	Manufacture of tillers
7	28.30003	2025	Vervaardiging van maaimachines, inclusief gazonmaaiers	Fabrication de faucheuses, y compris les tondeuses à gazon	Herstellung von Mähmaschinen, einschließlich Rasenmähern	Manufacture of mowers, including lawnmowers
7	28.30004	2025	Vervaardiging van al dan niet zelfladende of zelflossende aanhangwagens en opleggers voor landbouwdoeleinden	Fabrication de remorques ou de semi-remorques autochargeuses ou autodéchargeuses, pour usages agricoles	Herstellung von selbstladenden oder entladenden Anhängern oder Sattelanhängern für landwirtschaftliche Anwendungen	Manufacture of self-loading and self-unloading trailers and semi-trailers for agriculture
7	28.30005	2025	Vervaardiging van landbouwmachines voor het voorbereiden van de bodem, voor het planten of voor het bemesten : ploegen, machines voor het verspreiden van meststoffen, zaaimachines, eggen, enz.	Fabrication de machines, appareils et engins agricoles pour la préparation du sol, la plantation des cultures ou l'épandage des engrais : charrues, épandeurs de fumier, semoirs, herses, etc.	Herstellung von Landmaschinen für die Bodenvorbereitung, das Planzen oder Düngen: Pflüge, Miststreuer, Sämaschinen, Eggen usw	Manufacture of machinery and agricultural machinery for soil preparation, crop planting or fertilizer application: ploughs, manure spreaders, seeders, harrows, etc.
7	28.30006	2025	Vervaardiging van machines en werktuigen voor het oogsten van tuin- en landbouwproducten : oogst -, rooi -, dors -, sorteermachines, enz.	Fabrication de machines, appareils et engins pour la récolte de produits agricoles et horticoles: moissonneuses, arracheuses, batteuses, machines pour le triage, etc.	Herstellung von Maschinen und Werkzeugen für das Ernten von Gartenbau- und Landwirtschaftsprodukten:  Ernte-, Rode-, Dresch-, Sortiermaschinen usw	Manufacture of harvesting machinery of agricultural and horticultural products: harvesters, threshers, sorting machines, etc.
7	28.30007	2025	Vervaardiging van sproeimachines voor gebruik in de landbouw	Fabrication de machines et appareils de pulvérisation pour l'agriculture	Herstellung von Sprühgeräten für landwirtschaftliche Anwendungen	Manufacture of spraying machinery for agriculture
7	28.30008	2025	Vervaardiging van overige landbouwmachines en -werktuigen en werktuigen voor pluimveeteelt, bijenteelt, bereiden van veevoeders, enz.; machines voor het reinigen en sorteren van eieren, fruit, enz.	Fabrication d'autres machines et app pour agriculture, aviculture, apiculture, prépar des aliments ou provendes pour animaux, etc.; machines pour nettoyage, triage, calibrage des oeufs, fruits, etc.	Herstellung von sonstigen Maschinen und Geräten für die Landwirtschaft, Geflügelzucht, Bienenzucht, Bereitung von Viehfutter usw; Maschinen zum Reinigen und Sortieren von Eiern, Obst usw	Manufacture of other machinery for agriculture, poultry farming, bee-keeping, preparation of food and feedstuffs for animals, etc.; machines for cleaning, sorting, grading eggs, fruit, etc.
3	28.4	2025	Vervaardiging van niet-verspanende machines voor de metaalbewerking en van gereedschapswerktuigen	Fabrication de machines de formage des métaux et de machines-outils	Herstellung von Werkzeugmaschinen	Manufacture of metal forming machinery and machine tools
4	28.41	2025	Vervaardiging van niet-verspanende machines voor de metaalbewerking en van gereedschapswerktuigen voor metaalbewerking	Fabrication de machines et machines-outils pour le formage et le travail des métaux	Herstellung von Werkzeugmaschinen für die Metallbearbeitung	Manufacture of metal forming machinery and machine tools for metal work
5	28.410	2025	Vervaardiging van niet-verspanende machines voor de metaalbewerking en van gereedschapswerktuigen voor metaalbewerking	Fabrication de machines et machines-outils pour le formage et le travail des métaux	Herstellung von Werkzeugmaschinen für die Metallbearbeitung	Manufacture of metal forming machinery and machine tools for metal work
4	28.42	2025	Vervaardiging van andere gereedschapswerktuigen	Fabrication d’autres machines-outils	Herstellung von sonstigen Werkzeugmaschinen	Manufacture of other machine tools
5	28.420	2025	Vervaardiging van andere gereedschapswerktuigen	Fabrication d’autres machines-outils	Herstellung von sonstigen Werkzeugmaschinen	Manufacture of other machine tools
3	28.9	2025	Vervaardiging van andere machines, apparaten en werktuigen voor specifieke doeleinden	Fabrication d’autres machines d’usage spécifique	Herstellung von Maschinen für sonstige bestimmte Wirtschaftszweige	Manufacture of other special-purpose machinery
4	28.91	2025	Vervaardiging van machines voor de metallurgie	Fabrication de machines pour la métallurgie	Herstellung von Maschinen für die Metallerzeugung, von Walzwerkseinrichtungen und Gießmaschinen	Manufacture of machinery for metallurgy
5	28.910	2025	Vervaardiging van machines voor de metallurgie	Fabrication de machines pour la métallurgie	Herstellung von Maschinen für die Metallerzeugung, von Walzwerkseinrichtungen und Gießmaschinen	Manufacture of machinery for metallurgy
7	28.91001	2025	Vervaardiging van machines en werktuigen voor het hanteren van hete metalen : convertors, gietvormen voor ingots, giet - en gietmachines	Fabrication de machines et appareils pour la manutention des métaux à haute température: convertisseurs, lingotières, poches de coulée, machines à couler (mouler)	Herstellung von Maschinen und Geräten zur Handhabung von heißem Metall:  Konverter, Kokillen, Gießpfannen, Gießmaschinen	Manufacture of machines and equipment for handling hot metals: converters, ingot moulds, ladles, casting machines
4	28.92	2025	Vervaardiging van machines voor de winning van delfstoffen en voor de bouw	Fabrication de machines pour l’extraction ou la construction	Herstellung von Bergwerks-, Bau- und Baustoffmaschinen	Manufacture of machinery for mining, quarrying and construction
5	28.920	2025	Vervaardiging van machines voor de winning van delfstoffen en voor de bouw	Fabrication de machines pour l’extraction ou la construction	Herstellung von Bergwerks-, Bau- und Baustoffmaschinen	Manufacture of machinery for mining, quarrying and construction
7	28.92001	2025	Vervaardiging en montage van continu-werkende transportinrichtingen voor ondergronds gebruik	Fabrication d'appareils élévateurs, transporteurs ou convoyeurs à action continue pour fonds de mines ou autres travaux souterrains	Herstellung und Montage von kontinuierlich arbeitenden Transportanlagen für den Einsatz unter Tage	Manufacture of continuous-action elevators and conveyors for underground use
7	28.92002	2025	Vervaardiging van betonmolens en van machines voor het aanmaken van mortel	Fabrication de bétonnières et appareils à gâcher le ciment	Herstellung von Betonmischern und Maschinen zum Anmachen von Mörtel	Manufacture of concrete and mortar mixers
7	28.92003	2025	Vervaardiging van machines en werktuigen voor grondverzet : bulldozers, angledozers, egaliseermachines, schrapers, mechanische schoppen, laadschoppen, enz.	Fabrication de machines et appareils de terrassement : bouteurs (bulldozers), bouteurs biais (angledozers), niveleuses, décapeuses (scrapers), pelles mécaniques, chargeuses, etc.	Herstellung von Maschinen und Geräten für Erdarbeiten: Bulldozer, Angledozer, Planiergeräte, Scraper, Bagger usw	Manufacture of earth-moving machinery: bulldozers, angle-dozers, graders, scrapers, levellers, mechanical shovels, shovel loaders etc.
4	28.93	2025	Vervaardiging van machines voor de productie van voedings- en genotmiddelen	Fabrication de machines pour l’industrie agroalimentaire et la transformation du tabac	Herstellung von Maschinen für die Nahrungs- und Genussmittelerzeugung und die Tabakverarbeitung	Manufacture of machinery for food, beverage and tobacco processing
5	28.930	2025	Vervaardiging van machines voor de productie van voedings- en genotmiddelen	Fabrication de machines pour l’industrie agroalimentaire et la transformation du tabac	Herstellung von Maschinen für die Nahrungs- und Genussmittelerzeugung und die Tabakverarbeitung	Manufacture of machinery for food, beverage and tobacco processing
7	28.93001	2025	Vervaardiging van droogtoestellen voor landbouwproducten	Fabrication de séchoirs pour produits agricoles	Herstellung von Trockenvorrichtungen für Landwirtschaftsprodukte	Manufacture of agricultural dryers
7	28.93002	2025	Vervaardiging van mach en toest voor de zuivelindustrie:centrifugaalontromers;mach en toest voor het behandelen van melk;mach voor het verwerken van melk tot zuivelproducten;kaasmach en -toest	Fabrication de machines et appareils de laiterie : écrémeuses; machines et appareils pour le traitement du lait; machines et app pour la transformation du lait; machines et app de fromage	Herstellung von Maschinen und Geräten für die Milchwirtschaft: Milchentrahmer ; Maschinen und Geräte zur Milchverarbeitung; Maschinen und Geräte zur Käseherstellung	Manufacture of machinery for the dairy industry: cream separators, milk processing machinery, milk converting machinery, cheese-making machines
7	28.93003	2025	Vervaardiging van machines en toestellen voor brood- en banketbakkerijen of voor het vervaardigen van deegwaren : bakkerijovens, deegmengers, verdeel -, opmaak - en snijmachines, enz.	Fabrication de machines et app pour la boulangerie, pâtisserie, biscuiterie ou la fabrication des pâtes aliment: fours de boulangerie, malaxeurs à pâte, machines à trancher et à diviser la pâte, etc.	Herstellung von Maschinen und Geräten für Bäckereien und Konditoreien oder für die Herstellung von Teigwaren:  Bäckereiöfen, Teigknet-, Teigform-, Teigteil-, Teigschneidemaschinen usw	Manufacture of machinery for the bakery industry or for making macaroni, spaghetti or similar products: bakery ovens, dough mixers, dough-dividers, etc.
7	28.93004	2025	Vervaardiging van mach en toest voor de verw van overige voedingsmiddelen : voor de suikergoedverw, voor de prod van cacao en chocolade, voor de verw in suikerfabrieken en brouwerijen, enz.)	Fabrication de machines et appareils pour la transformation de divers produits alimentaires (pour la confiserie, la fabrication du cacao, du chocolat, pour la sucrerie, la brasserie, etc.)	Herstellung von Maschinen und Geräten zur Verarbeitung von diversen Lebensmitteln (für die Herstellung von Süßwaren, Kakao und Schokolade, für die Verarbeitung in der Zuckerindustrie und Brauereien us	Manufacture of machines and equipment to process diverse foods (machinery to make confectionery, cocoa or chocolate; to manufacture sugar; for breweries, etc.)
7	28.93005	2025	Vervaardiging van machines en toestellen voor de bereiding van voedsel in gaarkeukens, hotels, restaurants, enz.	Fabrication de machines et appareils pour la préparation des aliments dans les hôtels, les restaurants, etc.	Herstellung von Maschinen und Geräten für die Zubereitung von Lebensmitteln in Hotels, Restaurants usw	Manufacture of machinery for the preparation of food in hotels, restaurants, etc.
4	28.94	2025	Vervaardiging van machines voor de productie van textiel, kleding en leer	Fabrication de machines pour les industries textiles et du cuir	Herstellung von Maschinen für die Textil- und Bekleidungsherstellung und die Lederverarbeitung	Manufacture of machinery for textile, apparel and leather production
5	28.940	2025	Vervaardiging van machines voor de productie van textiel, kleding en leer	Fabrication de machines pour les industries textiles et du cuir	Herstellung von Maschinen für die Textil- und Bekleidungsherstellung und die Lederverarbeitung	Manufacture of machinery for textile, apparel and leather production
7	28.94001	2025	Vervaardiging van machines voor het bereiden, vervaardigen, spinnen, rekken, textureren of snijden van synthetische of kunstmatige vezels, textielgarens of textielstoffen	Fabrication de machines pour la préparation, la fabrication, le filage (extrusion), l'étirage, la texturation ou le tranchage des fibres, matières ou fils textiles,synthétiques ou artificiels	Herstellung von Maschinen zum Vor- oder Aufbereiten, Herstellen, Düsenspinnen, Verstrecken, Texturieren oder Schneiden von synthetischen und künstlichen Spinnstoffen	Manufacture of machines for preparing, producing, extruding, drawing, texturing or cutting man-made textile fibres, materials or yarns
7	28.94002	2025	Vervaardiging van hulpmachines en -toestellen voor industriële textielmachines: dobby's, jacquardmechanismen, ketting- en inslagwachters, wisselmechanismen voor schietspoelen, enz.	Fabrication de machines et appareils auxiliaires pour les machines de l'industrie textile: ratières, mécaniques Jacquard, casse-chaînes et casse-trames, mécanismes de changement de navettes, etc.	Herstellung von Hilfsgeräten und -apparaten für Maschinen der Textilindustrie: Schaftmaschinen, Jacquardmaschinen, Kett- und Schussfadenwächter, Webschützenwechsler usw	Manufacture of auxiliary machines or equipment for textile machinery: dobbies, jacquards, automatic stop motions, shuttle changing mechanisms, etc.
7	28.94003	2025	Vervaardiging van mach en toest voor het bewerken van weefsels: wassen, bleken, verven, voorbereiden, afwerken, bestrijken of impregneren, oprollen, afrollen, vouwen, snijden of kartelen van weefsel	Fabrication de machines et app pour le traitement des tissus: lavage, blanchîment, teinture, apprêt, finissage, enduction ou imprégnation; machines à enrouler, dérouler, etc. des tissus en mat tex	Herstellung von Maschinen und Geräten für die Behandlung von Stoffen: Waschen, Bleichen, Färben, Appretieren, Endbearbeiten, oder Impregnieren, Aufrollen, Abrollen, Falten, Schneiden usw von Stoffen	Manufacture of machinery for fabric processing: washing, bleaching, dyeing, dressing, finishing, coating or impregnating textile fabrics; machines for reeling, unreeling, etc. textile fabrics
7	28.94004	2025	de vervaardiging van machines en toestellen voor het vervaardigen of voor het afwerken van vilt of van gebonden textielvlies	la fabrication de machines et appareils pour la fabrication ou le finissage du feutre ou des non-tissés	Herstellung von Maschinen und Geräten für die Produktion oder Endfertigung von Filz oder nicht gewebten Stoffen	Manufacture of machines for producing or finishing felt or non-wovens
7	28.94005	2025	Vervaardiging van machines en toestellen voor het bereiden of het bewerken van huiden, vellen of leer	Fabrication de machines et appareils pour l'industrie du cuir: machines et appareils pour la préparation, le tannage ou le travail des cuirs ou des peaux	Herstellung von Maschinen und Geräten zum Zurichten oder Bearbeiten von Häuten, Fellen oder Leder	Manufacture of leather machines: machinery for preparing, tanning or working hides, skins or leather
4	28.95	2025	Vervaardiging van machines voor de productie van papier en karton	Fabrication de machines pour les industries du papier et du carton	Herstellung von Maschinen für die Papiererzeugung und -verarbeitung	Manufacture of machinery for paper and paperboard production
5	28.950	2025	Vervaardiging van machines voor de productie van papier en karton	Fabrication de machines pour les industries du papier et du carton	Herstellung von Maschinen für die Papiererzeugung und -verarbeitung	Manufacture of machinery for paper and paperboard production
7	28.95001	2025	Vervaardiging van machines en toestellen voor de productie van papierpulp door middel van mechanische of chemische procédés	Fabrication de machines et de matériel pour la fabrication des pâtes à papier par des procédés mécaniques ou chimiques	Herstellung von Maschinen und Geräten für die Herstellung von Papiermasse durch mechanische oder chemische Verfahren	Manufacture of machinery and material for making paper pulp through mechanical or chemical processes
4	28.96	2025	Vervaardiging van machines voor de kunststof- en rubberindustrie	Fabrication de machines pour le travail du caoutchouc ou des plastiques	Herstellung von Maschinen für die Verarbeitung von Kunststoffen und Kautschuk	Manufacture of plastics and rubber machinery
5	28.960	2025	Vervaardiging van machines voor de kunststof- en rubberindustrie	Fabrication de machines pour le travail du caoutchouc ou des plastiques	Herstellung von Maschinen für die Verarbeitung von Kunststoffen und Kautschuk	Manufacture of plastics and rubber machinery
4	28.97	2025	Vervaardiging van machines voor additieve productie	Fabrication de machines de fabrication additive	Herstellung von Maschinen für die additive Fertigung	Manufacture of additive manufacturing machinery
5	28.970	2025	Vervaardiging van machines voor additieve productie	Fabrication de machines de fabrication additive	Herstellung von Maschinen für die additive Fertigung	Manufacture of additive manufacturing machinery
4	28.99	2025	Vervaardiging van andere machines voor specifieke doeleinden n.e.g.	Fabrication d’autres machines d’usage spécifique n.c.a.	Herstellung von Maschinen für sonstige bestimmte Wirtschaftszweige a.n.g.	Manufacture of other special-purpose machinery n.e.c.
5	28.990	2025	Vervaardiging van andere machines voor specifieke doeleinden n.e.g.	Fabrication d’autres machines d’usage spécifique n.c.a.	Herstellung von Maschinen für sonstige bestimmte Wirtschaftszweige a.n.g.	Manufacture of other special-purpose machinery n.e.c.
7	28.99001	2025	Vervaardiging van afvalverwerkingsmachines	Fabrication de machines pour le traitement des déchets	Herstellung von Abfallbehandlungsanlagen	Manufacture of machinery for waste treatment
7	28.99002	2025	Vervaardiging van industrierobots voor specifieke doeleinden	Fabrication de robots industriels à usage spécifique	Herstellung von Industrierobotern für spezifischen Anwendungen	Manufacture of industrial robots for special purposes
7	28.99003	2025	Vervaardiging van draaimolens, schommels, schiettenten en andere attracties voor kermissen en pretparken	Fabrication de manèges, de balançoires, de stands de tir et d'autres attractions pour foires et parcs d'attractions	Herstellung von Karussels, Schaukeln, Schießständen und anderen Attraktionen für Jahrmärkte und Freizeitparks	Manufacture of roundabouts, swings, shooting galleries and other fairground amusements
2	29     	2025	Vervaardiging van motorvoertuigen, aanhangwagens en opleggers	Industrie automobile	Herstellung von Kraftwagen und Kraftwagenteilen	Manufacture of motor vehicles, trailers and semi-trailers
3	29.1	2025	Vervaardiging van motorvoertuigen	Construction de véhicules automobiles	Herstellung von Kraftwagen und Kraftwagenmotoren	Manufacture of motor vehicles
4	29.10	2025	Vervaardiging van motorvoertuigen	Construction de véhicules automobiles	Herstellung von Kraftwagen und Kraftwagenmotoren	Manufacture of motor vehicles
5	29.100	2025	Vervaardiging van motorvoertuigen	Construction de véhicules automobiles	Herstellung von Kraftwagen und Kraftwagenmotoren	Manufacture of motor vehicles
7	29.10001	2025	Vervaardiging van personenauto's	Fabrication de voitures de tourisme	Herstellung von PKWs	Manufacture of passenger cars
7	29.10002	2025	Vervaardiging van bedrijfsvoertuigen : vracht-  en bestelwagens, trekkers voor opleggers, dumpers voor het gebruik in het terrein, kraan- en takelwagens, enz.	Fabrication de véhicules utilitaires: camions et camionnettes, tracteurs routiers pour semi-remorques, etc.	Herstellung von Nutzfahrzeugen: Last- und Lieferwagen, Zugmaschinen für Sattelanhänger usw	Manufacture of commercial vehicles: vans, lorries, over-the-road tractors for semi-trailers etc.
7	29.10003	2025	Vervaardiging van chassis voor motorvoertuigen	Fabrication de châssis pour véhicules à moteur	Herstellung von Fahrgestellen für Motorfahrzeuge	Manufacture of chassis for motor vehicles
7	29.10004	2025	Vervaardiging van andere motorvoertuigen : sneeuwscooters en golfkarretjes, amfibievoertuigen, brandweerwagens, straatvegerauto's, enz.	Fabrication d'autres véhic automobiles : autoneiges et motoneiges, véhic spéciaux pr le transport de pers sur les terrains de golf, véhic amphibies, autopompes, balayeuses, etc.	Herstellung von anderen Motorfahrzeugen: Schneemobile und Golfwagen, Amphibienfahrzeuge, Feuerwehrwagen, Kehrmaschinen usw	Manufacture of other motor vehicles: snowmobiles, golf carts, amphibious vehicles, fire engines, street sweepers, etc.
3	29.2	2025	Vervaardiging van carrosserieën voor motorvoertuigen; vervaardiging van aanhangwagens en opleggers	Fabrication de carrosseries de véhicules automobiles; fabrication de remorques et de semi-remorques	Herstellung von Karosserien, Aufbauten und Anhängern	Manufacture of bodies and coachwork for motor vehicles; manufacture of trailers and semi-trailers
4	29.20	2025	Vervaardiging van carrosserieën voor motorvoertuigen; vervaardiging van aanhangwagens en opleggers	Fabrication de carrosseries de véhicules automobiles; fabrication de remorques et de semi-remorques	Herstellung von Karosserien, Aufbauten und Anhängern	Manufacture of bodies and coachwork for motor vehicles; manufacture of trailers and semi-trailers
5	29.201	2025	Vervaardiging van carrosserieën voor motorvoertuigen	Fabrication de carrosseries de véhicules automobiles	Herstellung von Karosserien für Kraftfahrzeuge	Manufacture of bodies and coachwork for motor vehicles
7	29.20101	2025	Vervaardiging van carrosserieën (inclusief cabines) voor auto's	Fabrication de carrosseries (y compris les cabines) pour véhicules automobiles	Herstellung von Karosserien für Kraftfahrzeuge (einschließlich Fahrzeugkabinen)	Manufacture of bodies, including cabs for motor vehicles
7	29.20102	2025	Inrichting en aanpassing van motorvoertuigen (bussen, tankwagens, koelwagens, enz.)	Aménagement de tous types de véhicules automobiles (autocars, camions-citernes, camions-frigoriphiques, etc.)	Ausstattung und Umrüstung von Motorfahrzeugen (Busse, Tankwagen, Kühlfahrzeuge usw)	Outfitting of all types of motor vehicles (coaches, tankers, refrigerated trucks, etc.)
7	29.20103	2025	Vervaardiging van containers voor het vervoer	Fabrication de conteneurs spécialement conçus pour le transport	Herstellung von Transportcontainern	Manufacture of transport containers
7	29.20104	2025	Inrichting van motorhomes (campers)	Aménagement de véhicules de type autocaravane (motorhomes)	Ausstattung von Wohnmobilen	Outfitting of motor homes type vehicles
5	29.202	2025	Vervaardiging van aanhangwagens, opleggers en caravans	Fabrication de remorques, de semi-remorques et de caravanes	Herstellung von Aufbauten, Anhängern und Wohnwagen	Manufacture of trailers, semi-trailers and caravans
7	29.20201	2025	Vervaardiging en de inrichting van caravans	Fabrication et l'aménagement de caravanes	Herstellung und Ausrüstung von Wohnwagen	Manufacture and outfitting of caravans
7	29.20202	2025	Vervaardiging van kampeerwagens	Fabrication de remorques pour le camping	Herstellung von Wohnmobilen	Manufacture of caravans
7	29.20203	2025	Vervaardiging van aanhangwagens en opleggers	Fabrication de remorques et de semi-remorques	Herstellung von Anhängern und Sattelschleppern	Manufacture of trailers and semi-trailers
3	29.3	2025	Vervaardiging van delen en toebehoren voor motorvoertuigen	Fabrication d’équipements automobiles	Herstellung von Teilen und Zubehör für Kraftwagen	Manufacture of motor vehicle parts and accessories
4	29.31	2025	Vervaardiging van elektrische en elektronische benodigdheden voor motorvoertuigen	Fabrication d’équipements électriques et électroniques pour véhicules automobiles	Herstellung elektrischer und elektronischer Ausrüstungsgegenstände für Kraftwagen	Manufacture of electrical and electronic equipment for motor vehicles
5	29.310	2025	Vervaardiging van elektrische en elektronische benodigdheden voor motorvoertuigen	Fabrication d’équipements électriques et électroniques pour véhicules automobiles	Herstellung elektrischer und elektronischer Ausrüstungsgegenstände für Kraftwagen	Manufacture of electrical and electronic equipment for motor vehicles
7	29.31001	2025	Vervaardiging van ruitewissers,  elektrische apparatuur om ijsafzetting op, of om het beslaan van ruiten tegen te gaan, enz.	Fabrication d'essuie-glaces, de dégivreurs et de dispositifs électriques anti-buée, etc.	Herstellung von Scheibenwischern, -entfrostern, -heizungen usw	Manufacture of windscreen wipers, de-icers and anti-fogging electric devices, etc.
4	29.32	2025	Vervaardiging van andere delen en toebehoren voor motorvoertuigen	Fabrication d'autres pièces et accessoires pour véhicules automobiles	Herstellung von sonstigen Teilen und sonstigem Zubehör für Kraftwagen	Manufacture of other parts and accessories for motor vehicles
5	29.320	2025	Vervaardiging van andere delen en toebehoren voor motorvoertuigen	Fabrication d'autres pièces et accessoires pour véhicules automobiles	Herstellung von sonstigen Teilen und sonstigem Zubehör für Kraftwagen	Manufacture of other parts and accessories for motor vehicles
7	29.32001	2025	Vervaardiging van remmen, versnellingsbakken, assen, wielen, schokdempers, radiatoren, knaldempers, uitlaatpijpen, katalysators, koppelingen, stuurwielen, stuurkolommen en stuurhuizen	Fabrication de freins, boîtes de vitesses, essieux, roues, amortisseurs, radiateurs, silencieux, tuyaux d'échappement, catalyseurs, embrayages, volants, colonnes et boîtiers de direction	Herstellung von Bremsen, Getrieben, Achsen, Rädern, Stoßdämpfern, Kühlern, Auspufftöpfen, Auspuffrohren, Katalysatoren, Kupplungen, Lenkrädern, -säulen und -getrieben	Manufacture of brakes, gearboxes, axles, road wheels, suspension shock absorbers, radiators, silencers, exhaust pipes,catalytic converters,clutches,steering wheels,steering columns and steering boxes
7	29.32002	2025	Vervaardiging van veiligheidsgordels, portieren, bumpers	Fabrication de ceintures de sécurité, portières, parechocs, etc.	Herstellung von Sicherheitsgurten, Autotüren, Stoßstangen usw	Manufacture of safety belts, doors, bumpers, etc.
2	30     	2025	Vervaardiging van andere vervoermiddelen	Fabrication d’autres matériels de transport	Sonstiger Fahrzeugbau	Manufacture of other transport equipment
3	30.1	2025	Scheepsbouw	Construction navale	Schiff- und Bootsbau	Building of ships and boats
4	30.11	2025	Bouw van civiele schepen en drijvend materieel	Construction de navires et de structures flottantes civiles	Bau von Schiffen und schwimmenden Vorrichtungen für zivile Zwecke, ohne Boots- und Yachtbau	Building of civilian ships and floating structures
5	30.110	2025	Bouw van civiele schepen en drijvend materieel	Construction de navires et de structures flottantes civiles	Bau von Schiffen und schwimmenden Vorrichtungen für zivile Zwecke, ohne Boots- und Yachtbau	Building of civilian ships and floating structures
7	30.11001	2025	Constructie van luchtkussenvaartuigen	Construction d'aéroglisseurs	Bau von Luftkissenfahrzeugen	Building over hovercrafts
7	30.11002	2025	Constructie van drijvende dokken, pontons, caissons, drijvende aanlegsteiger, enz.	Construction de docks flottants, pontons, caissons, coffres d'amarrage flottants, etc.	Herstellung von Schwimmdocks, Pontons, Kofferdämmen, schwimmenden Landungsbrücken usw	Building of floating docks, pontoons, coffer-dams, landing-stages, etc.
7	30.11003	2025	Schilderen van schepen door gespecialiseerde eenheden	Peinture des navires par des unités spécialisées	Anstreichen von Schiffen durch Spezialeinheiten	Painting of vessels by specialized units
4	30.12	2025	Bouw van plezier- en sportvaartuigen	Construction de bateaux de plaisance et de sport	Boots- und Yachtbau	Building of pleasure and sporting boats
5	30.120	2025	Bouw van plezier- en sportvaartuigen	Construction de bateaux de plaisance et de sport	Boots- und Yachtbau	Building of pleasure and sporting boats
7	30.12001	2025	Bouw van opblaasbare boten en vlotten	Construction de bateaux et de radeaux gonflables	Bau von aufblasbaren Booten und Flößen	Building of inflatable boats and rafts
7	30.12002	2025	Bouw van zeilboten met of zonder hulpmotor	Construction de voiliers, avec ou sans moteur auxiliaire	Bau von Segelbooten, mit oder ohne Hilfsmotor	Building of sailboats with or without auxiliary motor
7	30.12003	2025	Bouw van motorboten	Construction de bateaux à moteur	Bau von Motorbooten	Building of motor boats
7	30.12004	2025	Bouw van andere plezier- en sportvaartuigen : kano's, kajaks, skiffs, enz.	Construction d'autres embarcations de plaisance et de sport: canoës, kayaks, skiffs, etc.	Bau von sonstigen Vergnügungs- und Sportwasserfahrzeugen:  Kanus, Kajaks, Skiffs usw	Manufacture of other pleasure and sporting boats: canoes, kayaks, rowing boats, etc.
4	30.13	2025	Bouw van militaire schepen en vaartuigen	Construction de bateaux et navires militaires	Bau von Kriegsschiffen	Building of military ships and vessels
5	30.130	2025	Bouw van militaire schepen en vaartuigen	Construction de bateaux et navires militaires	Bau von Kriegsschiffen	Building of military ships and vessels
3	30.2	2025	Vervaardiging van locomotieven en ander rollend materieel voor spoorwegen	Construction de locomotives et d’autre matériel ferroviaire roulant	Schienenfahrzeugbau	Manufacture of railway locomotives and rolling stock
4	30.20	2025	Vervaardiging van locomotieven en ander rollend materieel voor spoorwegen	Construction de locomotives et d’autre matériel ferroviaire roulant	Schienenfahrzeugbau	Manufacture of railway locomotives and rolling stock
5	30.200	2025	Vervaardiging van locomotieven en ander rollend materieel voor spoorwegen	Construction de locomotives et d’autre matériel ferroviaire roulant	Schienenfahrzeugbau	Manufacture of railway locomotives and rolling stock
7	30.20001	2025	Vervaardiging van mechanische en elektromechanische signaal-, veiligheids-, controle- en bedieningstoestellen voor spoor- en tramwegen, voor verkeers- en waterwegen, parkeerterreinen, enz.	Fabrication d'appareils mécaniques et électromécaniques de signalisation, de sécurité, de contrôle ou de commande pour voies: ferrées, routières, fluviales, installations portuaires, etc.	Herstellung von mechanischen und elektromechanischen Signal-, Sicherheits-, Kontrollvorrichtungen und Stellwerken für Eisenbahn- und Straßenbahnstrecken, Verkehrs- und Wasserstraßen, Parkplätze usw	Manufacture of mechanical and electro-mechanical signalling, safety or traffic control equipment for railways, tramways, roads, inland waterways and port installations, etc.
3	30.3	2025	Vervaardiging van lucht- en ruimtevaartuigen en van toestellen in verband daarmee	Construction aéronautique et spatiale	Luft- und Raumfahrzeugbau	Manufacture of air and spacecraft and related machinery
4	30.31	2025	Vervaardiging van civiele lucht- en ruimtevaartuigen en van toestellen in verband daarmee	Construction d’aéronefs et d’engins spatiaux civils et machines connexes	Luft- und Raumfahrzeugbau für zivile Zwecke	Manufacture of civilian air and spacecraft and related machinery
5	30.310	2025	Vervaardiging van civiele lucht- en ruimtevaartuigen en van toestellen in verband daarmee	Construction d’aéronefs et d’engins spatiaux civils et machines connexes	Luft- und Raumfahrzeugbau für zivile Zwecke	Manufacture of civilian air and spacecraft and related machinery
7	30.31001	2025	Vervaardiging van helicopters	Construction d'hélicoptères	Hubschrauberbau	Building of helicopters
7	30.31002	2025	Vervaardiging van ULM's	Construction d'avions dits ULM	Bau von Ultraleichtflugzeugen	Manufacture of ultralight power-driven aircraft
7	30.31003	2025	Verv en assemblage van onderdelen en accessoires van luchtvaartuigen : rompen, vleugels, deuren, staart-, stabilisatie- en trimvlakken, hoogte- en richtingsroeren, vleugelkleppen, onderstellen, enz.	Fabrication et assemblage de parties et accessoires de véhicules aériens: fuselages, ailes, portes, empennages, gouvernes, trains d'atterrissage, réservoirs à combustibles, nacelles, etc.	Herstellung und Montage von Bauteilen und Zubehör von Luftfahrzeugen: Rümpfe, Flügel, Türen, Leitwerke, Flossen, Fahrwerke, Kraftstofftanks, Flügelklappen usw	Manufacture and assembly of parts and accessories of aircrafts: fuselages, wings, doors, empennages, control surfaces, landing gear, fuel tanks, nacelles, etc.
7	30.31004	2025	Vervaardiging en assemblage van onderdelen en accessoires van luchtvaartuigen : vliegtuigmotoren en onderdelen van turbinestraalmotoren en schroefturbines	Fabrication et assemblage de parties et accessoires de véhicules aériens : moteurs des types généralement utilisés pour la propulsion des véhic aériens et parties de turboréacteurs et -propulseurs	Herstellung und Montage von Bauteilen und Zubehör von Luftfahrzeugen: Flugzeugmotoren und Bauteile von Turbostrahl- und Turbopropellertriebwerken	Manufacture and assembly of parts and accessories of aircrafts: engines of a kind commonly used for the propulsion of aircrafts and parts of turbojet and -turboprop engines
4	30.32	2025	Vervaardiging van militaire lucht- en ruimtevaartuigen en van toestellen in verband daarmee	Construction d’aéronefs et d’engins spatiaux militaires et machines connexes	Luft- und Raumfahrzeugbau für militärische Zwecke	Manufacture of military air and spacecraft and related machinery
5	30.320	2025	Vervaardiging van militaire lucht- en ruimtevaartuigen en van toestellen in verband daarmee	Construction d’aéronefs et d’engins spatiaux militaires et machines connexes	Luft- und Raumfahrzeugbau für militärische Zwecke	Manufacture of military air and spacecraft and related machinery
7	30.32001	2025	Vervaardiging van luchtvaartuigen voor het vervoer van goederen of passagiers, voor gebruik door de strijdkrachten (inclusief  bewapeningsinstallatie)	Construction d'avions conçus pour le transport de marchandises ou de passagers, pour les forces militaires (y compris l'implantation des armements)	Bau von Flugzeugen für den Transport von Waren und Passagieren, für die Nutzung durch die Streitkräfte (einschließlich Waffenausrüstung)	Manufacture of aircraft for the transport of goods or passengers, for use by armed forces (including armament installation)
3	30.4	2025	Vervaardiging van militaire gevechtsvoertuigen	Construction de véhicules militaires de combat	Herstellung von militärischen Kampffahrzeugen	Manufacture of military fighting vehicles
4	30.40	2025	Vervaardiging van militaire gevechtsvoertuigen	Construction de véhicules militaires de combat	Herstellung von militärischen Kampffahrzeugen	Manufacture of military fighting vehicles
5	30.400	2025	Vervaardiging van militaire gevechtsvoertuigen	Construction de véhicules militaires de combat	Herstellung von militärischen Kampffahrzeugen	Manufacture of military fighting vehicles
3	30.9	2025	Vervaardiging van transportmiddelen, n.e.g.	Fabrication de matériels de transport n.c.a.	Herstellung von Beförderungsmitteln a.n.g.	Manufacture of transport equipment n.e.c.
4	30.91	2025	Vervaardiging van motorfietsen	Fabrication de motocycles	Herstellung von Krafträdern	Manufacture of motorcycles
5	30.910	2025	Vervaardiging van motorfietsen	Fabrication de motocycles	Herstellung von Krafträdern	Manufacture of motorcycles
7	30.91001	2025	Vervaardiging van motorrijwielen, scooters en rijwielen met een hulpmotor	Fabrication de motocycles, de cyclomoteurs et de cycles équipés d'un moteur auxiliaire	Herstellung von Motorrädern, Motorrollern und Fahrrädern mit Hilfsmotor	Manufacture of motorcycles, mopeds and cycles fitted with an auxiliary motor
4	30.92	2025	Vervaardiging van fietsen en invalidenwagens	Fabrication de bicyclettes et de véhicules pour invalides	Herstellung von Fahrrädern sowie von Behindertenfahrzeugen	Manufacture of bicycles and invalid carriages
5	30.920	2025	Vervaardiging van fietsen en invalidenwagens	Fabrication de bicyclettes et de véhicules pour invalides	Herstellung von Fahrrädern sowie von Behindertenfahrzeugen	Manufacture of bicycles and invalid carriages
7	30.92001	2025	Vervaardiging van fietsen en andere rijwielen zonder motor, inclusief bakfietsen, tandems en ook kinderfietsen en -driewielers	Fabrication de bicyclettes et autres cycles sans moteur, y compris les triporteurs, les tandems ainsi que les bicyclettes et tricycles d'enfants	Herstellung von Fahrrädern und sonstigen Zweirädern ohne Motor, einschließlich Lieferdreirädern, Tandems sowie Kinderfahrrädern und -dreirädern	Manufacture of bicycles and other cycles, not motorised, including delivery tricycles, tandems and bicycles and tricycles for children
7	30.92002	2025	Vervaardiging van onderdelen en accessoires van rijwielen	Fabrication de parties et accessoires de bicyclettes	Herstellung von Fahrradteilen und -zubehör	Manufacture of parts and accessories for bicycles
7	30.92003	2025	Vervaardiging van dynamo's voor rijwielen	Fabrication de dynamos pour cycles	Herstellung von Fahrraddynamos	Manufacture of dynamos for cycles
4	30.99	2025	Vervaardiging van andere transportmiddelen, n.e.g.	Fabrication d’autres équipements de transport n.c.a.	Herstellung von sonstigen Beförderungsmitteln a.n.g.	Manufacture of other transport equipment n.e.c.
5	30.990	2025	Vervaardiging van andere transportmiddelen, n.e.g.	Fabrication d’autres équipements de transport n.c.a.	Herstellung von sonstigen Beförderungsmitteln a.n.g.	Manufacture of other transport equipment n.e.c.
7	30.99001	2025	Vervaardiging van kruiwagens, bagagekarren, handwagens, caddies, transportwagentjes, enz.	Fabrication de brouettes, de diables, de charrettes à bras, de caddies, etc.	Herstellung von Schubkarren, Gepäckkarren, Handwagen, Einkaufswagen usw	Manufacture of wheelbarrows, dollies, hand carts, trolleys, etc.
7	30.99002	2025	Vervaardiging van voertuigen die door dieren worden getrokken	Fabrication de véhicules à traction animale	Herstellung von Fuhrwerken	Manufacture of animal-drawn vehicles
2	31     	2025	Vervaardiging van meubelen	Fabrication de meubles	Herstellung von Möbeln	Manufacture of furniture
3	31.0	2025	Vervaardiging van meubelen	Fabrication de meubles	Herstellung von Möbeln	Manufacture of furniture
4	31.00	2025	Vervaardiging van meubelen	Fabrication de meubles	Herstellung von Möbeln	Manufacture of furniture
5	31.001	2025	Vervaardiging van kantoor- en winkelmeubelen	Fabrication de meubles de bureau et de magasin	Herstellung von Büro- und Ladenmöbeln	Manufacture of office and shop furniture
7	31.00101	2025	Vervaardiging van speciale winkelmeubels, toonbanken, vitrines, rekken, enz., overwegend van metaal	Fabrication de meubles spéciaux pour magasins: comptoirs, présentoirs, rayonnages, etc.	Herstellung von speziellen Büro- und Ladenmöbeln: Theken, Schauvitrinen, Regale usw	Manufacture of special furniture for shops: counters, display cases, shelves, etc.
7	31.00102	2025	Vervaardiging van meubels voor werkplaatsen, kantoormeubels, meubels voor restaurants, scholen, enz., overwegend van metaal	Fabrication de meubles de bureau et d'atelier, meubles pour restaurants, écoles, églises, etc.	Herstellung von Büro- und Werkstattmöbeln und Möbeln für Restaurants, Schulen, Kirchen usw, hauptsächlich aus Metall	Manufacture of office and workshop furniture, furniture for restaurants, schools, churches, etc.
7	31.00103	2025	Vervaardiging van speciale winkelmeubels, toonbanken, vitrines, rekken, enz., overwegend van andere materialen dan metaal	Fabrication de meubles spéciaux pour magasins, autres qu'en métal: comptoirs, présentoirs, rayonnages, etc.	Herstellung von Spezialmöbeln für Geschäfte, mit Ausnahme von Metall: Theken, Vitrinen, Regale usw.	Manufacture of special furniture for shops: counters, display cases, shelves, etc. not in metal
7	31.00104	2025	Vervaardiging van meubels voor werkplaatsen, kantoormeubels, meubels voor restaurants, scholen, enz. overwegend van andere materialen dan metaal	Fabrication de meubles de bureau et d'atelier, meubles pour restaurants, écoles, églises, etc., autres qu'en métal	Herstellung von Büro- und Werkstattmöbeln und Möbeln für Restaurants, Schulen, Kirchen usw, aus anderen Materialien als Metall	Manufacture of office and workshop furniture, furniture for restaurants, schools, churches, etc. not in metal
7	31.00105	2025	Vervaardiging van stoelen en zitmeubels voor kantoren en werkplaatsen	Fabrication de sièges de bureau et d'atelier	Herstellung von Stühlen und Sitzmöbeln für Büros	Manufacture of office and workshop seats
5	31.002	2025	Vervaardiging van keukenmeubelen	Fabrication de meubles de cuisine	Herstellung von Küchenmöbeln	Manufacture of kitchen furniture
7	31.00201	2025	Vervaardiging van meubels en modulaire meubelelementen voor inbouwkeukens	Fabrication de meubles et d'éléments modulaires pour cuisines équipées	Herstellung von Möbeln und modularen Elementen für Einbauküchen	Manufacture of modular furniture and components for kitchens
5	31.003	2025	Vervaardiging van matrassen	Fabrication de matelas	Herstellung von Matratzen	Manufacture of mattresses
7	31.00301	2025	Vervaardiging van bedveringen, lattenbodems en andere matrassendragers	Fabrication de sommiers, de sommiers à lattes et d'autres supports de matelas	Herstellung von Bettrosten, Lattenrosten und sonstigen Matratzenträgern	Manufacture of bed bases, slat bases and other mattress supports
7	31.00302	2025	Vervaardiging van matrassen : matrassen met binnenvering of opgevuld met ondersteunend materiaal; niet overtrokken matrassen van rubber of kunststof met celstructuur	Fabrication de matelas: matelas comportant des ressorts ou rembourrés ou garnis intérieurement d'un matériau de soutien; matelas non recouverts en caoutchouc ou en matières plastiques alvéolaires	Matratzenherstellung: Matratzen mit Federkern oder mit Stützfüllung; nicht überzogene Matratzen aus Gummi oder Zellkunststoff	Manufacture of mattresses: mattresses fitted with springs or stuffed or internally fitted with any support material; mattress not covered with cellular rubber or plastics
5	31.004	2025	Vervaardiging van eetkamer-, zitkamer-, slaapkamer- en badkamermeubelen	Fabrication de meubles de salle à manger, de salon, de chambre à coucher et de salle de bain	Herstellung von Ess-, Wohn-, Schlaf- und Badezimmermöbeln	Manufacture of furniture for dining room, living room, bedroom and bathroom
7	31.00401	2025	Vervaardiging van zitmeubels en onderdelen daarvan voor woningen : stoelen, fauteuils, zitbanken, canapés, taboeretten, enz.	Fabrication de sièges d'ameublement et de parties de sièges: chaises, bancs, fauteuils, canapés, tabourets, etc.	Herstellung von Sitzmöbeln und Sitzteilen: Stühle, Sessel, Sitzbänke, Sofas, Hocker usw	Manufacture of seats and seat parts: chairs, benches, chairs, sofas, stools, etc.
7	31.00402	2025	Afwerken van stoelen en zitmeubels, zoals het stofferen	Finissage des sièges par des opérations telles que le rembourrage	Endbearbeitung von Stühlen und Sitzmöbeln, zB Polsterarbeiten	Finishing of seats through operations such as padding
7	31.00403	2025	Vervaardiging en afwerking (inclusief het stofferen, schilderen, polijsten, enz.) van slaapkamer-, eetkamer- en zitkamermeubels	Fabrication et finissage (y compris le capitonnage, la mise en peinture, le vernissage, etc.) de meubles de types utilisés dans les chambres à coucher et dans les salles à manger et de séjour	Herstellung und Endbearbeitung (einschließlich Polstern, Anstreichen, Polieren usw) von Schlaf- , Ess- und Wohnzimmermöbeln	Manufacturing and finishing (including cushioning, painting, varnishing, etc.) of furniture of the kind used in bedrooms and dining rooms and living rooms
7	31.00404	2025	Vervaardiging van badkamermeubels	Fabrication de meubles de salle de bains	Herstellung von Badezimmermöbeln	Manufacture of bathroom furniture
5	31.009	2025	Vervaardiging van andere meubelen, n.e.g.	Fabrication d'autres meubles n.c.a.	Herstellung von sonstigen Möbeln a.n.g.	Manufacture of other furniture n.e.c.
7	31.00901	2025	Vervaardiging van wandkasten, speciale TV-meubels, bijzetmeubels, enz.	Fabrication de placards, de meubles spéciaux pour appareils de télévision, de meubles de complément, etc.	Herstellung von Wandschränken, speziellen Fernsehmöbeln, Beistellmöbeln usw	Manufacturing cupboards, special furniture for television sets, accessory furniture, etc.
2	32     	2025	Overige industrie	Autres industries manufacturières	Herstellung von sonstigen Waren	Other manufacturing
3	32.1	2025	Bewerken van edelstenen en vervaardiging van sieraden en dergelijke artikelen	Fabrication d’articles de joaillerie, bijouterie et articles similaires	Herstellung von Münzen, Schmuck und ähnlichen Erzeugnissen	Manufacture of jewellery, bijouterie and related articles
4	32.11	2025	Slaan van munten	Frappe de monnaie	Herstellung von Münzen	Striking of coins
5	32.110	2025	Slaan van munten	Frappe de monnaie	Herstellung von Münzen	Striking of coins
7	32.11001	2025	Vervaardiging van medailles en medaillons, ook indien niet van edele metalen	Fabrication de médailles et de médaillons, en métaux précieux ou non	Herstellung von Medaillen und Medaillons, auch Edel- oder Nichtedelmetallen	Manufacture of medals and medallions, of precious metal or not
4	32.12	2025	Bewerken van edelstenen en vervaardiging van sieraden en dergelijke artikelen	Fabrication d’articles de joaillerie et bijouterie	Herstellung von Münzen, Schmuck und ähnlichen Erzeugnissen	Manufacture of jewellery and related articles
5	32.121	2025	Bewerken van diamant	Travail du diamant	Bearbeitung von Diamanten	Processing of diamonds
7	32.12101	2025	Bewerking van diamant (inclusief industriediamant) : zagen, slijpen, polijsten, afkoken, enz.	Travail du diamant, y compris le diamant de qualité industrielle: scier, tailler, polir, etc.	Diamantenbearbeitung, (einschließlich Industriediamanten): Sägen, Schleifen, Polieren usw	Working of diamonds, including industrial-grade diamonds: sawing, cutting, polishing, etc.
5	32.122	2025	Bewerken van edelstenen (muv diamant) en van halfedelstenen	Travail des pierres précieuses (sauf le diamant) et des pierres semiprécieuses	Bearbeitung von Edelsteinen (außer Diamanten) und von Halbedelsteinen	Processing of precious stones (excluding diamonds) and semi-precious stones
7	32.12201	2025	Productie van bewerkte parels	Fabrication de perles travaillées	Herstellung von bearbeiteten Perlen	Production of worked pearls
7	32.12202	2025	Productie van bewerkte edel- en halfedelstenen, exclusief diamant	Fabrication de pierres gemmes (précieuses ou fines) travaillées, à l'exclusion du diamant	Herstellung von bearbeiteten Edel- und Halbedelsteinen, mit Ausnahme von Diamanten	Production of precious and semi-precious stones in the worked state, excluding diamonds
7	32.12203	2025	Bewerking van stenen van industriekwaliteit (exclusief industriediamant) en van synthetische of gereconstrueerde stenen	Travail de pierres de qualité industrielle (à l'exclusion du diamant) et de pierres synthétiques ou reconstituées	Bearbeitung von Steinen in Industriequalität (mit Ausnahme von Industriediamanten) und von Synthetik- oder Kunststeinen	Working of industrial quality stones (excluding diamonds) and synthetic or reconstructed stones
5	32.123	2025	Vervaardiging van sieraden	Fabrication de bijoux	Herstellung von Schmuckstücken	Manufacture of jewels
7	32.12301	2025	Verv van bijouterieën en juwelen van edele of onedele metalen geplateerd met edele metalen; van edel- of halfedelstenen of van combinaties van edele metalen en edel- of halfedelstenen	Fabrication d'art de bijouterie en métaux précieux, en plaqués ou en doublés de métaux précieux ou de pierres gemmes sur des métaux communs, ou en assembl de métaux précieux et de pierres gemmes	Herstellung von Schmuckstücken aus Edelmetallen oder mit Edelmetallen legierten oder doublierten unedelen Metallen; aus Edel- oder Halbedelsteinen oder aus einer Kombination von Edelmetallen und Edel-	Manufacture of jewellery of precious metal, of base metals clad with precious metals, precious/semi-precious stones, of combinat of precious metal and precious/semi-precious stones or other materials
7	32.12302	2025	Vervaardiging van horlogebandjes van edele metalen	Fabrication de bracelets de montres en métaux précieux	Herstellung von Uhrarmbändern aus Edelmetallen	Manufacture of precious metal watch bands
5	32.124	2025	Vervaardiging van edelsmeedwerk	Fabrication d'articles d'orfèvrerie	Herstellung von Gold- und Silberschmiedewaren	Manufacture of goldsmith's articles
7	32.12401	2025	Vervaardiging van edelsmeedwerk van edele of onedele metalen geplateerd met edele metalen : tafelgerei, toiletbenodigdheden, bureaugarnituren, enz.	Fabrication d'art d'orfèvrerie en métaux précieux ou en plaqués ou doublés de métaux précieux sur des métaux communs: vaisselle plate ou creuse, couverts, art de toilette, garnitures de bureau, etc.	Herstellung von Golschmiedewaren aus Edelmetallen oder mit Edelmetallen legierten oder doublierten unedelen Metallen: Geschirr, Besteck, Toiletten-Accessoires, Bürogarnituren usw	Manufacture of goldsmiths' articles of precious metals or of base metals clad with precious metals: dinnerware, flatware, hollowware, toilet articles, office or desk articles, etc.
5	32.129	2025	Vervaardiging van overige artikelen van edele metalen, n.e.g.	Fabrication d'articles de joaillerie et de bijouterie n.c.a.	Herstellung von sonstigen Artikeln aus Edelmetallen a.n.g.	Manufacture of jewellery and related articles n.e.c.
7	32.12901	2025	Graveren in voorwerpen van edele metalen	Gravure d'objets en métaux précieux	Gravurarbeiten auf Edelmetallgegenständen	Engraving of articles of precious metal
4	32.13	2025	Vervaardiging van imitatiesieraden en dergelijke artikelen	Fabrication d’articles de bijouterie fantaisie et articles similaires	Herstellung von Fantasieschmuck	Manufacture of imitation jewellery and related articles
5	32.130	2025	Vervaardiging van imitatiesieraden en dergelijke artikelen	Fabrication d’articles de bijouterie fantaisie et articles similaires	Herstellung von Fantasieschmuck	Manufacture of imitation jewellery and related articles
7	32.13001	2025	Verv van imitatiesieraden van ongeacht welk mat, voor zover er voor de verv geen gebruik wordt gemaakt van edele of onedele meta geplateerd met edele meta, kunstmatige edelstenen en diamanten	Fabrication de bijoux de fantaisie et art simil ni plaqués, ni doublés de métaux précieux; art de bijouterie contenant des pierres artific : pierres précieuses artific, diamants de synthèse, etc.	Herstellung von nicht mit Edelmetallen legiertem oder doubliertem Fantasieschmuck u ä Artikeln; Schmuckwaren mit künstlichen Edelsteinen und Diamanten	Manufacture of imitation jewellery and and similar articles, not of base metals clad with precious metals; jewellery containing artificial stones:artificial precious stones, synthetic diamonds, etc.
3	32.2	2025	Vervaardiging van muziekinstrumenten	Fabrication d’instruments de musique	Herstellung von Musikinstrumenten	Manufacture of musical instruments
4	32.20	2025	Vervaardiging van muziekinstrumenten	Fabrication d’instruments de musique	Herstellung von Musikinstrumenten	Manufacture of musical instruments
5	32.200	2025	Vervaardiging van muziekinstrumenten	Fabrication d’instruments de musique	Herstellung von Musikinstrumenten	Manufacture of musical instruments
7	32.20001	2025	Vervaardiging van snaarinstrumenten	Fabrication d'instruments à cordes	Herstellung von Saiteninstrumenten	Manufacture of stringed instruments
7	32.20002	2025	Vervaardiging van snaarinstrumenten met klavier, inclusief mechanische piano's	Fabrication d'instruments à cordes et à clavier, y compris les pianos automatiques	Herstellung von Saiteninstrumenten mit Tastatur, einschließlich mechanische Klaviere	Manufacture of keyboard stringed instruments, including automatic pianos
7	32.20003	2025	Vervaardiging van blaasinstrumenten	Fabrication d'instruments à vent	Herstellung von Blasinstrumenten	Manufacture of wind instruments
7	32.20004	2025	Vervaardiging van slaginstrumenten	Fabrication d'instruments de musique à percussion	Herstellung von Schlaginstrumenten	Manufacture of percussion musical instruments
7	32.20005	2025	Vervaardiging van muziekinstrumenten waarvan het geluid elektronisch wordt voortgebracht	Fabrication d'instruments de musique dont le son est produit électroniquement	Herstellung von Musikinstrumenten mit elektronischer Tonerzeugung	Manufacture of musical instruments, the sound of which is produced electronically
3	32.3	2025	Vervaardiging van sportartikelen	Fabrication d’articles de sport	Herstellung von Sportgeräten	Manufacture of sports goods
4	32.30	2025	Vervaardiging van sportartikelen	Fabrication d’articles de sport	Herstellung von Sportgeräten	Manufacture of sports goods
5	32.300	2025	Vervaardiging van sportartikelen	Fabrication d’articles de sport	Herstellung von Sportgeräten	Manufacture of sports goods
7	32.30001	2025	Vervaardiging van harde, zachte en opblaasbare ballen	Fabrication de balles et ballons durs, mous ou gonflables	Herstellung von harten, weichen und aufblasbaren Bällen	Manufacture of hard, soft and inflatable balls
7	32.30002	2025	Vervaardiging van rackets, bats(slagplankjes) en golfstokken	Fabrication de raquettes, battes et clubs de golf	Herstellung von Sportschlägern, einschließlich Cricket- und Golfschläger	Manufacture of rackets, bats and clubs
7	32.30003	2025	Vervaardiging van zwem- en plonsbadjes	Fabrication de bassins pour piscines et pataugeoires	Herstellung von Schwimm- und Planschbecken	Manufacture of basins for swimming and padding pools
7	32.30004	2025	Vervaardiging van sporthandschoenen en sporthoofddeksels van leer	Fabrication de gants et coiffures de sport en cuir	Herstellung von Sporthandschuhen und kopfbedeckungen aus Leder	Manufacture of leather sports gloves and sports headgear
3	32.4	2025	Vervaardiging van spellen en speelgoed	Fabrication de jeux et jouets	Herstellung von Spielwaren	Manufacture of games and toys
4	32.40	2025	Vervaardiging van spellen en speelgoed	Fabrication de jeux et jouets	Herstellung von Spielwaren	Manufacture of games and toys
5	32.400	2025	Vervaardiging van spellen en speelgoed	Fabrication de jeux et jouets	Herstellung von Spielwaren	Manufacture of games and toys
7	32.40001	2025	Vervaardiging van poppen, kleding en accessoires voor poppen	Fabrication de poupées, de vêtements et accessoires pour poupées	Herstellung von Puppen, Puppenkleidern und -accessoirs	Manufacture of dolls, clothes and accessories for dolls
7	32.40002	2025	Vervaardiging van speelgoeddieren	Fabrication de jouets représentant des animaux	Herstellung von Spielzeugtieren	Manufacture of toys representing animals
7	32.40003	2025	Vervaardiging van gezelschapsspelen en speelkaarten	Fabrication d'articles pour jeux de société et de cartes à jouer	Herstellung von Gesellschaftsspielen und Spielkarten	Manufacture of articles for board games and playing cards
7	32.40004	2025	Vervaardiging van spellen met motor of drijfwerk, spellen met muntinworp, biljarten, speciale tafels voor casinospelen, automatische bowlinginstallaties, enz.	Fabrication de jeux à moteur ou à mouvement, de jeux fonctionnant au moyen de pièces de monnaie, de billard, de tables spéciales pour jeux de casino, de jeux de quilles automatiques (bowlings), etc.	Herstellung von Spielen mit Motor oder Antriebsmechanismus, Spielen mit Münzeinwurf, Billardtische, spezielle Tische für Casinospiele, automatische Bowlinganlagen usw	Manufacture of pintables, coin-operated games, billiards, special tables for casino games, automatic bowling (bowling), etc.
7	32.40005	2025	Vervaardiging van elektronische spellen : videospelletjes schaakspellen, enz.	Fabrication de jeux électroniques: jeux vidéo, jeux d'échecs, etc.	Herstellung von elektronischen Spielen: Videospiele, Schachspiele usw	Manufacture of electronic games: video games, chess, etc.
7	32.40006	2025	Vervaardiging van schaalmodellen, bouwdozen, elektrische treinen, automobielcircuits, miniatuurvliegtuigen en -boten, enz.	Fabrication de modèles réduits et de modèles similaires pour le divertissement, de trains électriques, de circuits auto, de jeux de construction, etc.	Herstellung von verkleinerten Modellen, Baukästen, Modelleisenbahnen, Spielzeugrennbahnen, Miniaturflugzeugen und booten usw	Manufacturing scale models and similar recreational models, electrical trains, car circuits, construction sets, etc.
3	32.5	2025	Vervaardiging van medische en tandheelkundige instrumenten en benodigdheden	Fabrication d’instruments et de fournitures à usage médical et dentaire	Herstellung von medizinischen und zahnmedizinischen Apparaten und Materialien	Manufacture of medical and dental instruments and supplies
4	32.50	2025	Vervaardiging van medische en tandheelkundige instrumenten en benodigdheden	Fabrication d’instruments et de fournitures à usage médical et dentaire	Herstellung von medizinischen und zahnmedizinischen Apparaten und Materialien	Manufacture of medical and dental instruments and supplies
5	32.500	2025	Vervaardiging van medische en tandheelkundige instrumenten en benodigdheden	Fabrication d’instruments et de fournitures à usage médical et dentaire	Herstellung von medizinischen und zahnmedizinischen Apparaten und Materialien	Manufacture of medical and dental instruments and supplies
7	32.50001	2025	Vervaardiging van boormachines voor tandartsen	Fabrication de tours dentaires	Herstellung von Zahnarztbohrern	Manufacture of dental drills
7	32.50002	2025	Vervaardiging van instrumenten voor de oogheelkunde	Fabrication d'instruments d'ophtalmologie	Herstellung von ophtalmologischen Geräten	Manufacture of ophthalmic instruments
7	32.50003	2025	Vervaardiging van meubels voor geneeskundig, tandheelkundig of veeartsenijkundig gebruik : operatietafels, verstelbare bedden voor klinisch gebruik, verstelbare tandartsstoelen	Fabrication de mobilier pour la médecine, la chirurgie, l'art dentaire ou l'art vétérinaire: tables d'opération, lits à mécanismes pour usages cliniques, fauteuils de dentistes	Herstellung von Mobiliar für den medizinischen, zahn- oder tierärztlichen Gebrauch:  Operationstische, verstellbare Klinikbetten, Zahnarztstühle	Manufacture of medical, surgical, dental or veterinary furniture:  operating tables, hospital beds with mechanical fittings, dentists chairs
7	32.50004	2025	Verv van orthopedische artikelen en toestellen, van ongeacht welk materiaal: medisch-chirurgische gordels en banden, krukken, breukspalken, kunsttanden, orthopedisch schoeisel, kunstledematen, enz.	Fabrication de matériel orthopédique et prothétique : ceintures et bandages médico-chirurgicaux, béquilles, attelles, gouttières, dents artific, chaussures orthopédiques, membres artific, etc.	Herstellung von Orthopädiegegenständen und -geräten aus allen Werkstoffen: medizinisch-chirurgische Bänder und Bandagen, Krücken, Stützen, Ablassschläuche, Kunstzähne, orthopädische Schuhe, Kunstglied	Manufacture of orthopaedic and prosthetic devices : surgical belts,  crutches, splints, casts, artificial teeth, orthopaedic shoes, artificial limbs, etc.
7	32.50005	2025	Vervaardiging van brilleglazen en contactlenzen	Fabrication de verres de lunetterie et de verres de contact	Herstellung von Brillengläsern und Kontaktlinsen	Manufacture of spectacle glasses en eye lenses
7	32.50006	2025	Vervaardiging van monturen en brillen	Fabrication de montures de lunettes	Herstellung von Brillengestellen	Manufacture of spectacle frames
7	32.50007	2025	Verv van brillen, ook niet optisch bewerkte lenzen : zonnebrillen, brillen voor de bescherming van de ogen (inclusief beschermkappen voor het solderen), voor de verbetering van het zicht, enz.	Fabrication de montures équipées de verres travaillés optiquement ou non ; lunettes solaires, lunettes protectrices (y compris les écrans protecteurs pour soudage) ou correctrices, etc.	Herstellung von Brillengestellen mit oder ohne optische Gläser; Sonnenbrillen, Schutzbrillen (einschließlich Schutzmasken für Schweissarbeiten) oder Korrekturbrillen usw	Manufacture of frames fitted with glasses whether or not optically worked; sunglasses, safety goggles (including shields for welding) or corrective spectacles, etc.
3	32.9	2025	Industrie, n.e.g.	Activités manufacturières n.c.a.	Herstellung von Erzeugnissen a.n.g.	Manufacturing n.e.c.
4	32.91	2025	Vervaardiging van borstelwaren	Fabrication d’articles de brosserie	Herstellung von Besen und Bürsten	Manufacture of brooms and brushes
5	32.910	2025	Vervaardiging van borstelwaren	Fabrication d’articles de brosserie	Herstellung von Besen und Bürsten	Manufacture of brooms and brushes
4	32.99	2025	Overige industrie, n.e.g.	Autres activités manufacturières n.c.a.	Herstellung von sonstigen Erzeugnissen a.n.g.	Other manufacturing n.e.c.
5	32.990	2025	Overige industrie, n.e.g.	Autres activités manufacturières n.c.a.	Herstellung von sonstigen Erzeugnissen a.n.g.	Other manufacturing n.e.c.
7	32.99001	2025	Vervaardiging van datum -, zegelstempels en numeroteurs, handetiketteermachines, verstelbare handstempels, drukdozen, inktlinten voor schrijfmachines en van stempelkussens	Fabrication de dateurs, de cachets ou de numéroteurs, d'app manuels pour l'impression d'étiquettes, d'imprimeries à main, de rubans encreurs prépar pour machines à écrire et de tampons encreurs	Herstellung von Datumstempeln, Stempeln oder Numerierungsstempeln, von Handdruckgeräten für Etiketten, von zubereiteten Farbbändern für Schreibmaschinen und Stempelkissen	Manufacture of date, sealing or numbering stamps, hand-operated devices for printing, or embossing labels, hand printing sets, prepared typewriter ribbons and inked pads
7	32.99002	2025	Vervaardiging van sigarettenaanstekers	Fabrication de briquettes	Herstellung von Feuerzeugen	Manufacture of cigarette lighters
7	32.99003	2025	Vervaardiging van artikelen voor persoonlijk gebruik : pijpen, kammen, haarklemmen, vaporisators voor toiletgebruik, pruiken, valse baarden, thermisch isolerende flessen, enz.	Fabrication d'articles à usage personnel: pipes, peignes à coiffer, barrettes, vaporisateurs de toilette, perruques, fausses barbes, bouteilles isolantes, etc.	Herstellung von Gegenständen für den persönlichen Gebrauch: Pfeifen, Kämme, Spangen, Toilettensprühgeräte, Perrücken, falsche Bärte, usw Thermosflaschen usw	Manufacture of articles of personal use: smoking pipes, combs, slides, scent sprays,  wigs, false beards, vacuum flasks, etc.
7	32.99004	2025	Vervaardiging van kaarsen	Fabrication de bougies, chandelles, cierges et articles similaires	Herstellung von Kerzen und ähnlichen Artikeln	Manufacture of candles, tapers and the like
7	32.99005	2025	Vervaardiging van kunstbloemen, -fruit en -loofwerk en van decoratieartikelen van gedroogde bloemen	Fabrication de fleurs, fruits et feuillages artificiels et d'articles d'ornementation en fleurs séchées	Herstellung von künstlichen Blumen, Früchten und Blättern sowie Ziergegenständen aus getrockneten Blumen	Manufacture of artificial flowers, foliage and fruit and of ornamental articles of dried flowers
7	32.99006	2025	Vervaardiging van fop- en schertsartikelen en goochelbenodigdheden	Fabrication d'articles-surprises, d'articles pour fêtes et d'articles de prestidigitation	Herstellung von Scherzartikeln für Feste und von Zauberartikeln	Manufacture of novelty jokes, festive articles and conjuring tricks
7	32.99007	2025	Vervaardiging van overige artikelen : handzeven en handteemsen, paspoppen en andere etalageartikelen, enz.	Fabrication d'articles divers: tamis et cribles à main, mannequins et autres articles de vitrine, etc.	Herstellung verschiedener Artikel: Siebe und Handsiebe, Schaufensterpuppen und sonstige Schaufensterartikel usw	Manufacture of miscellaneous articles: hand sieves and hand riddles, mannequins and other display items, etc.
7	32.99008	2025	Vervaardiging van beschermkleding tegen vuur, straling, besmetting, enz.	Fabrication de vêtements de sécurité contre le feu, le rayonnement, la contamination, etc.	Herstellung von Sicherheitskleidung zum Schutz vor Feuer, Strahlung, Verseuchung usw	Manufacture of protective clothing against heat, radiation, contamination, etc.
7	32.99009	2025	Vervaardiging van houten doodskisten	Fabrication de cercueils	Herstellung von Särgen	Manufacture of coffins
2	33     	2025	Reparatie, onderhoud en installatie van machines en apparaten	Réparation, entretien et installation de machines et d’équipements	Reparatur, Instandhaltung und Installation von Maschinen und Ausrüstungen	Repair, maintenance and installation of machinery and equipment
3	33.1	2025	Reparatie en onderhoud van producten van metaal, machines en apparaten	Réparation et entretien d’ouvrages en métaux, de machines et d’équipements	Reparatur und Instandhaltung von Metallerzeugnissen, Maschinen und Ausrüstungen	Repair and maintenance of fabricated metal products, machinery and equipment
4	33.11	2025	Reparatie en onderhoud van producten van metaal	Réparation et entretien d’ouvrages en métaux	Reparatur und Instandhaltung von Metallerzeugnissen	Repair and maintenance of fabricated metal products
5	33.110	2025	Reparatie en onderhoud van producten van metaal	Réparation et entretien d’ouvrages en métaux	Reparatur und Instandhaltung von Metallerzeugnissen	Repair and maintenance of fabricated metal products
4	33.12	2025	Reparatie en onderhoud van machines	Réparation et entretien de machines	Reparatur und Instandhaltung von Maschinen	Repair and maintenance of machinery
5	33.120	2025	Reparatie en onderhoud van machines	Réparation et entretien de machines	Reparatur und Instandhaltung von Maschinen	Repair and maintenance of machinery
7	33.12001	2025	Onderhoud en herstelling van landbouwtractoren, motoculteurs en gazonmaaiers	Entretien et réparation de tracteurs agricoles, de motoculteurs et de tondeuses à gazon	Wartung und Reparatur von landwirtschaftlichen Zugmaschinen, Einachsschleppern und Rasenmähern	Maintenance and repair of agricultural tractors, walking tractors and lawnmowers
7	33.12002	2025	Onderhoud en herstelling van overige machines voor de landbouw en de bosbouw	Entretien et réparation d'autres machines agricoles et forestières	Wartung und Reparatur anderer forstwirtschaftlicher und landwirtschaftlicher Geräte	Maintenance and repair of other agricultural and forestry machinery
7	33.12003	2025	Onderhouds- en herstellingswerken van mechanische aard voor rekening van derden	Travaux d'entretien et réparations mécaniques pour des tiers	Mechanische Wartungs- und Reparaturarbeiten für Rechnung Dritter	Mechanical maintenance and repairs for third parties
4	33.13	2025	Reparatie en onderhoud van elektronische en optische apparatuur	Réparation et entretien de matériels électroniques et optiques	Reparatur und Instandhaltung von elektronischen und optischen Geräten	Repair and maintenance of electronic and optical equipment
5	33.130	2025	Reparatie en onderhoud van elektronische en optische apparatuur	Réparation et entretien de matériels électroniques et optiques	Reparatur und Instandhaltung von elektronischen und optischen Geräten	Repair and maintenance of electronic and optical equipment
4	33.14	2025	Reparatie en onderhoud van elektrische apparatuur	Réparation et entretien d’équipements électriques	Reparatur und Instandhaltung von elektrischen Ausrüstungen	Repair and maintenance of electrical equipment
5	33.140	2025	Reparatie en onderhoud van elektrische apparatuur	Réparation et entretien d’équipements électriques	Reparatur und Instandhaltung von elektrischen Ausrüstungen	Repair and maintenance of electrical equipment
4	33.15	2025	Reparatie en onderhoud van civiele schepen	Réparation et entretien de bateaux et navires civils	Reparatur und Instandhaltung von zivilen Schiffen, Booten und Yachten	Repair and maintenance of civilian ships and boats
5	33.150	2025	Reparatie en onderhoud van civiele schepen	Réparation et entretien de bateaux et navires civils	Reparatur und Instandhaltung von zivilen Schiffen, Booten und Yachten	Repair and maintenance of civilian ships and boats
7	33.15001	2025	Onderhoud en reparatie van passagiersschepen, veerboten, vrachtschepen, tankers, enz., of delen ervan	Entretien et réparation de navires ou de parties de navires: navires à passagers, transbordeurs, cargos, bateaux-citernes, etc.	Wartung und Reparatur von Passagierschiffen, Umladevorrichtungen, Cargoschiffen, Tankern usw	Maintenance and repair of ships or parts thereof: passenger vessels, ferry boats, cargo ships, tankers, etc.
7	33.15002	2025	Onderhoud en reparatie van sleepboten of delen ervan	Entretien et réparation de navires ou de parties de navires : remorqueurs	Wartung und Reparatur von Schiffen oder Schiffsteilen: Schlepper	Maintenance and repair of ships or parts thereof: tugs
7	33.15003	2025	Onderhoud en reparatie van vissersvaartuigen of delen ervan	Entretien et réparation de navires ou de parties de navires: bateaux de pêche	Wartung und Reparatur von Schiffen oder Schiffsteilen: Fischereifahrzeuge	Maintenance and repair of ships or parts thereof: fishing boats
7	33.15004	2025	Onderhoud en reparatie van pleziersportvaartuigen	Entretien et réparation de bateaux de plaisance ou de sport	Wartung und Reparatur von Vergnüngungsschiffen und Sportbooten	Maintenance and repair of pleasure and sporting boats
4	33.16	2025	Reparatie en onderhoud van civiele lucht- en ruimtevaartuigen	Réparation et entretien d’aéronefs et d’engins spatiaux civils	Reparatur und Instandhaltung von zivilen Luft- und Raumfahrzeugen	Repair and maintenance of civilian air and spacecraft
5	33.160	2025	Reparatie en onderhoud van civiele lucht- en ruimtevaartuigen	Réparation et entretien d’aéronefs et d’engins spatiaux civils	Reparatur und Instandhaltung von zivilen Luft- und Raumfahrzeugen	Repair and maintenance of civilian air and spacecraft
4	33.17	2025	Reparatie en onderhoud van andere civiele transportmiddelen	Réparation et entretien d’autres équipements de transport civils	Reparatur und Instandhaltung von sonstigen zivilen Beförderungsmitteln	Repair and maintenance of other civilian transport equipment
5	33.170	2025	Reparatie en onderhoud van andere civiele transportmiddelen	Réparation et entretien d’autres équipements de transport civils	Reparatur und Instandhaltung von sonstigen zivilen Beförderungsmitteln	Repair and maintenance of other civilian transport equipment
7	33.17001	2025	Onderhoud en de reparatie van rollend materieel voor spoor- en tramwegen en van mechanische en elektromechanische signaal- en veiligheidstoestellen	Entretien et la réparation de matériel ferroviaire roulant et d'appareils mécaniques et électromécaniques de signalisation ou de sécurité	Wartung und die Instandsetzung von Schienenfahrzeugen sowie mechanischen und elektromechanischen Geräten für Signal- und Sicherheitsanlagen	Maintenance and repair of rolling stock and mechanical and electromechanical signalling or safety equipment
4	33.18	2025	Reparatie en onderhoud van militaire gevechtsvoertuigen, schepen, lucht- en ruimtevaartuigen	Réparation et entretien de véhicules de combat, de navires, de bateaux, d’aéronefs et d’engins spatiaux militaires	Reparatur und Instandhaltung von militärischen Kampffahrzeugen, Luft- und Raumfahrzeugen sowie Kriegsschiffen	Repair and maintenance of military fighting vehicles, ships, boats, air and spacecraft
5	33.180	2025	Reparatie en onderhoud van militaire gevechtsvoertuigen, schepen, lucht- en ruimtevaartuigen	Réparation et entretien de véhicules de combat, de navires, de bateaux, d’aéronefs et d’engins spatiaux militaires	Reparatur und Instandhaltung von militärischen Kampffahrzeugen, Luft- und Raumfahrzeugen sowie Kriegsschiffen	Repair and maintenance of military fighting vehicles, ships, boats, air and spacecraft
7	33.18001	2025	Onderhoud en reparatie van oorlogsschepen (inclusief de installatie van bewapening) of delen ervan	Entretien et réparation de navires ou de parties de navires: navires de guerre (y compris l'implantation des systèmes d'armes)	Wartung und Reparatur von Schiffen oder Schiffsteilen: Kriegsschiffe (einschliesslich Einbau der Waffensysteme)	Maintenance and repair of ships or parts thereof: warships (including the implementation of weapons systems)
4	33.19	2025	Reparatie en onderhoud van andere apparatuur	Réparation et entretien d’autres équipements	Reparatur und Instandhaltung von sonstigen Ausrüstungen	Repair and maintenance of other equipment
5	33.190	2025	Reparatie en onderhoud van andere apparatuur	Réparation et entretien d’autres équipements	Reparatur und Instandhaltung von sonstigen Ausrüstungen	Repair and maintenance of other equipment
3	33.2	2025	Installatie van industriële machines, toestellen en werktuigen	Installation de machines et d’équipements industriels	Installation von Industriemaschinen und -ausrüstungen	Installation of industrial machinery and equipment
4	33.20	2025	Installatie van industriële machines, toestellen en werktuigen	Installation de machines et d’équipements industriels	Installation von Industriemaschinen und -ausrüstungen	Installation of industrial machinery and equipment
5	33.200	2025	Installatie van industriële machines, toestellen en werktuigen	Installation de machines et d’équipements industriels	Installation von Industriemaschinen und -ausrüstungen	Installation of industrial machinery and equipment
7	33.20001	2025	Installatie van hulpvoedingssystemen (generatoraggregaten)	Installation de systèmes d'alimentation de secours (groupes électrogènes)	Installation von elektrischen Notversorgungsanlagen (Elektrogeneratoren)	Installation of back-up power systems (generators)
2	35     	2025	Productie en distributie van elektriciteit, gas, stoom en gekoelde lucht	Production et distribution d’électricité, de gaz, de vapeur et d’air conditionné	Energieversorgung	Electricity, gas, steam and air conditioning supply
3	35.1	2025	Opwekking, transmissie en distributie van elektriciteit	Production, transport et distribution d’électricité	Elektrizitätsversorgung	Electric power generation, transmission and distribution
4	35.11	2025	Productie van elektriciteit uit niet-hernieuwbare bronnen	Production d’électricité à partir de sources non renouvelables	Elektrizitätserzeugung aus nicht erneuerbaren Energieträgern	Production of electricity from non-renewable sources
5	35.110	2025	Productie van elektriciteit uit niet-hernieuwbare bronnen	Production d’électricité à partir de sources non renouvelables	Elektrizitätserzeugung aus nicht erneuerbaren Energieträgern	Production of electricity from non-renewable sources
4	35.12	2025	Productie van elektriciteit uit hernieuwbare bronnen	Production d’électricité à partir de sources renouvelables	Elektrizitätserzeugung aus erneuerbaren Energieträgern	Production of electricity from renewable sources
5	35.120	2025	Productie van elektriciteit uit hernieuwbare bronnen	Production d’électricité à partir de sources renouvelables	Elektrizitätserzeugung aus erneuerbaren Energieträgern	Production of electricity from renewable sources
4	35.13	2025	Transmissie van elektriciteit	Transport d’électricité	Elektrizitätsübertragung	Transmission of electricity
5	35.130	2025	Transmissie van elektriciteit	Transport d’électricité	Elektrizitätsübertragung	Transmission of electricity
4	35.14	2025	Distributie van elektriciteit	Distribution d’électricité	Elektrizitätsverteilung	Distribution of electricity
5	35.140	2025	Distributie van elektriciteit	Distribution d’électricité	Elektrizitätsverteilung	Distribution of electricity
4	35.15	2025	Handel in elektriciteit	Commerce d’électricité	Elektrizitätshandel	Trade of electricity
5	35.150	2025	Handel in elektriciteit	Commerce d’électricité	Elektrizitätshandel	Trade of electricity
4	35.16	2025	Opslag van elektriciteit	Stockage de l’électricité	Speichern von elektrischer Energie	Storage of electricity
5	35.160	2025	Opslag van elektriciteit	Stockage de l’électricité	Speichern von elektrischer Energie	Storage of electricity
3	35.2	2025	Productie van gas, en distributie van gasvormige brandstoffen via leidingen	Production de gaz et distribution de combustibles gazeux par conduites	Gasversorgung	Manufacture of gas, and distribution of gaseous fuels through mains
4	35.21	2025	Productie van gas	Production de gaz	Gaserzeugung	Manufacture of gas
5	35.210	2025	Productie van gas	Production de gaz	Gaserzeugung	Manufacture of gas
4	35.22	2025	Distributie van gasvormige brandstoffen via leidingen	Distribution de combustibles gazeux par conduites	Gasverteilung durch Rohrleitungen	Distribution of gaseous fuels through mains
5	35.220	2025	Distributie van gasvormige brandstoffen via leidingen	Distribution de combustibles gazeux par conduites	Gasverteilung durch Rohrleitungen	Distribution of gaseous fuels through mains
4	35.23	2025	Handel in gas via leidingen	Commerce de combustibles gazeux par conduites	Gashandel durch Rohrleitungen	Trade of gas through mains
5	35.230	2025	Handel in gas via leidingen	Commerce de combustibles gazeux par conduites	Gashandel durch Rohrleitungen	Trade of gas through mains
4	35.24	2025	Opslag van gas als onderdeel van netwerkleveringsdiensten	Stockage de gaz dans le cadre de services d’approvisionnement en réseau	Speichern von Gas zu Versorgungszwecken	Storage of gas as part of network supply services
5	35.240	2025	Opslag van gas als onderdeel van netwerkleveringsdiensten	Stockage de gaz dans le cadre de services d’approvisionnement en réseau	Speichern von Gas zu Versorgungszwecken	Storage of gas as part of network supply services
3	35.3	2025	Productie en distributie van stoom en gekoelde lucht	Production et distribution de vapeur et d’air conditionné	Wärme- und Kälteversorgung	Steam and air conditioning supply
4	35.30	2025	Productie en distributie van stoom en gekoelde lucht	Production et distribution de vapeur et d’air conditionné	Wärme- und Kälteversorgung	Steam and air conditioning supply
5	35.300	2025	Productie en distributie van stoom en gekoelde lucht	Production et distribution de vapeur et d’air conditionné	Wärme- und Kälteversorgung	Steam and air conditioning supply
7	35.30001	2025	Productie, winning en distributie van stoom en warm water voor de verwarming, aandrijving en andere doeleinden	Production, collecte et distribution de vapeur et d'eau chaude pour le chauffage, la force motrice et d'autres usages	Herstellung, Sammlung und Verteilung von Dampf und Heisswasser für Heizungs-, Antriebs- und sonstige Zwecke	Production, collection and distribution of steam and hot water for heating, power and other purposes
7	35.30002	2025	Productie en distributie van gekoeld water en ijs, voor koeldoeleinden	Production et la distribution d'eau froide ou de glace pour le refroidissement	Herstellung und Verteilung von Kaltwasser oder Kühleis	Production and distribution of chilled water or ice for cooling purposes
3	35.4	2025	Activiteiten van makelaars en agenten voor elektriciteit en aardgas	Activités des courtiers et agents pour l’électricité et le gaz naturel	Tätigkeiten von Strom- und Erdgasmaklerinnen und -maklern	Activities of brokers and agents for electric power and natural gas
4	35.40	2025	Activiteiten van makelaars en agenten voor elektriciteit en aardgas	Activités des courtiers et agents pour l’électricité et le gaz naturel	Tätigkeiten von Strom- und Erdgasmaklerinnen und -maklern	Activities of brokers and agents for electric power and natural gas
5	35.400	2025	Activiteiten van makelaars en agenten voor elektriciteit en aardgas	Activités des courtiers et agents pour l’électricité et le gaz naturel	Tätigkeiten von Strom- und Erdgasmaklerinnen und -maklern	Activities of brokers and agents for electric power and natural gas
2	36     	2025	Winning, behandeling en distributie van water	Captage, traitement et distribution d’eau	Wasserversorgung	Water collection, treatment and supply
3	36.0	2025	Winning, behandeling en distributie van water	Captage, traitement et distribution d’eau	Wasserversorgung	Water collection, treatment and supply
4	36.00	2025	Winning, behandeling en distributie van water	Captage, traitement et distribution d’eau	Wasserversorgung	Water collection, treatment and supply
5	36.000	2025	Winning, behandeling en distributie van water	Captage, traitement et distribution d’eau	Wasserversorgung	Water collection, treatment and supply
7	36.00001	2025	Winning, zuivering en distributie van water	Captage, épuration et distribution d'eau	Wasserversorgung	Water collection, treatment and supply
2	37     	2025	Afvalwaterafvoer	Collecte et traitement des eaux usées	Abwasserentsorgung	Sewerage
3	37.0	2025	Afvalwaterafvoer	Collecte et traitement des eaux usées	Abwasserentsorgung	Sewerage
4	37.00	2025	Afvalwaterafvoer	Collecte et traitement des eaux usées	Abwasserentsorgung	Sewerage
5	37.000	2025	Afvalwaterafvoer	Collecte et traitement des eaux usées	Abwasserentsorgung	Sewerage
2	38     	2025	Terugwinning uit afval, inzameling en verwijdering van afval	Collecte, valorisation et élimination des déchets;	Sammlung, Verwertung und Beseitigung von Abfällen	Waste collection, recovery and disposal activities
3	38.1	2025	Inzameling van afval	Collecte des déchets	Sammlung von Abfällen	Waste collection
4	38.11	2025	Inzameling van ongevaarlijk afval	Collecte des déchets non dangereux	Sammlung nicht gefährlicher Abfälle	Collection of non-hazardous waste
5	38.110	2025	Inzameling van ongevaarlijk afval	Collecte des déchets non dangereux	Sammlung nicht gefährlicher Abfälle	Collection of non-hazardous waste
4	38.12	2025	Inzameling van gevaarlijk afval	Collecte des déchets dangereux	Sammlung gefährlicher Abfälle	Collection of hazardous waste
5	38.120	2025	Inzameling van gevaarlijk afval	Collecte des déchets dangereux	Sammlung gefährlicher Abfälle	Collection of hazardous waste
3	38.2	2025	Terugwinning uit afval	Valorisation des déchets	Verwertung von Abfällen	Waste recovery
4	38.21	2025	Terugwinning van materialen uit afval	Récupération de matériaux provenant de déchets	Rückgewinnung	Materials recovery
5	38.210	2025	Terugwinning van materialen uit afval	Récupération de matériaux provenant de déchets	Rückgewinnung	Materials recovery
7	38.21001	2025	Slopen van schepen	Démolition de bateaux	Zerlegen von Schiffen	Demolition of boats
7	38.21002	2025	Recuperatie van recycleerbare ferro- en non-ferrometalen door het samenpersen van schroot en gebruikte voertuigen	Récupération de métaux ferreux et non ferreux recyclables par le compactage des ferrailles et des véhicules usagés	Rückgewinnung von wiederverwertbaren eisenhaltigen und nicht eisenhaltigen Metallen durch Verdichtung von Schrott und Altfahrzeugen	Recovery of recyclable ferrous and non-ferrous metals by compaction of scrap and used vehicles
7	38.21003	2025	Recuperatie van recycleerbare ferro- en non-ferrometalen door het demonteren van gebruikte goederen (bv auto's) ten einde herbruikbare onderdelen terug te winnen	Récupération de métaux ferreux et non ferreux recyclables par le démontage d'objets hors d'usage (voitures pex) afin d'en extraire les éléments récupérables	Rückgewinnung von wiederverwertbaren eisenhaltigen und nicht eisenhaltigen Metallen durch Zerlegung (zB von Fahrzeugen), um die verwertbaren Teile zurückzugewinnen	Recovery of recyclable ferrous and non-ferrous metals by disassembling end-of-life objects (eg cars) in order to extract the recoverable items
7	38.21004	2025	Recuperatie van recycleerbare ferro- en non-ferrometalen door het demonteren van gebruikte goederen (bvb auto's of koelkasten) ten einde het schadelijk afval (bvb olie) eruit te halen	Récupération de métaux ferreux et non ferreux recyclables par le démontage d'objets hors d'usage (voitures ou réfrigérateurs pex) afin d'en éliminer les éléments toxiques (huile pex)	Rückgewinnung von wiederverwertbaren eisenhaltigen und nicht eisenhaltigen Metallen durch die Zerlegung der Gegenstände (zB Kraftfahrzeuge oder Kühlschränke), um daraus die toxischen Stoffe zu entfe	Recovery of recyclable ferrous and non-ferrous metals by disassembling end-of-life objects (eg refrigerators or cars) in order to remove toxic elements (eg oil)
7	38.21011	2025	Recuperatie van recycleerbare ferro- en non-ferrometalen door het mechanisch verbrijzelen en vervolgens sorteren en scheiden van metaalafval, zoals gebruikte auto's, wasmachines, fietsen, enz.	Récupération de métaux ferreux et non ferreux recyclables par broyage par des procédés mécaniques d'objets métalliques tels que vieilles voitures, machines à laver hors d'usage, vieux vélos, etc.	Rückgewinnung von metallischen Altmaterialien und Reststoffen (wie gebrauchte Autos, Waschmaschinen, Fahrräder usw), durch mechanische Verarbeitungsprozesse mit anschließender Sortierung und Trennung	Recovery of recyclable ferrous and non-ferrous metals by mechanically grinding metal objects such as old cars, end-of-life washing machines, old bikes, etc.
7	38.21012	2025	Recuperatie van recycleerbare ferro- en non-ferrometalen door het mechanisch kleiner maken van grote stukken ijzer, zoals spoorwegwagons	Récupération de métaux ferreux et non ferreux recyclables par la réduction par des procédés mécaniques, d'objets métalliques volumineux tels que wagons de chemin de fer	Rückgewinnung von wiederverwertbaren eisenhaltigen und nicht eisenhaltigen Metallen durch Anwendung mechanischer Verfahren zur Verdichtung von grossen Metallgegenstände wie Eisenbahnwaggons	Recovery of recyclable ferrous and non-ferrous metals by mechanically reducing large metal objects such as train wagons
7	38.21021	2025	Regeneratie van rubber (bv regeneratie van gebruikte banden) voor de productie van secundaire grondstoffen	Régénération de caoutchouc (pex régénération de pneumatiques usagés) afin d'obtenir des matières premières secondaires	Gummiregeneration (zB Regeneration von Altreifen) für die Erzeugung von Sekundärrohstoffen	Recovery of rubber (eg recovery of worn tyres) to obtain secondary raw materials
7	38.21022	2025	Sorteren en verwerken van pellets van kunststof voor de productie van secundaire grondstoffen voor buizen, bloempotten, laadborden, ed	Triage et pastillage de matières plastiques en vue d'obtenir des matières premières secondaires utilisables pour la fabrication de tubes, de pots à fleurs, de palettes, etc.	Sortieren und Tablettieren von Plastikmaterialien, um daraus verwertbare Sekundärrohstoffe für die Herstellung von Röhren, Blumentöpfen, Paletten usw zu gewinnen	Sorting and pelleting of plastics to obtain secondary raw material for the manufacture of tubes, flower pots, pallets, etc.
7	38.21023	2025	Sorteren, schoonmaken en verbrijzelen van overig afval voor de productie van secundaire grondstoffen	Broyage, nettoyage et triage d'autres déchets en vue d'obtenir des matières premières secondaires	Sortieren, Reinigen und Zerkleinern von sonstigen Abfällen zur Gewinnung von Sekundärrohstoffen	Crushing, cleaning and sorting of other waste to obtain secondary raw materials
4	38.22	2025	Winning van energie uit afval	Valorisation énergétique de déchets	Energetische Verwertung von Abfällen	Energy recovery
5	38.220	2025	Winning van energie uit afval	Valorisation énergétique de déchets	Energetische Verwertung von Abfällen	Energy recovery
4	38.23	2025	Andere terugwinning uit afval	Autre valorisation des déchets	Sonstige Verwertung von Abfällen	Other waste recovery
5	38.230	2025	Andere terugwinning uit afval	Autre valorisation des déchets	Sonstige Verwertung von Abfällen	Other waste recovery
3	38.3	2025	Verwijdering van afval zonder terugwinning	Élimination de déchets sans récupération	Abfallbeseitigung ohne Verwertung	Waste disposal without recovery
4	38.31	2025	Verbranding zonder energieterugwinning	Incinération sans récupération d’énergie	Verbrennung von Abfällen ohne energetische Verwertung	Incineration without energy recovery
5	38.310	2025	Verbranding zonder energieterugwinning	Incinération sans récupération d’énergie	Verbrennung von Abfällen ohne energetische Verwertung	Incineration without energy recovery
4	38.32	2025	Storten of permanent opslaan	Mise en décharge ou stockage permanent	Deponierung oder Dauerlagerung von Abfällen	Landfilling or permanent storage
5	38.320	2025	Storten of permanent opslaan	Mise en décharge ou stockage permanent	Deponierung oder Dauerlagerung von Abfällen	Landfilling or permanent storage
4	38.33	2025	Andere afvalverwijdering	Autre élimination des déchets	Sonstige Beseitigung von Abfällen	Other waste disposal
5	38.330	2025	Andere afvalverwijdering	Autre élimination des déchets	Sonstige Beseitigung von Abfällen	Other waste disposal
2	39     	2025	Sanering en ander afvalbeheer	Activités de dépollution et autres activités de service de gestion des déchets	Beseitigung von Umweltverschmutzungen und sonstige Tätigkeiten in der Abfallbewirtschaftung	Remediation activities and other waste management service activities
3	39.0	2025	Sanering en ander afvalbeheer	Activités de dépollution et autres activités de service de gestion des déchets	Beseitigung von Umweltverschmutzungen und sonstige Tätigkeiten in der Abfallbewirtschaftung	Remediation activities and other waste management service activities
4	39.00	2025	Sanering en ander afvalbeheer	Activités de dépollution et autres activités de service de gestion des déchets	Beseitigung von Umweltverschmutzungen und sonstige Tätigkeiten in der Abfallbewirtschaftung	Remediation activities and other waste management service activities
5	39.000	2025	Sanering en ander afvalbeheer	Activités de dépollution et autres activités de service de gestion des déchets	Beseitigung von Umweltverschmutzungen und sonstige Tätigkeiten in der Abfallbewirtschaftung	Remediation activities and other waste management service activities
2	41     	2025	Burgerlijke en utiliteitsbouw	Construction de bâtiments résidentiels et non résidentiels	Hochbau	Construction of residential and non-residential buildings
3	41.0	2025	Burgerlijke en utiliteitsbouw	Construction de bâtiments résidentiels et non résidentiels	Hochbau	Construction of residential and non-residential buildings
4	41.00	2025	Burgerlijke en utiliteitsbouw	Construction de bâtiments résidentiels et non résidentiels	Hochbau	Construction of residential and non-residential buildings
5	41.001	2025	Algemene bouw van residentiële gebouwen	Construction générale de bâtiments résidentiels	Allgemeiner Bau von Wohngebäuden	General construction of residential buildings
7	41.00101	2025	Optrekken van de ruwbouw van individuele huizen	Réalisation du gros oeuvre de maisons individuelles	Erstellung des Rohbaus von Eigenheimen	Realisation of the main structure of individual houses
7	41.00102	2025	"Bouw van individuele huizen volgens de formule ""sleutel op de deur"""	"Construction de maisons individuelles ""clés en mains"""	Bau von schlüsselfertigen Eigenheimen	"Construction of individual ""turnkey"" houses"
7	41.00103	2025	Optrekken van de ruwbouw van gebouwen met celstructuur (appartementsgebouwen, enz.)	Réalisation du gros oeuvre de bâtiments à cellules multiples (appartements, etc.)	Erstellung des Rohbaus von Gebäuden mit mehreren Baueinheiten (Appartementgebäude usw)	Realisation of the main structure of multi-cellular buildings (apartments, etc.)
7	41.00104	2025	"Bouw van appartementen volgens de formule ""sleutel op de deur"""	"Réalisation d'appartements ""clés en mains"""	Bau von schlüsselfertigen Appartements	"Realisation of ""turnkey"" apartments"
7	41.00105	2025	Optrekken van de ruwbouw van gebouwen	Réalisation du gros oeuvre des bâtiments	Erstellung von Gebäuderohbaus	Realisation of the structural work of buildings
7	41.00106	2025	Algemene coördinatiewerkzaamheden bouwwerf	Coordination générale sur le chantier	Allgemeine Baustellenkoordination	General coordination on the construction site
5	41.002	2025	Algemene bouw van kantoorgebouwen	Construction générale d'immeubles de bureaux	Algemeiner Bau von Bürogebäuden	General construction of office buildings
5	41.003	2025	Algemene bouw van andere niet-residentiële gebouwen	Construction générale d'autres bâtiments non résidentiels	Algemeiner Bau von Nichtwohngebäuden	General construction of other non-residential buildings
7	41.00301	2025	Optrekken van de ruwbouw van gebouwen voor industrieel of commercieel gebruik, van stel- en stapelplaatsen, scholen ziekenhuizen, van gebouwen voor de beoefening van erediensten, cultuur, enz.	Réalisation du gros oeuvre de bâtiments et ouvrages industriels ou commerciaux, de dépôts de véhicules, d'entrepôts, d'écoles, de cliniques, de bâtiments pour la pratique d'un culte, etc.	Erstellung des Rohbaus von Industrie- oder gewerblichen Gebäuden, Fahrzeugdepots, Lagerhallen, Schulen, Krankenhäusern, kirchlichen Gebäuden, sowie Gebäuden, die für kulturelle Zwecke usw bestimmt si	Realisation of structural work on buildings and industrial or commercial structures, vehicle depots, warehouses, schools, clinics, buildings for the practice of worship, etc.
7	41.00302	2025	Montage van hangars, loodsen, schuren, silo's enz. voor landbouwdoeleinden	Montage de hangars, granges, silos, , à usages agricoles	Bau von Hallen, Scheunen, Silos usw für landwirtschaftliche Zwecke	Assembly of hangars, barns, silos, etc., for agricultural use
2	42     	2025	Weg- en waterbouw	Génie civil	Tiefbau	Civil engineering
3	42.1	2025	Bouw van wegen en spoorwegen	Construction de routes et de voies ferrées	Bau von Straßen und Bahnverkehrsstrecken	Construction of roads and railways
4	42.11	2025	Bouw van autowegen en andere wegen	Construction de routes et autoroutes	Bau von Straßen	Construction of roads and motorways
5	42.110	2025	Bouw van autowegen en andere wegen	Construction de routes et autoroutes	Bau von Straßen	Construction of roads and motorways
7	42.11001	2025	Bouw van autowegen, straten en andere wegen en paden voor voertuigen en voetgangers (inclusief het plaatsen van vangrails)	Constructions d'autoroutes, de routes, de rues, de chaussées et d'autres voies pour véhicules et piétons (y compris la pose de glissières de sécurité)	Bau von Autobahnen, Schnellstrassen, Strassen, Fahrbahnen und sonstigen Wegen für Fahrzeuge und Fussgänger (einschliesslich Leitplanken)	Construction of motorways, roads, streets, pavements and other vehicular and pedestrian roads (including the installation of crash barriers)
7	42.11002	2025	Bouw van start- en landingsbanen	Construction de pistes d'atterrissage	Bau von Start- und Landebahnen	Construction of airstrips
7	42.11003	2025	Schilderen van markeringen op wegen en parkeerplaatsen	Marquage à la peinture des chaussées et des aires ou parcs de stationnement	Fahrbahn- und Parkplatzmarkierungen	Paint marking of pavements and lay-bys or car parks
4	42.12	2025	Bouw van boven- en ondergrondse spoorwegen	Construction de voies ferrées de surface et souterraines	Bau von Bahnverkehrsstrecken	Construction of railways and underground railways
5	42.120	2025	Bouw van boven- en ondergrondse spoorwegen	Construction de voies ferrées de surface et souterraines	Bau von Bahnverkehrsstrecken	Construction of railways and underground railways
7	42.12001	2025	Bouw van spoorwegen : aanleggen van de bedding, plaatsen van de rails, uitvoeren en herstellingswerken	Construction de voies ferrées: pose du ballast et des rails, remise en état et réparations des voies	Bau von Eisenbahnstrecken: Verlegung von Schotter und Schienen, sowie Instandsetzung und Reparatur von Gleisen	Construction of railways: laying ballast and rails, restoration and repair of tracks
4	42.13	2025	Bouw van bruggen en tunnels	Construction de ponts et tunnels	Brücken- und Tunnelbau	Construction of bridges and tunnels
5	42.130	2025	Bouw van bruggen en tunnels	Construction de ponts et tunnels	Brücken- und Tunnelbau	Construction of bridges and tunnels
7	42.13001	2025	Bouw van bruggen (inclusief bruggen voor verhoogde wegen), viaducten, enz.	Construction de ponts, y compris ceux destinés à supporter des routes surélevées, viaducs, etc.	Bau von Brücken (einschliesslich Strassenüberführungen) Viadukten usw	Construction of bridges, including those for elevated roads, viaducts, etc.
7	42.13002	2025	Bouw van tunnels voor spoorweg- en autoverkeer en van overige ondergrondse doorgangen	Construction de tunnels routiers et ferroviaires et d'autres passages souterrains	Konstruktion von Strassen- und Eisenbahntunnels und anderen Unterführungen	Construction of road and rail tunnels and other underground passages
3	42.2	2025	Bouw van civieltechnische werken ten behoeve van nutsbedrijven	Construction de réseaux et de lignes	Bau von Versorgungseinrichtungen	Construction of utility projects
4	42.21	2025	Bouw van civieltechnische werken voor vloeistoffen	Construction d'ouvrages de génie civil pour les fluides	Rohrleitungstiefbau, Brunnenbau und Kläranlagenbau	Construction of utility projects for fluids
5	42.211	2025	Bouw van water- en gasdistributienetten	Construction de réseaux de distribution d'eau et de gaz	Bau von Wasser- und Gasverteilungsnetzen	Construction of water and gas distribution networks
5	42.212	2025	Bouw van rioleringen	Construction de réseaux d'évacuation des eaux usées	Bau von Kanalisationsnetzen	Construction of waste water disposal systems
5	42.219	2025	Bouw van civieltechnische werken voor vloeistoffen, n.e.g.	Construction d'ouvrages de génie civil pour les fluides, n.c.a.	Bau von Leitungsnetzen für Flüssigkeiten a.n.g.	Construction of utility projects for fluids n.e.c.
7	42.21901	2025	Boren en aanleggen van waterputten, graven van mijnschachten	Forage et construction de puits d'eau, fonçage de puits	Bohren und Bau von Brunnen, Schachtabteufen	Drilling and water well construction, shaft sinking
7	42.21902	2025	Aanleg van waterdistributienetten en rioleringen	Construction de réseaux d'adduction, de distribution et d'évacuation des eaux	Bau von Wasserversorgungs-, Wasserverteilungs- und Kanalisationsnetzen	Construction of water supply, distribution and drainage networks
7	42.21903	2025	Aanleg van pijpleidingen voor het vervoer van gas, petroleumproducten, enz.	Construction de réseaux de transport de gaz, de produits pétroliers, etc.	Bau von Gas- und Erdöltransportleitungen, usw	Construction of networks to transport gas, petroleum products, etc.
4	42.22	2025	Bouw van civieltechnische werken voor elektriciteit en telecommunicatie	Construction d'ouvrages de génie civil pour l'électricité et les télécommunications	Bau von Versorgungseinrichtungen für Elektrizität und Telekommunikation	Construction of utility projects for electricity and telecommunications
5	42.220	2025	Bouw van civieltechnische werken voor elektriciteit en telecommunicatie	Construction d'ouvrages de génie civil pour l'électricité et les télécommunications	Bau von Versorgungseinrichtungen für Elektrizität und Telekommunikation	Construction of utility projects for electricity and telecommunications
7	42.22001	2025	Aanleg van leidingen voor het vervoer en distributie van elektrische energie	Construction de lignes de transport et de distribution d'énergie électrique	Bau von Strom- und Stromverteilungsleitungen	Construction of electrical energy transmission and distribution lines
7	42.22002	2025	Aanleg van telecommunicatielijnen en -netten	Construction de lignes et de réseaux de télécommunication	Bau von Fernmeldenetzen	Construction of telecommunication lines and networks
3	42.9	2025	Bouw van andere civieltechnische werken	Construction d’autres ouvrages de génie civil	Sonstiger Tiefbau	Construction of other civil engineering projects
4	42.91	2025	Waterbouw	Construction d’ouvrages maritimes et fluviaux	Wasserbau	Construction of water projects
5	42.911	2025	Baggerwerken	Travaux de dragage	Baggerarbeiten	Dredging
7	42.91101	2025	Uitvoeren van baggerwerken	Réalisation de travaux de dragage	Ausbaggerarbeiten	Realisation of dredging works
7	42.91102	2025	Ruimen van waterlopen, sloten, enz.	Curage des cours d'eau, fossés, etc.	Reinigung von Wasserläufen, Gräben, usw	Cleaning of rivers, ditches, etc.
5	42.919	2025	Waterbouw, muv baggerwerken	Construction d'autres ouvrages maritimes et fluviaux, à l'exception des travaux de dragage	Wasserbau, mit Ausnahme von Baggerarbeiten	Construction of water projects, except of dredging
7	42.91901	2025	Aanleg van havens (inclusief jachthavens) en dokken	Construction de ports (y compris les ports de plaisance) et de bassins	Bau von Häfen (einschliesslich für Sport- und Vergnügungsschiffe) und Hafenbecken	Construction of ports (including marinas) and basins
7	42.91902	2025	Aanleg van dammen en dijken	Construction de barrages et de digues	Bau von Staudämmen und Dämmen	Construction of dams and dykes
7	42.91903	2025	Aanleg van kanalen en andere waterwegen	Construction de canaux et d'autres voies navigables	Bau von Kanälen und anderen Wasserstrassen	construction of canals and other waterways
7	42.91904	2025	Bouw van sluizen, zwaaikommen, enz.	Construction d'écluses et autres ouvrages de régulation	Bau von Schleusen und anderen Regulierungswerken	Construction of locks and other regulating structures
7	42.91905	2025	Bouw van bezinkbekkens en andere constructies ten behoeve van de waterzuivering	Construction de bassins de décantation et d'autres ouvrages pour l'épuration des eaux usées	Bau von Kläranlagen und anderen Wasserreinigungsanlagen	Construction of settling ponds and other structures for waste water treatment
4	42.99	2025	Bouw van andere civieltechnische werken, n.e.g.	Construction d’autres ouvrages de génie civil n.c.a.	Sonstiger Tiefbau a.n.g.	Construction of other civil engineering projects n.e.c.
5	42.990	2025	Bouw van andere civieltechnische werken, n.e.g.	Construction d’autres ouvrages de génie civil n.c.a.	Sonstiger Tiefbau a.n.g.	Construction of other civil engineering projects n.e.c.
7	42.99001	2025	Bouw van speel- en sportterreinen, zwembaden, enz.	Construction de terrains de jeux et de sport, de bassins de natation, etc.	Bau von Spiel- und Sportplätzen, Schwimmbädern usw	Construction of playgrounds and sports fields, swimming pools, etc.
7	42.99011	2025	Installatie van particuliere zwembaden (niet geprefabriceerd)	Installation de piscines privées (non préfabriquées)	Einrichtung privater (nicht vorgefertigten) Schwimmbäder	Installation of private swimming pools (not prefabricated)
2	43     	2025	Gespecialiseerde bouwwerkzaamheden	Travaux de construction spécialisés	Vorbereitende Baustellenarbeiten, Bauinstallation und sonstiges Ausbaugewerbe	Specialised construction activities
3	43.1	2025	Slopen en bouwrijp maken van terreinen	Démolition et préparation des sites	Abbrucharbeiten und vorbereitende Baustellenarbeiten	Demolition and site preparation
4	43.11	2025	Slopen	Démolition	Abbrucharbeiten	Demolition
5	43.110	2025	Slopen	Démolition	Abbrucharbeiten	Demolition
7	43.11001	2025	Slopen van gebouwen en andere bouwwerken	Démolition d'immeubles et autres constructions	Abriss von Gebäuden und anderen Konstruktionen	Demolition of buildings and other constructions
4	43.12	2025	Bouwrijp maken van terreinen	Travaux de préparation des sites	Vorbereitende Baustellenarbeiten	Site preparation
5	43.120	2025	Bouwrijp maken van terreinen	Travaux de préparation des sites	Vorbereitende Baustellenarbeiten	Site preparation
7	43.12001	2025	Grondverzet : graven, ophogen, egaliseren en nivelleren van bouwterreinen, graven van sleuven en geulen, verwijderen van rotsen, grondverzet met behulp van explosieven	Travaux de terrassement: creusement, comblement, nivellement de chantiers de construction, ouverture de tranchées, dérochement, destruction à l'explosif, etc.	Erdarbeiten: Ausgrabung, Auffüllung, Nivellierung von Baustellen, Öffnung von Baugruben, Entfernen von Felsblöcken, Zerstörung durch Sprengung usw	Earthworks: excavation, landfill, levelling of construction sites, trench digging, rock removal, blasting, etc.
7	43.12002	2025	Geschikt maken van terreinen voor mijnbouw : verwijderen van deklagen en overige werkzaamheden in verband met de ontsluiting van delfstoffen en de voorbereiding van de ontginning	Préparation de sites pour l'exploitation minière: enlèvement de déblais et autres travaux d'aménagement et de préparation des terrains et sites miniers	Standortvorbereitung für Bergwerksbetriebe: Schuttbeseitigung und andere Arbeiten für die Vorbereitung bergbaulicher Gelände	Site preparation for mining: overburden removal and other development and preparation of land and mining sites
7	43.12003	2025	Verlaging van het grondwaterpeil en drainage van bouwterreinen	Rabattement de la nappe aquifère et drainage des chantiers des construction	Absenkung des Grundwasserspiegels und Entwässerung von Baustellen für den Gebäudebau	Lowering of the water table and drainage of construction sites
7	43.12004	2025	Drainage van land- en bosbouwgrond	Drainage des terrains agricoles et sylvicoles	Entwässerung von landwirtschaftlich und forstwirtschaftlich genutzten Grundstücken	Drainage of agricultural or forestry land
7	43.12005	2025	Ruimen van bouwterreinen	Déblayage des chantiers	Aufräumen von Baustellen	Clearing of building sites
7	43.12006	2025	Professioneel gebruiker van kruit en springstoffen (bv : afbraak gebouwen, voorbereiding van terreinen of mijnsites)	Utilisateur professionnel de produits explosifs (ex : destruction bâtiments, préparation des terrains ou des sites miniers)	Professionelle Anwender von Explosivstoffen (zB Gebäudeabbruch, Vorbereitung von Baugrundstücken oder Bergbauflächen)	Professional user of explosives (eg demolition of buildings, preparation of land or mining sites)
7	43.12007	2025	Professioneel gebruiker van andere pyrotechnische artikelen (bv signalisatiewerktuig, spoorwegvoetzoeker)	Utilisateur professionnel d'autres articles pyrotechniques (ex : engin de signalisation, pétards de chemin de fer)	Professionelle Anwender von sonstigen pyrotechnischen Erzeugnissen (zB Signalmittel, Eisenbahnfeuerwerkskörper)	Professional users of other pyrotechnic products (eg signalling device, signalling flares)
4	43.13	2025	Proefboren en boren	Forages et sondages	Test- und Suchbohrung	Test drilling and boring
5	43.130	2025	Proefboren en boren	Forages et sondages	Test- und Suchbohrung	Test drilling and boring
7	43.13001	2025	Proefboren en het nemen van bodemmonsters ten behoeve van de bouw of voor geofysische, geologische of andere doeleinden	Sondages d'essai, les forages d'essai et les carottages pour la construction ainsi que pour les études géophysiques, géologiques et similaires	Versuchs- und Kernbohrungen für den Baubereich sowie für geophysikalische, geologische und ähnliche Untersuchungen	Test surveys, test drilling and core sampling for construction as well as for geophysical or geological studies, or similar
7	43.13002	2025	Uitvoeren van horizontale boringen voor het leggen van kabels en kanalisaties	Exécution de forages horizontaux pour passages de câbles ou de canalisations	Durchführung horizontaler Bohrungen von Kabel- oder Kanalisationsleitungen	Execution of horizontal drilling for cable glands or ducts
3	43.2	2025	Elektrische installatie, loodgieterswerk en overige bouwinstallatie	Travaux d’installation électrique, plomberie et autres travaux d’installation	Bauinstallation	Electrical, plumbing and other construction installation activities
4	43.21	2025	Elektrische installatie	Installation électrique	Elektroinstallation	Electrical installation
5	43.211	2025	Algemene elektrotechnische installatiewerken	Travaux généraux d'installation électrotechnique	Allgemeine elektrotechnische Installationsarbeiten	General work of electrical installation
7	43.21101	2025	Installatie van elektrische bedrading en toebehoren	Installation de câbles et appareils électriques	Einrichtung von Kabeln und Elektrogeräten	Installation of electrical wiring and fittings
7	43.21102	2025	Installatie van de bedrading voor telefooninstallaties en computersystemen	Installation de systèmes de télécommunication et installations informatiques	Installation von Fernmelde- und Datenübertragungssystemen	Installation of telecommunication systems and computer facilities 
7	43.21103	2025	Installatie van bewakingssystemen en alarminstallaties tegen diefstal	Installation de systèmes de surveillance et d'alarme contre les effractions	Einbau von Überwachungs- und Alarmsystem gegen Einbruch	Installation of surveillance and alarm systems against intruders
5	43.212	2025	Elektrotechnische installatiewerken van nijverheidsinrichtingen	Travaux d'installation électrotechnique d’établissements industriels	Elektrotechnische Installationsarbeiten an Industriebauwerke	General work of electrical installation in industrial plants
7	43.21201	2025	Installatie van verlichtings- en signaleringssystemen voor wegen en spoorwegen, in havens en luchthavens (inclusief de installatie van verkeersborden)	Installation de systèmes d'éclairage et de signalisation pour chaussées, voies ferrées, aéroports et installations portuaires (y compris l'installation de panneaux de signalisation)	Einbau von Beleuchtungs- und Signalgebungssystemen für Fahrbahnen, Bahngleise, Flughäfen und Hafeneinrichtungen (einschliesslich Aufstellung von Verkehrsschildern)	Installation of illumination and signalling systems for roads, railways, airports and port facilities (including the installation of traffic signs)
5	43.213	2025	Installatie van duurzame elektrische installaties	Installation d'installations électriques durables	Installation von dauerhaften Elektroinstallationen	Installation of durable electrical installations
5	43.214	2025	Installatie van elektronische beveiligingssystemen	Installation de systèmes de sécurité électroniques	Installation von elektronischen Sicherheitssystemen	Installation of electronic security systems
4	43.22	2025	Loodgieterswerk, installatie van verwarming en klimaatregeling	Travaux de plomberie et installation de chauffage et de conditionnement d’air	Gas-, Wasser-, Heizungs- sowie Lüftungs- und Klimainstallation	Plumbing, heat and air-conditioning installation
5	43.221	2025	Sanitaire werkzaamheden	Travaux sanitaires	Sanitärausstattung	Sanitary work
7	43.22101	2025	Install in gebouwen en andere bouwwerken van : loodgieterswerk en sanitaire app, gasleidingen en aansluitingen muv gasleidingen voor verwarmingssyst, waterleidingen, brandblusinstall, enz.	Installation dans des bâtim ou autres constr de : plomberie et app sanitaires, conduites et raccordements de gaz ou d'eau (excepté pour chauff), installation d'extinction automat d'incendie, etc.	In Gebäuden und anderen Bauten: Einbau von Sanitärinstallationen und -apparaten, Wasser- und Gasleitungen und Anschlüssen (mit Ausnahme von Gasleitungen für Heizungssysteme), Löschvorrichtungen usw	Installation in buildings or other structures of: plumbing and sanitary facilities, pipes, gas and water connections (except for heating), installation of automatic fire extinguishing systems, etc.
5	43.222	2025	Installatie van verwarming, klimaatregeling, koeling en ventilatie  aangedreven door elektriciteit	Installation de systèmes de chauffage, de climatisation, de refroidissement et de ventilation alimentés par l'électricité	Heizungs- sowie Lüftungs- und Klimainstallation, getrieben mit elektrischem Strom	Installation of heating, ventilating, air conditioning, refrigeration installations powered by electricity
7	43.22201	2025	Install in gebouwen ea bouww van : verwasyst op elektric, gas of stookolieapp, verwasketels, app en leidingen voor ventilatie en klimaatregeling, enz.	Installation dans des bâtim ou d'autres projets de construction de: systèmes de chauff à l'électricité, au gaz et au mazout, chaudières, matér et conduites de ventilation et de climatisation, etc.	In Gebäuden oder anderen Bauten: Einbau von Elektro-, Gas- und Ölheizungsanlagen, Heizkesseln, Geräten und Leitungen für Lüftungs-, Klimaanlagen usw	Installation in buildings or other construction projects of: heating systems, electricity, gas and oil-fired boilers, ventilation and air conditioning material and ducting, etc.
7	43.22202	2025	Installatie van verwarming, klimaatregeling en ventilatie (zonder verwarming)	Installation de systèmes de chauffage, de climatisation et de ventilation (sauf chauffage)	Einbau von Heizungs-, Klima- und Belüftungsanlagen (außer Heizung)	Installation of heating, cooling and ventilation systems (except heating)
7	43.22203	2025	Installatie van elektrische verwarmingsinstallaties	Installation d'installations électriques de chauffage	Installation von Elektroheizungen	Installation of electrical heating systems
7	43.22211	2025	Bouwen van open haarden, stookplaatsen, sierschouwen, enz. aangedreven door elektriciteit	Construction de cheminées décoratives et de feux ouverts alimentés par l'électricité	Bau von dekorativen und offenen Kaminen, die mit Strom betrieben werden	Construction of fireplaces, furnaces, ornamental fireplaces, etc. powered by electricity
5	43.223	2025	Installatie van verwarming, klimaatregeling, koeling en ventilatie aangedreven door andere energiebronnen dan elektriciteit	Installation de systèmes de chauffage, de climatisation,  de refroidissement et de ventilation alimentés par d’autres sources d'énergie que l'électricité	Heizungs- sowie Lüftungs- und Klimainstallation, getrieben mit anderen Energiequellen als elektrischem Strom	Installation of heating, ventilating, air conditioning, refrigeration installations powered by energy sources other than electricity
7	43.22301	2025	Bouwen van open haarden, stookplaatsen, sierschouwen, enz. door andere energiebronnen dan elektriciteit	Construction de cheminées décoratives et de feux ouverts par d’autres sources d'énergie que l'électricité	Bau von dekorativen und offenen Kaminen mit anderen Energiequellen als Strom	Construction of fireplaces, furnaces, ornamental fireplaces, etc. powered by energy sources other than electricity
4	43.23	2025	Installatie van isolatie	Mise en place de l’isolation	Einbau von Isolierungen	Installation of insulation
5	43.230	2025	Installatie van isolatie	Mise en place de l’isolation	Einbau von Isolierungen	Installation of insulation
7	43.23001	2025	Aanbrengen in gebouwen en andere bouwwerken van : - thermische isolatiemateriaal - isolatiemateriaal tegen geluid en trillingen	Mise en oeuvre dans des bâtiments ou d'autres projets de construction de: matériaux d'isolation thermique, matériaux d'isolation acoustique et antivibratile	Einbau in Gebäude und andere Bauten von: Wärmeschutz-, Schallschutz- und Vibrationsschutzmaterial	Implementation in buildings or other construction projects of: thermal insulation, acoustic and anti vibration insulation 
7	43.23002	2025	Isolatiewerkzaamheden aan verwarmingsleidingen en leidingen van koelsystemen	Travaux d'isolation de canalisations de chauffage ou de réfrigération	Isolationsarbeiten von Heizungs- und Kühlungsrohren	Insulation work for heating or cooling pipes
7	43.23003	2025	Isolatie van koelkamers en -pakhuizen	Travaux d'isolation de chambres froides ou d'entrepôts frigorifiques	Isolationsarbeiten von Kühlräumen oder -häusern	Insulation work for cold storage or refrigerated warehouses
4	43.24	2025	Overige bouwinstallatie	Autres travaux d’installation	Sonstige Bauinstallation	Other construction installation
5	43.240	2025	Overige bouwinstallatie	Autres travaux d’installation	Sonstige Bauinstallation	Other construction installation
7	43.24001	2025	Installatie van stores en zonneschermen	Installation de stores et bannes	Installation von Rollos und Sonnenschirmen	Installation of blinds and awnings
7	43.24002	2025	Installatie van lichtreclames en uithangborden	Installation d'enseignes, lumineuses ou non	Installation von Leuchtreklamen und Aushängeschildern	Installation of signs, illuminated or not
7	43.24003	2025	Overige installaties (inclusief accessoires), n.e.g.	Autres travaux d'installation n.c.a., y compris l'installation d'accessoires	Nicht anderweitig aufgeführte Installationsarbeiten einschließlich Einbau von Zubehör	Other installation works nes, including installation of accessories
7	43.24004	2025	Algemene bouwinstallatie	Travaux d'installation générale	allgemeine Installationsarbeiten	General installation work
7	43.24005	2025	Installatie van liften en roltrappen	Installation d'ascenseurs et escaliers mécaniques	Einbau von Aufzügen und Rolltreppen	Installation of lifts and escalators
7	43.24006	2025	Installatie van antennes en bliksemafleiders	Installation d'antennes d'immeubles et paratonnerres	Einrichtung von Gebäudeantennen und Blitzableitern	Installation of building aerials and lightning rods
3	43.3	2025	Afwerking van gebouwen	Travaux de finition	Sonstiger Ausbau	Building completion and finishing
4	43.31	2025	Stukadoorswerk	Travaux de plâtrerie	Anbringen von Stuckaturen, Gipserei und Verputzerei	Plastering
5	43.310	2025	Stukadoorswerk	Travaux de plâtrerie	Anbringen von Stuckaturen, Gipserei und Verputzerei	Plastering
7	43.31001	2025	Aanbrengen van pleister- en stukadoorswerk (inclusief het aanbrengen van een hechtgrond) aan de binnen- of buitenzijde van gebouwen en andere bouwwerken	Application dans des bâtiments ou d'autres projets de construction, de plâtre ou de stuc pour l'intérieur ou l'extérieur, y compris les matériaux de lattage associés	Verarbeitung in Gebäuden oder anderen Bauten von Gips und Stuck für die Innen- oder Aussenwände einschliesslich damit verbundener Belattungsamterialien	Application in buildings or other construction projects of plaster or stucco for interiors or exteriors, including related lathing materials
4	43.32	2025	Schrijnwerk	Travaux de menuiserie	Bautischlerei und -schlosserei	Joinery installation
5	43.320	2025	Schrijnwerk	Travaux de menuiserie	Bautischlerei und -schlosserei	Joinery installation
7	43.32001	2025	Montage van buiten- en binnenschrijnwerk van hout of van kunststof : deuren, vensters, kozijnen, trappen, muurkasten, inbouwkeukens, winkelinrichtingen, enz.	Montage de menuiseries extérieures et intérieures: portes, fenêtres, escaliers, placards de cuisines équipées, équipements pour magasins, dormants de portes et fenêtres, etc.	Durchführung von Schreinerarbeiten innen oder aussen: Türen, Fenster, Treppen, Wandschränke, ausgesttatete Küchen, Ausstattungen für Läden, Türträger und Fenster, usw	Assembly of exterior and interior joinery: doors, windows, staircases, fitted kitchen cupboards  shop fittings, door and window frames, etc.
7	43.32002	2025	Installatie van al dan niet verplaatsbare tussenwanden, bekleding van wanden, plafonds, enz. in hout of kunststof	Montage de cloisons mobiles; revêtement de murs, de plafonds etc., en bois ou en matière plastique	Montage beweglicher Trennwände; Verkleidung von Mauern, Decken usw, in Holz oder Kunststoff	Assembly of wooden or plastic mobile walls; lining walls, ceilings etc.
7	43.32003	2025	Installatie van garagepoorten, luiken, zonneblinden, traliewerk, hekken, enz., in hout of kunststof	Montage de portes de garage, de volets, de persiennes, de grillages, de grilles etc., en bois ou en matière plastique	Montage von Garagentoren, Rolläden, Sonnenblenden, Gittern, Gittertoren, usw, in Holz oder Kunststoff	Assembly of wooden or plastic garage doors, shutters, blinds, fences, gates etc.
7	43.32004	2025	Installatie van geblindeerde deuren en brandwerende deuren in hout of kunststof	Montage de portes blindées et de portes coupe-feux, en bois ou en matière plastique	Montage von Panzertüren und Feuerschutztüren in Holz oder Kunststoff	Assembly of wooden or plastic armoured doors and firewall doors
7	43.32005	2025	Montage van serres, veranda's, enz., in hout of kunststof	Montage de serres, de vérandas etc., en bois ou en matière plastique	Montage von Gewächshäusern, Wintergärten, usw aus Holz oder Kunststoff	Assembly of wooden or plastic greenhouses, verandas etc.
7	43.32006	2025	Montage van buiten- en binnenschrijnwerk in metaal : deuren, vensters, kozijnen, trappen, muurkasten, inbouwkeukens, winkelinrichtingen, enz.	Montage de menuiseries extérieurs et intérieurs métallique: portes, fenêtres, dormants de portes et fenêtres, escaliers, placards de cuisines équipées, équipements pour magasins, etc.	Montage innen und aussen von Schreinereiarbeiten aus Metall: Türen, Fenster, Türträger und Fenster, Treppen, Wandschränke, ausgestattete Küchen, Ausstattungen für Läden, usw	Assembly of external and internal metal joinery: doors, windows, door and window frames, staircases, fitted kitchen cupboards, shop fittings, etc.
7	43.32007	2025	Installatie van al dan niet verplaatsbare tussenwanden, de bekleding van wanden, plafonds, enz., in metaal	Montage de cloisons mobiles; revêtement de murs, de plafonds, etc., métallique	Montage beweglicher Trennwände; metallische Verkleidung von Mauern, Decken usw	Assembly of metal mobile walls; lining walls, ceilings, etc.
7	43.32008	2025	Installatie van garagepoorten, luiken, zonneblinden, traliewerk, hekken, enz., in metaal	Montage de portes de garage, de volets, de persiennes, de grillages, de grilles, etc., métallique	Montage von Garagentoren, Rolltoren, Blenden, Gittern, Gittertoren, usw aus Metall	Assembly of metal garage doors, shutters, blinds, fences, gates, etc.
7	43.32009	2025	Installatie van geblindeerde deuren en brandwerende deuren in metaal	Montage de portes blindées et portes coupe-feux, métallique	Montage von Panzertüren und Feuerschutztüren aus Metall	Assembly of metal armoured doors and fire doors
7	43.32010	2025	Montage van serres, veranda's enz. in metaal	Montage de serres, de vérandas, etc., métallique	Montage von Gewächshäusern, Wintergärten, usw aus Metall	Assembly of metal greenhouses, verandas, etc.
7	43.32011	2025	Montage van buiten- en binnenschrijnwerk van kunststof	Montage de menuiseries extérieures et intérieures en matière plastique	Einbau von Innen- und Außenausbauarbeiten aus Kunststoff	Assembly of exterior and interior plastic joinery
7	43.32012	2025	Installatie van binnendeuren, scheidingswanden enz.van glas	Installation de portes intérieures, de cloisons de séparation, , en verre	Einbau von Innentüren, Trennwänden usw aus Glas	Installation of glass interior doors, partition walls, etc.
7	43.32013	2025	Plaatsen van tussenwanden van gipsplaten	Montage de cloisons sèches à base de plâtre	Einbau von Zwischenwänden aus Gipskarton	Assembly of gypsum drywalls
4	43.33	2025	Vloerafwerking en behangen	Travaux de revêtement des sols et des murs	Fußboden-, Fliesen- und Plattenlegerei, Tapeziererei	Floor and wall covering
5	43.331	2025	Plaatsen van vloer- en wandtegels	Pose de revêtements des sols et des murs en carrelage	Fliesen- und Plattenlegerei	Floor and wall covering with tiles
7	43.33101	2025	Aanbrengen in gebouwen en andere bouww van : vloer-of wandtegels van keramische stoffen, beton of gehouwen steen, vloerbedekking en wandbekleding van terrazzo marmer, graniet of lei, enz.	Pose dans des bâtiments ou d'autres projets de construction: revêtements muraux ou carrelages en céramique, en béton ou en pierre de taille; revêtements de sols et de murs en granit, etc.	Verlegung in Gebäuden oder anderen Bauten von folgenden Elementen: Wandverkleidungen, Verlegung von Bodenfliesen aus Keramik, Beton oder Naturstein, Verkleidung von Böden und Wänden mit Granit, Marmor	Fitting in buildings or other construction projects of: wall coverings or ceramic, concrete or stone tiles; granite flooring and wall coverings, etc.
5	43.332	2025	Plaatsen van vloerbedekking en wandbekleding van hout	Pose de revêtements des sols et des murs en bois	Verlegung von Bodenbelägen aus Holz	Floor and wall covering with wood
7	43.33201	2025	Plaatsen in gebouwen en andere bouwwerken van: parket en andere houten vloerbedekking, wandbekleding van hout	Pose dans des bâtiments ou d'autres projets de construction de : parquets et autres revêtements de sols en bois, revêtement de cloison en bois	Verlegung folgender Elemente in Gebäuden und anderen Bauten: Parkette und andere Bodenbeläge sowie Wandbekleidungen aus Holz	Fitting in buildings or other construction projects of: parquet and other wood floors, wooden wall coverings
5	43.333	2025	Plaatsen van behang en vloerbedekking en wandbekleding van andere materialen	Pose de papiers peints et de revêtements de murs et de sols en d'autres matériaux	Anbringen von Tapeten, Bodenbelägen und Wandbekleidungen aus anderen Materialien	Floor and wall covering with other materials
7	43.33301	2025	Plaatsen van behang	Pose de papiers peints	Tapezierarbeiten	Wallpapering 
4	43.34	2025	Schilderen en glaszetten	Travaux de peinture et vitrerie	Malerei und Glaserei	Painting and glazing
5	43.341	2025	Schilderen van gebouwen	Peinture de bâtiments	Anstrich von Gebäuden	Painting of buildings
7	43.34101	2025	Schilderen van het binnen- en buitenwerk van gebouwen	Peinture intérieure et extérieure des bâtiments	Innen- und Aussenanstrich von Gebäuden	Interior and exterior painting of buildings
5	43.342	2025	Schilderen van civieltechnische werken	Peinture de travaux de génie civil	Anstrich von Ingenieurbauten	Painting of civil engineering works
7	43.34201	2025	Schilderen van metalen constructies	Construction de cheminées décoratives et de feux ouverts alimentés par l'électricité	Anstrich von Metallskeletteilen	Painting of metal frames
7	43.34202	2025	Schilderen van het interieur van schepen en boten door niet-gespecialiseerde eenheden	Peinture intérieure de navires et de bateaux par des unités non spécialisées	Innenanstrich von Schiffen und Booten durch ungelernte Kräfte	Painting of interior surfaces of ships and boats by non-specialised units
5	43.343	2025	Glaszetten	Vitrerie	Glasergewerbe	Glazing
7	43.34301	2025	Aanbrengen van glas, spiegels, enz.	Pose de vitres, de miroirs, etc.	Einsetzen von Scheiben, Spiegeln usw	Fitting of glass, mirrors, etc.
4	43.35	2025	Overige werkzaamheden in verband met de afwerking van gebouwen	Autres travaux de finition	Sonstiger Ausbau	Other building completion and finishing
5	43.350	2025	Overige werkzaamheden in verband met de afwerking van gebouwen	Autres travaux de finition	Sonstiger Ausbau	Other building completion and finishing
7	43.35001	2025	Reinigen van nieuwe gebouwen na beëindiging van de bouwwerkzaamheden	Nettoyage de bâtiments nouveaux et remise en état des lieux après travaux	Reinigung neuer Gebäude und die Instandsetzung nach Beendigung der Arbeiten	Cleaning of new buildings and rehabilitation of sites after work
7	43.35002	2025	Overige werkzaamheden in verband met de afwerking van gebouwen, n.e.g.	Autres travaux d'achèvement et de finition des bâtiments n.c.a.	Sonstige Arbeiten für die Fertigstellung von Gebäuden a.n.g.	Other building completion and finishing work nes
3	43.4	2025	Gespecialiseerde bouwactiviteiten in de constructie van gebouwen	Travaux de construction spécialisés dans la construction de bâtiments	Spezialisierte Bautätigkeiten im Hochbau	Specialised construction activities in construction of buildings
4	43.41	2025	Dakwerkzaamheden	Travaux de couverture	Dachdeckerei und Zimmerei	Roofing activities
5	43.410	2025	Dakwerkzaamheden	Travaux de couverture	Dachdeckerei und Zimmerei	Roofing activities
7	43.41001	2025	Bouw van daken	Montage de charpentes	Bau von Dächern	Framework assembly
7	43.41002	2025	Plaatsen van dakbedekking van ongeacht welk materiaal	Travaux de couverture en tous matériaux	Dachabdeckungen aus allen Materialien	Covering work using all materials
7	43.41003	2025	Plaatsen van dakgoten en regenafvoerbuizen	Mise en place des éléments d'évacuation des eaux de pluie	Bau von Regenwasserableitungen	Installation of draining elements for rainwater 
7	43.41011	2025	Waterdicht maken van daken en dakterrassen	Travaux d'étanchéification des toits et des toituresterrasses	Arbeiten zur Abdichtung von Dächern und Terrassen	Waterproofing of roofs and roof terraces 
4	43.42	2025	Overige gespecialiseerde bouwactiviteiten in de constructie van gebouwen	Autres travaux de construction spécialisés dans la construction de bâtiments	Sonstige spezialisierte Bautätigkeiten im Hochbau	Other specialised construction activities in construction of buildings
5	43.421	2025	Waterdichtingswerken van muren	Travaux d'étanchéification des murs	Arbeiten zur Abdichtung von Mauern	Waterproofing of walls
7	43.42101	2025	Behandelen van muren met vochtwerende en waterafstotende producten	Traitement des murs avec des produits hydrofuges	Behandlung der Mauern mit feuchtigkeitsabweisenden Produkten	Treatment of walls with water repellent products
5	43.422	2025	Chapewerken	Pose de chapes	Anbringung von Abdeckungen	Laying of screeds
5	43.429	2025	Overige gespecialiseerde bouwactiviteiten in de constructie van gebouwen, n.e.g.	Autres travaux de construction spécialisés dans la construction de bâtiments, n.c.a.	Sonstige spezialisierte Bautätigkeiten im Hochbau a.n.g.	Other specialised construction activities in construction of buildings n.e.c.
7	43.42901	2025	Bouwen van funderingen, inclusief heien	Mise en place de fondations, y compris le battage de pieux	Fundamentbau einschließlich Einrammen von Pfählen	Establishment of foundations, including pile driving
7	43.42902	2025	Bouwen van schoorstenen en industriële ovens	Construction de cheminées et de fours industriels	Konstruktion von Schornsteinen und Industrieöfen	Construction of chimneys and industrial ovens
7	43.42903	2025	Monteren van niet-zelfvervaardigde metalen constructiewerken	Montage d'éléments de structures métalliques non fabriqués par l'unité qui exécute les travaux	Montage von nicht durch den Bauunternehmer hergestellten Metallkonstruktionen	Installation of steel structure elements not manufactured by the unit carrying out the work
7	43.42904	2025	Bouwen van koelkamers, kluizen, enz.	Construction de chambres froides, chambres fortes, etc.	Bau von Kühlräumen und Panzerräume	Construction of cold rooms, vaults, etc.
3	43.5	2025	Gespecialiseerde bouwactiviteiten op het gebied van weg- en waterbouw	Travaux de construction spécialisés en génie civil	Spezialisierte Bautätigkeiten im Tiefbau	Specialised construction activities in civil engineering
4	43.50	2025	Gespecialiseerde bouwactiviteiten op het gebied van weg- en waterbouw	Travaux de construction spécialisés en génie civil	Spezialisierte Bautätigkeiten im Tiefbau	Specialised construction activities in civil engineering
5	43.500	2025	Gespecialiseerde bouwactiviteiten op het gebied van weg- en waterbouw	Travaux de construction spécialisés en génie civil	Spezialisierte Bautätigkeiten im Tiefbau	Specialised construction activities in civil engineering
7	43.50001	2025	Uitvoeren van diverse werkzaamheden onder water	Exécution des travaux sous-marins de toute nature	Durchführung von Unterwasserarbeiten aller Art	Execution of underwater work of all kinds
7	43.50002	2025	Installatie van particuliere zwembaden (geprefabriceerd)	Installation de piscines privées (préfabriquées)	Einrichtung privater (vorgefertigten) Schwimmbäder	Installation of private swimming pools (prefabricated)
3	43.6	2025	Bemiddelingsactiviteiten in verband met gespecialiseerde bouwnijverheid	Activités de service d’intermédiation pour des travaux de construction spécialisés	Vermittlungstätigkeiten für spezialisierte Bautätigkeiten	Intermediation service activities for specialised construction services
4	43.60	2025	Bemiddelingsactiviteiten in verband met gespecialiseerde bouwnijverheid	Activités de service d’intermédiation pour des travaux de construction spécialisés	Vermittlungstätigkeiten für spezialisierte Bautätigkeiten	Intermediation service activities for specialised construction services
5	43.600	2025	Bemiddelingsactiviteiten in verband met gespecialiseerde bouwnijverheid	Activités de service d’intermédiation pour des travaux de construction spécialisés	Vermittlungstätigkeiten für spezialisierte Bautätigkeiten	Intermediation service activities for specialised construction services
3	43.9	2025	Overige gespecialiseerde bouwactiviteiten	Autres travaux de construction spécialisés	Sonstige spezialisierte Bautätigkeiten	Other specialised construction activities
4	43.91	2025	Metselwerk	Travaux de maçonnerie et de pose de briques	Maurerarbeiten	Masonry and bricklaying activities
5	43.910	2025	Metselwerk	Travaux de maçonnerie et de pose de briques	Maurerarbeiten	Masonry and bricklaying activities
7	43.91001	2025	Uitvoeren van metselwerk	Maçonnerie	Maurerarbeit	Masonry
7	43.91002	2025	Uitvoeren van voegwerken	Exécution de travaux de rejointoiement	Durchführung von Fugenarbeiten	Execution of repointing
4	43.99	2025	Overige gespecialiseerde bouwactiviteiten, n.e.g.	Autres travaux de construction spécialisés n.c.a.	Sonstige spezialisierte Bautätigkeiten a.n.g.	Other specialised construction activities n.e.c.
5	43.990	2025	Overige gespecialiseerde bouwactiviteiten, n.e.g.	Autres travaux de construction spécialisés n.c.a.	Sonstige spezialisierte Bautätigkeiten a.n.g.	Other specialised construction activities n.e.c.
7	43.99001	2025	Vlechten van ijzer en aanbrengen van bekisting	Travaux de ferraillage et pose de coffrage	Bewehrungsstahl- und Schalungsarbeiten	Formwork and rebar work
7	43.99002	2025	Uitvoeren van hijs- en hefwerkzaamheden voor rekening van derden	Exécution pour les tiers de travaux de levage	Durchführung von Hebearbeiten für Dritte	Execution of lifting work for third parties
7	43.99003	2025	Optrekken en afbreken van steigers en werkplatforms	Montage et démontage d'échafaudages et de plates-formes de travail	Montage und Demontage von Gerüsten und Arbeitsplattformen	Assembly and disassembly of scaffolding and work platforms
7	43.99004	2025	Verhuur van machines voor de bouwnijverheid met bedieningspersoneel	Location avec opérateur de matériel de construction	Anmieten von Baumaterial mit Arbeitskräften	Rental of construction equipment with operator
2	46     	2025	Groothandel	Commerce de gros	Großhandel	Wholesale trade
3	46.1	2025	Handelsbemiddeling in de groothandel	Intermédiaires du commerce de gros	Handelsvermittlung	Wholesale on a fee or contract basis
4	46.11	2025	Handelsbemiddeling in de groothandel in landbouwgrondstoffen, levende dieren en textielgrondstoffen en halffabricaten	Activités d’intermédiaire du commerce de gros en matières premières agricoles, animaux vivants, matières premières textiles et produits semi-finis	Tätigkeiten der Großhandelsvermittlung von landwirtschaftlichen Grundstoffen, lebenden Tieren, textilen Rohstoffen und Halbwaren	Activities of agents involved in the wholesale of agricultural raw materials, live animals, textile raw materials and semi-finished goods
5	46.110	2025	Handelsbemiddeling in de groothandel in landbouwgrondstoffen, levende dieren en textielgrondstoffen en halffabricaten	Activités d’intermédiaire du commerce de gros en matières premières agricoles, animaux vivants, matières premières textiles et produits semi-finis	Tätigkeiten der Großhandelsvermittlung von landwirtschaftlichen Grundstoffen, lebenden Tieren, textilen Rohstoffen und Halbwaren	Activities of agents involved in the wholesale of agricultural raw materials, live animals, textile raw materials and semi-finished goods
4	46.12	2025	Handelsbemiddeling in de groothandel in brandstoffen, ertsen, metalen en chemische producten	Activités d’intermédiaire du commerce de gros en combustibles, minérais, métaux et produits chimiques	Tätigkeiten der Großhandelsvermittlung von Brennstoffen, Erzen, Metallen und technischen Chemikalien	Activities of agents involved in the wholesale of fuels, ores, metals and industrial chemicals
5	46.120	2025	Handelsbemiddeling in de groothandel in brandstoffen, ertsen, metalen en chemische producten	Activités d’intermédiaire du commerce de gros en combustibles, minérais, métaux et produits chimiques	Tätigkeiten der Großhandelsvermittlung von Brennstoffen, Erzen, Metallen und technischen Chemikalien	Activities of agents involved in the wholesale of fuels, ores, metals and industrial chemicals
7	46.12001	2025	Handelsbemiddeling in meststoffen, verdelgingsmiddelen en chemische producten voor de landbouw	Intermédiaires du commerce en engrais, produits phytosanitaires et produits chimiques à usage agricole	Handelsvermittlung für Düngemittel, Pflanzenschutzmittel und chemische Präparate für landwirtschaftliche Zwecke	Commission trade of fertilisers, pesticides and chemical products for agricultural use
7	46.12002	2025	Handelsbemiddeling in kruit en springstoffen	Intermédiaire de commerce en produits explosifs	Handelsvermittlung von Explosivstoffen	Commission trade of explosives
7	46.12003	2025	Handelsbemiddeling in pyrotechnische artikelen	Intermédiaire de commerce en articles pyrotechniques	Handelsvermittlung von pyrotechnischen Erzeugnissen	Commission trade of pyrotechnics
4	46.13	2025	Handelsbemiddeling in de groothandel in hout en bouwmaterialen	Activités d’intermédiaire du commerce de gros en bois et matériaux de construction	Tätigkeiten der Großhandelsvermittlung von Holz, Baustoffen und Anstrichmitteln	Activities of agents involved in the wholesale of timber and building materials
5	46.130	2025	Handelsbemiddeling in de groothandel in hout en bouwmaterialen	Activités d’intermédiaire du commerce de gros en bois et matériaux de construction	Tätigkeiten der Großhandelsvermittlung von Holz, Baustoffen und Anstrichmitteln	Activities of agents involved in the wholesale of timber and building materials
7	46.13001	2025	Handelsbemiddeling in verf en vernis	Intermédiaires du commerce en peintures et vernis	Vermittlung für den Handel mit Farben und Lacken	Commission trade of paints and varnishes
7	46.13002	2025	Handelsbemiddeling in sanitaire artikelen	Intermédiaires du commerce en articles sanitaires	Vermittlung für Handel mit Gesundheitsartikeln	Commission trade of sanitary articles
4	46.14	2025	Handelsbemiddeling in de groothandel in machines, apparaten en werktuigen voor de industrie en in schepen en luchtvaartuigen	Activités d’intermédiaire du commerce de gros en machines, équipements industriels, navires et avions	Tätigkeiten der Großhandelsvermittlung von Maschinen, technischem Bedarf, Wasser- und Luftfahrzeugen	Activities of agents involved in the wholesale of machinery, industrial equipment, ships and aircraft
5	46.140	2025	Handelsbemiddeling in de groothandel in machines, apparaten en werktuigen voor de industrie en in schepen en luchtvaartuigen	Activités d’intermédiaire du commerce de gros en machines, équipements industriels, navires et avions	Tätigkeiten der Großhandelsvermittlung von Maschinen, technischem Bedarf, Wasser- und Luftfahrzeugen	Activities of agents involved in the wholesale of machinery, industrial equipment, ships and aircraft
7	46.14001	2025	Handelsbemiddeling in machines en uitrusting voor nijverheid en in schepen en luchtvaartuigen	Intermédiaires du commerce en machines, équipements industriels, navires et avions	Handelsvermittlung von Maschinen, technischem Bedarf, Wasser- und Luftfahrzeugen	Commission trade of machinery, industrial equipment, ships and aircraft
7	46.14002	2025	Handelsbemiddeling in machines voor de bouwnijverheid	Intermédiaires du commerce en machines pour la construction	Vermittlung für den Handel mit Baumaschinen	Commission trade of construction machinery
7	46.14003	2025	Handelsbemiddeling in naai- en breimachines	Intermédiaires du commerce en machines à coudre et machines et métiers à bonneterie	Vermittlung für den Handel mit Nähmaschinen, Maschinen und Webstühlen für Wirkwaren	Commission trade of sewing machines and knitting machines
7	46.14004	2025	Handelsbemiddeling in machines, tractoren, werktuigen en toebehoren voor de landbouw	Intermédiaires du commerce en machines, tracteurs et matériel agricoles	Vermittlung für den Handel mit Maschinen, landwirtschaftlichen Zugmaschinen und Material	Commission trade of machinery, farm tractors and equipment
7	46.14005	2025	Handelsbemiddeling in elektrische en elektronisch materiaal, inclusief installatiemateriaal voor industrieel gebruik	Intermédiaires du commerce en matériel électrique et électronique, y compris le matériel d'installation à usage industriel	Vermittlung für den Handel mit elektrischen und elektronischen Betriebsmitteln, einschließlich Einrichtungsmaterial für industrielle Zwecke	Commission trade of electrical and electronic equipment, including installation material for industrial use
7	46.14006	2025	Handelsbemiddeling in machines en uitrusting voor de dienstverlenende sector	Intermédiaires du commerce en machines et équipements utilisés dans le secteur de services	Vermittlung für den Handel mit Maschinen und Ausstattungen, die im Dienstbereich verwendet werden	Commission trade of machinery and equipment used in the service sector
7	46.14007	2025	Handelsbemiddeling in munitie	Intermédiaire de commerce en munitions	Handelsvermittlung von Munition	Commission trade of ammunition
4	46.15	2025	Handelsbemiddeling in de groothandel in meubelen, huishoudelijke artikelen en ijzerwaren	Activités d’intermédiaire du commerce de gros en meubles, biens domestiques et quincaillerie	Tätigkeiten der Großhandelsvermittlung von Möbeln, Einrichtungs- und Haushaltsgegenständen, Eisen- und Metallwaren	Activities of agents involved in the wholesale of furniture, household goods, hardware and ironmongery
5	46.150	2025	Handelsbemiddeling in de groothandel in meubelen, huishoudelijke artikelen en ijzerwaren	Activités d’intermédiaire du commerce de gros en meubles, biens domestiques et quincaillerie	Tätigkeiten der Großhandelsvermittlung von Möbeln, Einrichtungs- und Haushaltsgegenständen, Eisen- und Metallwaren	Activities of agents involved in the wholesale of furniture, household goods, hardware and ironmongery
4	46.16	2025	Handelsbemiddeling in de groothandel in textiel, kleding, bont, schoeisel en lederwaren	Activités d’intermédiaire du commerce de gros en textiles, habillement, fourrures, chaussures et articles en cuir	Tätigkeiten der Großhandelsvermittlung von Textilien, Bekleidung, Schuhen und Lederwaren	Activities of agents involved in the wholesale of textiles, clothing, fur, footwear and leather goods
5	46.160	2025	Handelsbemiddeling in de groothandel in textiel, kleding, bont, schoeisel en lederwaren	Activités d’intermédiaire du commerce de gros en textiles, habillement, fourrures, chaussures et articles en cuir	Tätigkeiten der Großhandelsvermittlung von Textilien, Bekleidung, Schuhen und Lederwaren	Activities of agents involved in the wholesale of textiles, clothing, fur, footwear and leather goods
7	46.16001	2025	Handelsbemiddeling in textiel, kleding, schoeisel en artikelen van leer	Intermédiaires du commerce en textiles, habillement, chaussures et articles en cuir	Handelsvermittlung von Textilien, Bekleidung, Schuhen und Lederwaren	Commission trade of textiles, clothing, footwear and leather goods
7	46.16002	2025	Handelsbemiddeling in bont	Intermédiaires du commerce en fourrures	Vermittlung für den Handel mit Pelzen	Commission trade of furs
4	46.17	2025	Handelsbemiddeling in de groothandel in voedings- en genotmiddelen	Activités d’intermédiaire du commerce de gros en produits alimentaires et tabac	Tätigkeiten der Großhandelsvermittlung von Nahrungsmitteln, Getränken und Tabakwaren	Activities of agents involved in the wholesale of food, beverages and tobacco
5	46.170	2025	Handelsbemiddeling in de groothandel in voedings- en genotmiddelen	Activités d’intermédiaire du commerce de gros en produits alimentaires et tabac	Tätigkeiten der Großhandelsvermittlung von Nahrungsmitteln, Getränken und Tabakwaren	Activities of agents involved in the wholesale of food, beverages and tobacco
4	46.18	2025	Handelsbemiddeling in de groothandel in andere specifieke goederen	Activités d’intermédiaire spécialisé dans le commerce de gros d’autres produits spécifiques	Tätigkeiten der Großhandelsvermittlung von sonstigen Waren	Activities of agents involved in the wholesale of other particular products
5	46.180	2025	Handelsbemiddeling in de groothandel in andere specifieke goederen	Activités d’intermédiaire spécialisé dans le commerce de gros d’autres produits spécifiques	Tätigkeiten der Großhandelsvermittlung von sonstigen Waren	Activities of agents involved in the wholesale of other particular products
7	46.18001	2025	Handelsbemiddeling in nieuwe en gebruikte auto's voor personenvervoer, inclusief die voor bijzondere doeleinden (bv ambulances)	Intermédiaires du commerce en véhicules automobiles pour le transport des personnes, y compris les véhicules automobiles spéciaux (pex ambulances), neufs ou usagés	Vermittlung beim Handel mit Kraftfahrzeugen für die Personenbeförderung, einschließlich Sonderkraftfahrzeuge (zB Krankenwagen), neu oder gebraucht	Commission trade of motor vehicles for the transport of persons, including special motor vehicles (eg ambulances), new or used
7	46.18011	2025	Handelsbemiddeling in nieuwe en gebruikte vrachtwagens, trekkers, bestelwagens, terreinwagens (bv jeeps), enz.	Intermédiaires du commerce en camions, tracteurs routiers, camionnettes, véhicules automobiles tous terrains (pex jeeps), etc., neufs ou usagés	Vermittlung beim Handel mit Lastkraftwagen, Straßenzugmaschinen, Lieferwagen, Geländefahrzeugen (zB Jeeps) usw, neu oder gebraucht	Commission trade of trucks, tractors, vans, all-terrain motor vehicles (eg jeeps), etc., new or used
7	46.18012	2025	Handelsbemiddeling in nieuwe en gebruikte autobussen, touringcars, minibusjes, motorhomes, enz.	Intermédiaires du commerce en autobus, autocars, minibus, motorhomes, etc., neufs ou usagés	Vermittlung beim Handel mit Linienbussen, Reisebussen, Minibussen, Motorhomes usw, neu oder gebraucht	Commission trade of buses, coaches, minibuses, motorhomes, etc., new or used
7	46.18021	2025	Handelsbemiddeling in nieuwe of gebruikte motorrijwielen, inclusief bromfietsen	Intermédiation de commerce de motocycles, neufs ou usagés, y compris les cyclomoteurs	Handelsvermittlung neuer oder gebrauchter Motorräder einschließlich Mofas	Commission trade of motorcycles, new or used, including mopeds
7	46.18031	2025	Handelsbemiddeling in parfums, cosmetica, toiletartikelen en reinigingsmiddelen	Intermédiaires du commerce en parfums, cosmétiques, articles de toilette et produits de nettoyage	Vermittlung für den Handel mit Parfüm, Kosmetik, Toiletteartikeln und Reinigungsmitteln	Commission trade of perfumes, cosmetics, toiletries and cleaning products
7	46.18032	2025	Handelsbemiddeling in farmaceutische producten en orthopedische artikelen	Intermédiaires du commerce en produits pharmaceutiques et articles orthopédiques	Vermittlung für den Handel mit Arzneimitteln und orthopädischen Artikeln	Commission trade of pharmaceuticals and orthopaedic products
7	46.18033	2025	Handelsbemiddeling in papierwaren, kranten, boeken en tijdschriften	Intermédiaires du commerce en articles de papeterie, journaux, livres et magazines	Vermittlung für den Handel mit Papierwaren, Zeitungen, Büchern und Zeitschriften	Commission trade of stationery, newspapers, books and magazines
7	46.18034	2025	Handelsbemiddeling in horloges, artikelen van edele metalen en sieraden	Intermédiaires du commerce en montres, articles en métaux précieux et bijoux	Vermittlung für den Handel mit Uhren, Artikeln aus Edelmetallen und Juwelen	Commission trade of watches, articles of precious metals and jewels
7	46.18035	2025	Handelsbemiddeling in sport- en kampeerartikelen spellen en speelgoed	Intermédiaires du commerce en articles de sport et matériel de camping, jeux et jouets	Vermittlung für den Handel mit Sportartikeln und Campingmaterial, Spielen und Spielwaren	Commission trade of sporting and camping equipment, toys and games
4	46.19	2025	Handelsbemiddeling in de niet-gespecialiseerde groothandel	Activités d’intermédiaire non spécialisé du commerce de gros	Tätigkeiten der Großhandelsvermittlung von Waren ohne ausgeprägten Schwerpunkt	Activities of agents involved in non-specialised wholesale
5	46.190	2025	Handelsbemiddeling in de niet-gespecialiseerde groothandel	Activités d’intermédiaire non spécialisé du commerce de gros	Tätigkeiten der Großhandelsvermittlung von Waren ohne ausgeprägten Schwerpunkt	Activities of agents involved in non-specialised wholesale
7	46.19001	2025	Handelsbemiddeling in goederen, algemeen assortiment	Intermédiaires du commerce en produits divers	Handelsvermittlung von Waren ohne ausgeprägten Schwerpunkt	Commission trade of miscellaneous products
3	46.2	2025	Groothandel in landbouwproducten en levende dieren	Commerce de gros de produits agricoles bruts et d’animaux vivants	Großhandel mit landwirtschaftlichen Grundstoffen und lebenden Tieren	Wholesale of agricultural raw materials and live animals
4	46.21	2025	Groothandel in granen, ruwe tabak, zaden en diervoeders	Commerce de gros de céréales, de tabac non manufacturé, de semences et d’aliments pour animaux	Großhandel mit Getreide, Rohtabak, Saatgut und Futtermitteln	Wholesale of grain, unmanufactured tobacco, seeds and animal feeds
5	46.211	2025	Groothandel in granen en zaden	Commerce de gros de céréales et de semences	Großhandel mit Getreide und Saatgut	Wholesale of grain and seeds
7	46.21101	2025	Groothandel in pootaardappelen	Commerce de gros de pommes de terre de semence	Großhandel mit Saatkartoffeln	Wholesale trade of seed potatoes
5	46.212	2025	Groothandel in veevoeders	Commerce de gros d'aliments pour le bétail	Großhandel mit Viehfutter	Wholesale of animal feeds
5	46.213	2025	Groothandel in ruwe plantaardige en dierlijke oliën en vetten	Commerce de gros d'huiles et de graisses d'origine végétale et animale	Großhandel mit Ölen und Speisefetten tierischen und pflanzlichen Ursprungs	Wholesale of vegetable and animal oils and fats
5	46.214	2025	Groothandel in andere akkerbouwproducten	Commerce de gros d'autres produits agricoles	Großhandel mit sonstigen Landwirtschaftsprodukten	Wholesale of other agricultural products
5	46.215	2025	Groothandel in ruwe tabak	Commerce de gros de tabac non manufacturé	Großhandel mit Rohtabak	Wholesale of raw tobacco
5	46.216	2025	Groothandel in akkerbouwproducten en veevoeders, algemeen assortiment	Commerce de gros d'aliments pour le bétail et de produits agricoles, assortiment général	Großhandel mit Landwirtschaftsprodukten und Viehfutter, Vollsortiment	Wholesale of cattle feeds and agricultural products, general selection
4	46.22	2025	Groothandel in bloemen en planten	Commerce de gros de fleurs et de plantes	Großhandel mit Blumen und Pflanzen	Wholesale of flowers and plants
5	46.220	2025	Groothandel in bloemen en planten	Commerce de gros de fleurs et de plantes	Großhandel mit Blumen und Pflanzen	Wholesale of flowers and plants
7	46.22001	2025	Groothandel in tulpebollen	Commerce de gros de bulbes de tulipes	Großhandel mit Tulpenzwiebeln	Wholesale trade of tulip bulbs
4	46.23	2025	Groothandel in levende dieren	Commerce de gros d’animaux vivants	Großhandel mit lebenden Tieren	Wholesale of live animals
5	46.231	2025	Groothandel in levend vee	Commerce de gros de bétail	Großhandel mit lebendem Vieh	Wholesale of cattle
5	46.232	2025	Groothandel in levende dieren, muv levend vee	Commerce de gros d'animaux vivants, sauf bétail	Großhandel mit lebenden Tieren, mit Ausnahme von Vieh	Wholesale of live animals, except cattle
4	46.24	2025	Groothandel in huiden, vellen en leer	Commerce de gros de cuirs et de peaux	Großhandel mit Häuten, Fellen und Leder	Wholesale of hides, skins and leather
5	46.240	2025	Groothandel in huiden, vellen en leer	Commerce de gros de cuirs et de peaux	Großhandel mit Häuten, Fellen und Leder	Wholesale of hides, skins and leather
3	46.3	2025	Groothandel in voedingsmiddelen, dranken en genotmiddelen	Commerce de gros de produits alimentaires, de boissons et de produits à base de tabac	Großhandel mit Nahrungs- und Genussmitteln, Getränken und Tabakwaren	Wholesale of food, beverages and tobacco
4	46.31	2025	Groothandel in groenten en fruit	Commerce de gros de fruits et légumes	Großhandel mit Obst, Gemüse und Kartoffeln	Wholesale of fruit and vegetables
5	46.311	2025	Groothandel in consumptieaardappelen	Commerce de gros de pommes de terre de consommation	Großhandel mit Esskartoffeln	Wholesale of ware potatoes
5	46.319	2025	Groothandel in groenten en fruit, muv consumptieaardappelen	Commerce de gros de fruits et de légumes, à l’exception des pommes de terre de consommation	Großhandel mit Obst und Gemüse, mit Ausnahme von Esskartoffeln	Wholesale of fruit and vegetables, except ware potatoes
7	46.31901	2025	Groothandel in verse en niet-verwerkte groenten en fruit, inclusief aardappelen	Commerce de gros de fruits et de légumes frais et en l'état, y compris les pommes de terre	Großhandel mit Obst und Frischgemüse, einschließlich Kartoffeln	Wholesale trade of fresh and unprocessed fruits and vegetables, including potatoes
4	46.32	2025	Groothandel in vlees, vleesproducten, vis en visproducten	Commerce de gros de viande, de produits à base de viande, de poisson et de produits à base de poisson	Großhandel mit Fleisch, Fleischwaren, Fisch und Fischerzeugnissen	Wholesale of meat, meat products, fish and fish products
5	46.321	2025	Groothandel in vlees en vleesproducten, uitgezonderd vlees van wild en van gevogelte	Commerce de gros de viandes et de produits à base de viande, sauf viande de volaille et de gibier	Großhandel mit Fleisch und Fleischwaren, mit Ausnahme von Geflügel- und Wildfleisch	Wholesale of meat and meat products, except meat of poultry and game animals
7	46.32101	2025	Groothandel in vlees en vleeswaren, exclusief vlees van gevogelte en wild	Commerce de gros de viande et de produits à base de viande, à l'exclusion de viande de volailles et de gibiers	Großhandel mit Fleisch und Fleischprodukten mit Ausnahme von Geflügel- und Wildfleisch	Wholesale trade of meat and meat products except poultry and game meat
7	46.32102	2025	Groothandel in vlees van konijnen	Commerce de gros de viande de lapins	Großhandel mit Hasenfleisch	Wholesale trade of rabbit meat
5	46.322	2025	Groothandel in vlees van wild en van gevogelte	Commerce de gros de viande de volaille et de gibier	Großhandel mit Fleisch von Geflügel und Wild	Wholesale of meat of poultry and game animals
5	46.323	2025	Groothandel in vis en schaal- en weekdieren	Commerce de gros de poissons, crustacés et mollusques	Grosshandel mit Fisch, Schalentieren und Muscheln	Wholesale of fish, crustaceans and molluscs
4	46.33	2025	Groothandel in zuivelproducten, eieren en spijsoliën en -vetten	Commerce de gros de produits laitiers, œufs, huiles et matières grasses comestibles	Großhandel mit Milch, Milcherzeugnissen, Eiern, Speiseölen und Nahrungsfetten	Wholesale of dairy products, eggs and edible oils and fats
5	46.331	2025	Groothandel in zuivelproducten en eieren	Commerce de gros de produits laitiers et d'oeufs	Großhandel mit Milchprodukten und Eiern	Wholesale of dairy products and eggs
7	46.33101	2025	Groothandel in zuivelproducten (melk, boter, kaas, enz.)	Commerce de gros de produits laitiers (lait, beurre, fromage, etc.)	Großhandel mit Milchprodukten (Milch, Butter Käse usw)	Wholesale trade of dairy products (milk, butter, cheese, etc.)
7	46.33102	2025	Groothandel in eieren en eierproducten	Commerce de gros d'oeufs et de produits à base d'oeufs	Großhandel mit Eiern und Eiprodukten	Wholesale trade of eggs and egg products
5	46.332	2025	Groothandel in spijsoliën en -vetten	Commerce de gros d'huiles et de matières grasses comestibles	Großhandel mit Speiseölen und Nahrungsfetten	Wholesale of edible oils and fats
4	46.34	2025	Groothandel in dranken	Commerce de gros de boissons	Großhandel mit Getränken	Wholesale of beverages
5	46.341	2025	Groothandel in wijnen en geestrijke dranken	Commerce de gros de vin et de spiritueux	Großhandel mit Wein und Spirituosen	Wholesale of wine and spirits
7	46.34101	2025	Bottelen voor eigen rekening van in bulk aangekochte wijn	Mise en bouteilles pour compte propre de vins achetés en vrac	Abfüllung von offen gekauften Weinen auf eigene Rechnung	Bottling for own account of wine purchased in bulk
5	46.349	2025	Groothandel in dranken, algemeen assortiment	Commerce de gros de boissons, assortiment général	Großhandel mit Getränken, Vollsortiment	Wholesale of beverages, general selection
7	46.34901	2025	Groothandel in alcoholische en andere dranken	Commerce de gros de toutes boissons, alcoolisées ou non	Grosshandel mit allen Getränken, alkoholisch oder nicht	Wholesale trade of all drinks, alcoholic or not
4	46.35	2025	Groothandel in tabaksproducten	Commerce de gros de produits à base de tabac	Großhandel mit Tabakwaren	Wholesale of tobacco products
5	46.350	2025	Groothandel in tabaksproducten	Commerce de gros de produits à base de tabac	Großhandel mit Tabakwaren	Wholesale of tobacco products
4	46.36	2025	Groothandel in suiker, chocolade en suikerwerk	Commerce de gros de sucre, chocolat et confiserie	Großhandel mit Zucker, Süßwaren und Backwaren	Wholesale of sugar, chocolate and sugar confectionery
5	46.360	2025	Groothandel in suiker, chocolade en suikerwerk	Commerce de gros de sucre, chocolat et confiserie	Großhandel mit Zucker, Süßwaren und Backwaren	Wholesale of sugar, chocolate and sugar confectionery
4	46.37	2025	Groothandel in koffie, thee, cacao en specerijen	Commerce de gros de café, thé, cacao et épices	Großhandel mit Kaffee, Tee, Kakao und Gewürzen	Wholesale of coffee, tea, cocoa and spices
5	46.370	2025	Groothandel in koffie, thee, cacao en specerijen	Commerce de gros de café, thé, cacao et épices	Großhandel mit Kaffee, Tee, Kakao und Gewürzen	Wholesale of coffee, tea, cocoa and spices
4	46.38	2025	Groothandel in andere voedingsmiddelen	Commerce de gros d’autres denrées alimentaires	Großhandel mit sonstigen Nahrungs- und Genussmitteln	Wholesale of other food
5	46.381	2025	Groothandel in aardappelproducten	Commerce de gros de produits à base de pommes de terre	Großhandel mit Kartoffelerzeugnissen	Wholesale of potato products
5	46.382	2025	Groothandel in voedsel voor huisdieren	Commerce de gros d'aliments pour animaux de compagnie	Großhandlung mit Nahrungsmitteln für Haustiere	Wholesale of pet food
5	46.389	2025	Groothandel in andere voedingsmiddelen, n.e.g.	Commerce de gros d'autres produits alimentaires n.c.a.	Großhandel mit sonstigen Lebensmitteln a.n.g.	Wholesale of other food n.e.c.
7	46.38901	2025	Groothandel in meel en producten voor bakkerijen	Commerce de gros de farines et produits pour la boulangerie	Großhandel mit Mehl und Bäckereiprodukten	Wholesale trade of flour and bakery products
7	46.38902	2025	Groothandel in verse kant- en klaarmaaltijden	Commerce de plats cuisinés frais et prêts à emporter	Großhandel mit frischen Fertiggerichten	Wholesale trade of meals, fresh and takeaway
7	46.38903	2025	Groothandel in conserven	Commerce de gros de conserves	Konservengroßhandel	Wholesale trade of canned food
7	46.38904	2025	Groothandel in confituur en honing	Commerce de gros de confitures et de miel	Marmeladen- und Honiggroßhandel	Wholesale trade of jams and honey
7	46.38905	2025	Groothandel in deegwaren en rijst	Commerce de gros de pâtes alimentaires et de riz	Teigwaren- und Reisgroßhandel	Wholesale trade of pasta and rice
7	46.38906	2025	Groothandel in desserten	Commerce de gros de desserts	Nachtischgrosshandel	Wholesale trade of desserts
7	46.38907	2025	Overige gespecialiseerde groothandel in voedingswaren, n.e.g.	Autres commerces de gros alimentaires spécialisés n.c.a.	Sonstiger spezialisierter Nahrungsmittelgroßhandel a.n.g.	Other specialised wholesale trade of food nes
4	46.39	2025	Niet-gespecialiseerde groothandel in voedings- en genotmiddelen	Commerce de gros non spécialisé de denrées, boissons et tabac	Großhandel mit Nahrungs- und Genussmitteln, Getränken und Tabakwaren, ohne ausgeprägten Schwerpunkt	Non-specialised wholesale of food, beverages and tobacco
5	46.391	2025	Niet-gespecialiseerde groothandel in diepgevroren voedingsmiddelen	Commerce de gros non spécialisé de denrées surgelées	Nicht spezialisierter Großhandel mit Tiefkühlkost	Non-specialised wholesale of frozen food
7	46.39101	2025	Groothandel in diepgevroren voedingsmiddelen: vlees en vleeswaren, gevogelte en wild, vis en schaal- en schelpdieren, groenten en fruit, kant- en klaarmaaltijden, desserten, roomijs, enz.	Commerce de gros d'une gamme de pdts alimentaires surgelés: viandes et charcuteries, volailles et gibiers, poissons et crustacés, fruits et légumes, plats cuisinés, desserts, glaces de consomm, etc.	Grosshandel mit einem Sortiment tiefgekühlter Nahrungsmittel: Fleisch und Wurstwaren, Geflügel und Wild, Fisch und Schalentiere, Obst und Gemüse, Fertiggerichte, Desserts, Speiseeis usw	Wholesale trade of a range of frozen food products: meat, poultry and game, fish and seafood, fruit and vegetables, ready meals, desserts, ice-cream, etc.
5	46.392	2025	Niet-gespecialiseerde groothandel in niet-diepgevroren voedingsmiddelen, dranken en genotmiddelen	Commerce de gros non spécialisé de denrées fraîches, boissons et tabac	Nicht spezialisierter Großhandel mit nicht tiefgekühlten Lebensmitteln, Getränken und Tabak	Non-specialised wholesale of fresh food, beverages and tobacco
7	46.39201	2025	Overige niet-gespecialiseerde groothandel in voedingsen genotmiddelen	Autres commerces de gros non spécialisés de produits alimentaires	Sonstiger nicht spezialisierter Nahrungsmittelgroßhandel	Other non-specialised wholesale trade of food products
3	46.4	2025	Groothandel in consumentenartikelen	Commerce de gros de biens domestiques	Großhandel mit Gebrauchs- und Verbrauchsgütern	Wholesale of household goods
4	46.41	2025	Groothandel in textiel	Commerce de gros de textiles	Großhandel mit Textilien	Wholesale of textiles
5	46.411	2025	Groothandel in weefsels, stoffen en fournituren	Commerce de gros d'étoffes et de fournitures	Stoff-, Gewebe- und Kurzwarengroßhandel	Wholesale of fabrics and smallwares
7	46.41101	2025	Groothandel in garen	Commerce de gros de fils	Nähgarngroßhandel	Wholesale trade of thread
7	46.41102	2025	Groothandel in weefsels en stoffen	Commerce de gros de tissus et d'étoffes	Stoff- und Gewebegrosshandel	Wholesale trade of fabrics and cloth
7	46.41103	2025	Groothandel in fournituren : naaigaren, band, lint, enz.	Commerce de gros d'articles de mercerie: aiguilles, fils, rubans, etc.	Kurzwarengroßhandel: Nadeln, Nähgarn, Bänder usw	Wholesale trade of haberdashery: needles, thread, ribbons, etc.
5	46.412	2025	Groothandel in huishoudtextiel en beddengoed	Commerce de gros de linge de maison et de literie	Großhandel mit Haustextilien und Bettwäsche	Wholesale of household linen and bed linen
5	46.419	2025	Groothandel in overig textiel	Commerce de gros d'autres textiles	Großhandel mit sonstigen Textilien	Wholesale of other textiles
7	46.41901	2025	Groothandel in dekzeilen, hoezen, parasols, zonneschermen enz.	Commerce de gros de bâches, housses, parasols, stores, etc.	Großhandel mit Planen, Überzügen, Sonnenschirmen usw	Wholesale trade of tarps, covers, parasols, awnings, etc.
4	46.42	2025	Groothandel in kleding en schoeisel	Commerce de gros d’habillement et de chaussures	Großhandel mit Bekleidung und Schuhen	Wholesale of clothing and footwear
5	46.421	2025	Groothandel in werkkleding	Commerce de gros de vêtements de travail	Großhandel mit Arbeitskleidung	Wholesale of workwear
5	46.422	2025	Groothandel in onderkleding	Commerce de gros de sous-vêtements	Großhandel mit Unterwäsche	Wholesale of underwear
5	46.423	2025	Groothandel in kleding, met uitzondering van werk- en onderkleding	Commerce de gros de vêtements, autres que vêtements de travail et sous-vêtements	Bekleidungsgroßhandel mit Ausnahme von Arbeitskleidung und Unterwäsche	Wholesale of clothing, other than workwear and underwear
7	46.42301	2025	Groothandel in kleding, inclusief sportkleding	Commerce de gros d'articles d'habillement, y compris les vêtements de sport	Bekleidungsgroßhandel, einschließlich Sportkleidung	Wholesale trade of clothing, including sportswear
7	46.42302	2025	Groothandel in bontwaren	Commerce de gros d'articles en fourrure	Pelzwarengrosshandel	Wholesale trade of fur
5	46.424	2025	Groothandel in kledingaccessoires	Commerce de gros d'accessoires du vêtement	Großhandel mit Bekleidungszubehör	Wholesale of clothing accessories
5	46.425	2025	Groothandel in schoeisel	Commerce de gros de chaussures	Großhandel mit Schuhen	Wholesale of footwear
4	46.43	2025	Groothandel in elektrische huishoudelijke apparaten	Commerce de gros d’appareils électroménagers	Großhandel mit Foto- und optischen Erzeugnissen, elektrischen Haushaltsgeräten und Geräten der Unterhaltungselektronik	Wholesale of electrical household appliances
5	46.431	2025	Groothandel in elektrische huishoudelijke apparaten en audio- en videoapparatuur	Commerce de gros d'appareils électroménagers et audio-vidéo	Großhandel mit elektrischen Haushaltsgeräten, Rundfunk- und Fernsehgeräten	Wholesale of electrical household and audio and video appliances
7	46.43101	2025	Groothandel in elektrische huishoudelijke apparaten	Commerce de gros d'appareils électroménagers	Großhandel mit elektrischen Haushaltsgeräten	Wholesale trade of electrical household appliances
7	46.43102	2025	Groothandel in audio- en videoapparaten	Commerce de gros d'appareils audio et vidéo: radio, télévision, chaînes, magnétoscopes, etc.	Großhandel mit Audio- und Videogeräten :  Radios, Fernseher, Stereoanlagen usw	Wholesale trade of audio and video equipment: radio, television, channels, VCRs, etc.
5	46.432	2025	Groothandel in foto- en filmapparatuur en in andere optische artikelen	Commerce de gros de produits photographiques et optiques	Großhandel mit Fotoapparaten und Filmkameras sowie anderen Optikartikeln	Wholesale of optical instruments and photographic equipment
4	46.44	2025	Groothandel in porselein, glaswerk en reinigingsmiddelen	Commerce de gros de vaisselle, verrerie et produits d’entretien	Großhandel mit keramischen Erzeugnissen, Glaswaren und Reinigungsmitteln	Wholesale of china and glassware and cleaning materials
5	46.441	2025	Groothandel in porselein en glaswerk	Commerce de gros de porcelaine et de verrerie	Großhandel mit keramischen Erzeugnissen und Glaswaren	Wholesale of china and glassware
7	46.44101	2025	Groothandel in vaat- en glaswerk	Commerce de gros de vaisselle et de verrerie de ménage	Großhandel mit Geschirr und Glaswaren	Wholesale trade of household china and glassware 
5	46.442	2025	Groothandel in reinigingsmiddelen	Commerce de gros de produits d'entretien	Großhandel mit Reinigungsmitteln	Wholesale of cleaning preparations
7	46.44201	2025	Groothandel in onderhouds- en reinigingsproducten, inclusief waspoeders	Commerce de gros de produits d'entretien et de nettoyage, y compris les poudres de lessive	Großhandel mit Pflege- und Reinigungsmitteln, einschließlich Waschpulver	Wholesale trade of maintenance and cleaning products, including laundry powders
4	46.45	2025	Groothandel in parfumerieën en cosmetica	Commerce de gros de parfumerie et de produits de beauté	Großhandel mit kosmetischen Erzeugnissen und Körperpflegemitteln	Wholesale of perfume and cosmetics
5	46.450	2025	Groothandel in parfumerieën en cosmetica	Commerce de gros de parfumerie et de produits de beauté	Großhandel mit kosmetischen Erzeugnissen und Körperpflegemitteln	Wholesale of perfume and cosmetics
7	46.45001	2025	Groothandel in toiletartikelen	Commerce de gros de produits d'hygiène	Großhandel mit Hygieneartikeln	Wholesale trade of hygiene products
4	46.46	2025	Groothandel in farmaceutische en medische artikelen	Commerce de gros de produits pharmaceutiques et médicaux	Großhandel mit pharmazeutischen Erzeugnissen und medizinischen Hilfsmitteln	Wholesale of pharmaceutical and medical goods
5	46.460	2025	Groothandel in farmaceutische en medische artikelen	Commerce de gros de produits pharmaceutiques et médicaux	Großhandel mit pharmazeutischen Erzeugnissen und medizinischen Hilfsmitteln	Wholesale of pharmaceutical and medical goods
7	46.46001	2025	Groothandel in medisch-chirurgisch materieel en tandheelkundige instrumenten en benodigdheden	Commerce de gros de matériel médico-chirurgical et de fournitures dentaires	Großhandel mit medizinisch-chirurgischem Material und Zahnärztebedarf	Wholesale trade of medical, surgical and dental supplies
7	46.46002	2025	Groothandel in orthopedische artikelen	Commerce de gros d'articles d'orthopédie	Großhandel mit orthopädischen Artikeln	Wholesale trade of orthopaedic products
4	46.47	2025	Groothandel in huishoudelijke, kantoor- en winkelmeubelen, tapijten en verlichtingstoestellen	Commerce de gros de meubles à usage domestique, de bureau et de magasin, de tapis et d’appareils d’éclairage	Großhandel mit Möbeln, Teppichen, Lampen und Leuchten	Wholesale of household, office and shop furniture, carpets and lighting equipment
5	46.471	2025	Groothandel in huismeubilair	Commerce de gros de mobilier domestique	Großhandel mit Haushaltsmöbeln	Wholesale of household furniture
5	46.472	2025	Groothandel in kantoor- en winkelmeubelen	Commerce de gros de mobilier de bureau et de magasin	Großhandel mit Büro- und Ladenmöbeln	Wholesale of office and shop furniture
5	46.473	2025	Groothandel in tapijten	Commerce de gros de tapis	Großhandel mit Teppichen	Wholesale of carpets
5	46.474	2025	Groothandel in verlichtingsapparatuur	Commerce de gros d'appareils d'éclairage	Großhandel mit Beleuchtungskörpern	Wholesale of lighting equipment
4	46.48	2025	Groothandel in uurwerken en sieraden	Commerce de gros d’articles d’horlogerie et de bijouterie	Großhandel mit Uhren und Schmuck	Wholesale of watches and jewellery
5	46.480	2025	Groothandel in uurwerken en sieraden	Commerce de gros d’articles d’horlogerie et de bijouterie	Großhandel mit Uhren und Schmuck	Wholesale of watches and jewellery
4	46.49	2025	Groothandel in andere consumentenartikelen	Commerce de gros d’autres biens domestiques	Großhandel mit sonstigen Gebrauchs- und Verbrauchsgütern	Wholesale of other household goods
5	46.491	2025	Groothandel in kranten, boeken en tijdschriften	Commerce de gros de journaux, de livres et de périodiques	Großhandel mit Büchern, Zeitschriften und Zeitungen	Wholesale of newspapers, books and periodicals
5	46.492	2025	Groothandel in kantoor- en schoolbenodigdheden	Commerce de gros de fournitures scolaires et de bureau	Großhandel mit Büro- und Schulbedarf	Wholesale of school and office supplies
7	46.49201	2025	Groothandel in papierwaren, kantoor- en schoolbehoeften	Commerce de gros d'articles de papeterie, de fournitures de bureau et de fournitures scolaires	Großhandel mit Papierwaren, Schul- und Bürobedarf	Wholesale trade of stationery, office supplies and school supplies
5	46.493	2025	Groothandel in papier- en kartonwaren	Commerce de gros d'articles en papier et carton	Großhandel mit Papier- und Pappwaren	Wholesale of paper and paperboard products
5	46.494	2025	Groothandel in niet-elektrische huishoudelijke artikelen	Commerce de gros d'articles ménagers non électriques	Großhandel mit nicht elektrischen Haushaltsgeräten	Wholesale of non-electrical household articles
7	46.49401	2025	Groothandel in bestekken en huishoudelijke artikelen van metaal	Commerce de gros de couverts et d'articles métalliques de table et de cuisine	Großhandel mit Besteck und Metallartikeln für den Hausgebrauch	Wholesale trade of cutlery and metal ware for table and kitchen
7	46.49402	2025	Groothandel niet-elektrische huishoudapparaten	Commerce de gros d'appareils ménagers non-électriques	Großhandel mit nicht elektrischen Haushaltsgeräten	Wholesale trade of non-electrical household appliances
5	46.495	2025	Groothandel in fietsen	Commerce de gros de cycles	Großhandel mit Fahrrädern	Wholesale of bicycles
5	46.496	2025	Groothandel in sport- en kampeerartikelen, met uitzondering van fietsen	Commerce de gros d'articles de sport et de camping, sauf cycles	Großhandel mit Sport- und Campingartikeln, mit Ausnahme von Fahrrädern	Wholesale of equipment for sport and camping, except bicycles
5	46.497	2025	Groothandel in spellen en speelgoed	Commerce de gros de jeux et de jouets	Großhandel mit Spielen und Spielzeug	Wholesale of games and toys
5	46.498	2025	Groothandel in lederwaren en reisartikelen	Commerce de gros de maroquinerie et d'articles de voyage	Großhandel mit Leder- und Täschnerwaren	Wholesale of luggage and handbags
5	46.499	2025	Groothandel in andere consumentenartikelen, n.e.g.	Commerce de gros d'autres biens domestiques n.c.a.	Großhandel mit sonstigen Konsumgütern a.n.g.	Wholesale of other household goods n.e.c.
7	46.49901	2025	Groothandel in muziekinstrumenten	Commerce de gros d'instruments de musique	Großhandel mit Musikinstrumenten	Wholesale trade of musical instruments
7	46.49902	2025	Groothandel in houtwaren, vlechtwerk en kurkwaren	Commerce de gros d'ouvrages en bois, en osier ou en liège	Großhandel mit Holz-, Flecht- und Korkwaren	Wholesale trade of wood products, wicker and cork
7	46.49903	2025	Overige groothandel in consumentenartikelen,neg	Autres commerces de gros d'articles de consommation n.c.a.	Großhandel mit sonstigen Gebrauchs- und Verbrauchsgütern a.n.g.	Other wholesale trade of consumer goods nes
3	46.5	2025	Groothandel in informatie- en communicatieapparatuur	Commerce de gros d’équipements de l’information et de la communication	Großhandel mit Geräten der Informations- und Kommunikationstechnik	Wholesale of information and communication equipment
4	46.50	2025	Groothandel in informatie- en communicatieapparatuur	Commerce de gros d’équipements de l’information et de la communication	Großhandel mit Geräten der Informations- und Kommunikationstechnik	Wholesale of information and communication equipment
5	46.500	2025	Groothandel in informatie- en communicatieapparatuur	Commerce de gros d’équipements de l’information et de la communication	Großhandel mit Geräten der Informations- und Kommunikationstechnik	Wholesale of information and communication equipment
3	46.6	2025	Groothandel in andere machines en werktuigen en toebehoren	Commerce de gros d’autres machines, équipements et fournitures	Großhandel mit sonstigen Maschinen, Ausrüstungen und Zubehör	Wholesale of other machinery, equipment and supplies
4	46.61	2025	Groothandel in machines, werktuigen en toebehoren voor de landbouw	Commerce de gros de matériel agricole	Großhandel mit landwirtschaftlichen Maschinen und Geräten	Wholesale of agricultural machinery, equipment and supplies
5	46.610	2025	Groothandel in machines, werktuigen en toebehoren voor de landbouw	Commerce de gros de matériel agricole	Großhandel mit landwirtschaftlichen Maschinen und Geräten	Wholesale of agricultural machinery, equipment and supplies
4	46.62	2025	Groothandel in gereedschapswerktuigen	Commerce de gros de machines-outils	Großhandel mit Werkzeugmaschinen	Wholesale of machine tools
5	46.620	2025	Groothandel in gereedschapswerktuigen	Commerce de gros de machines-outils	Großhandel mit Werkzeugmaschinen	Wholesale of machine tools
4	46.63	2025	Groothandel in machines voor de mijnbouw, de bouwnijverheid en de weg- en waterbouw	Commerce de gros de machines pour l’extraction, la construction et le génie civil	Großhandel mit Bergwerks-, Bau- und Baustoffmaschinen	Wholesale of mining, construction and civil engineering machinery
5	46.630	2025	Groothandel in machines voor de mijnbouw, de bouwnijverheid en de weg- en waterbouw	Commerce de gros de machines pour l’extraction, la construction et le génie civil	Großhandel mit Bergwerks-, Bau- und Baustoffmaschinen	Wholesale of mining, construction and civil engineering machinery
4	46.64	2025	Groothandel in andere machines en werktuigen	Commerce de gros d’autres machines et équipements	Großhandel mit sonstigen Maschinen und Ausrüstungen	Wholesale of other machinery and equipment
5	46.641	2025	Groothandel in machines voor de productie van voedings- en genotmiddelen	Commerce de gros de machines pour la production d'aliments, de boissons et de tabac	Großhandel mit Maschinen für die Herstellung von Nahrungs- und Genussmitteln	Wholesale of food, beverage, and tobacco production machinery
5	46.642	2025	Groothandel in verpakkingsmachines en weegtoestellen	Commerce de gros de machines d'emballage et d'appareils de pesage	Großhandel mit Verpackungsmaschinen und Wiegegeräten	Wholesale of packaging equipment and weighing devices
5	46.643	2025	Groothandel in elektrisch materiaal, inclusief installatiemateriaal	Commerce de gros de matériel électrique, y compris le matériel d'installation	Großhandel mit Elektromaterial, einschliesslich Installationsmaterial	Wholesale of wiring devices, including installation equipment
7	46.64301	2025	Groothandel in elektrisch installatiemateriaal voor huishoudelijk gebruik	Commerce de gros de matériels électriques d'installation à usage domestique	Großhandel mit elektrischen Betriebsmitteln für den Hausgebrauch	Wholesale trade of electrical equipment for residential installation
5	46.644	2025	Groothandel in hijs-, hef- en transportwerktuigen	Commerce de gros de matériel de levage et de manutention	Großhandel mit Lade-, Hebe- und Fördergeräten	Wholesale of lifting and handling equipment
5	46.645	2025	Groothandel in pompen en compressoren	Commerce de gros de pompes et de compresseurs	Großhandel mit Pumpen und Kompressoren	Wholesale of pumps and compressors
5	46.646	2025	Groothandel in meet-, controle- en navigatieinstrumenten	Commerce de gros d'instruments de mesure, de contrôle et de navigation	Großhandel mit Mess-, Kontroll- und Navigationsinstrumenten	Wholesale of measuring, testing and navigating equipment
5	46.647	2025	Groothandel in machines en apparaten voor de warmte-, koel- en vriestechniek voor industrieel gebruik	Commerce de gros de machines et d'appareils de chauffage, de congélation et de refroidissement à usage industriel	Großhandel mit Maschinen und Geräten der Wärme-, Kühl- und Gefriertechnik für den industriellen Gebrauch	Wholesale of industrial heating, freezing and cooling equipment for industrial use
5	46.648	2025	Groothandel in machines voor de textielindustrie en in naai- en breimachines	Commerce de gros de machines pour l'industrie textile et de machines à coudre et à tricoter	Großhandel mit Textil-, Näh- und Strickmaschinen	Wholesale of machinery for the textile industry and of sewing and knitting machines
5	46.649	2025	Groothandel in andere machines en werktuigen, n.e.g.	Commerce de gros d'autres machines et équipements n.c.a.	Großhandel mit sonstigen Maschinen und Werkzeugen a.n.g.	Wholesale of other machinery and equipment n.e.c.
7	46.64901	2025	Groothandel in munitie	Commerce de gros de munitions	Großhandel mit Munition	Wholesale trade of ammunition
3	46.7	2025	Groothandel in motorvoertuigen, motorfietsen en delen en toebehoren van motorvoertuigen en motorfietsen	Commerce de gros de véhicules automobiles, de motocycles et de leurs pièces et accessoires	Großhandel mit Kraftwagen, Krafträdern, deren Teilen und Zubehör	Wholesale of motor vehicles, motorcycles and related parts and accessories
4	46.71	2025	Groothandel in motorvoertuigen	Commerce de gros de véhicules automobiles	Großhandel mit Kraftwagen	Wholesale of motor vehicles
5	46.711	2025	Groothandel in auto's en lichte bestelwagens (<= 3,5 ton)	Commerce de gros de voitures et de véhicules automobiles légers (<= 3,5 tonnes)	Großhandel mit Kraftfahrzeugen mit einem Gesamtgewicht von 3,5 t oder weniger	Wholesale of cars and light motor vehicles (<= 3,5 tons)
7	46.71101	2025	Groothandel in nieuwe en gebruikte auto's voor personenvervoer, inclusief die voor bijzondere doeleinden (bv ambulances)	Commerce de gros de véhicules automobiles pour le transport des personnes, y compris les véhicules automobiles spéciaux (pex ambulances), neufs ou usagés	Großhandel mit Kraftfahrzeugen für die Personenbeförderung einschließlich Sonderkraftfahrzeuge (zB Krankenwagen) sowie neue oder gebrauchte Kraftfahrzeuge	Wholesale trade of motor vehicles for the transport of persons, including special motor vehicles (eg ambulances), new or used
5	46.712	2025	Groothandel in andere motorvoertuigen (> 3,5 ton)	Commerce de gros d'autres véhicules automobiles (> 3,5 tonnes)	Großhandel mit sonstigen Kraftfahrzeugen mit einem Gesamtgewicht von mehr als 3,5 t	Wholesale of other motor vehicles (> 3,5 tons)
7	46.71201	2025	Groothandel in nieuwe en gebruikte vrachtwagens, trekkers bestelwagens, terreinwagens (bv jeeps) enz.	Commerce de gros de camions, tracteurs routiers, camionnettes, véhicules automobiles tous terrains (pex jeeps), etc., neufs ou usagés	Grosshandel mit Lastkraftwagen, Strassenzugmaschinen, Lieferwagen, Geländefahrzeugen (zB Jeeps), neu oder gebraucht, usw	Wholesale trade of trucks, road tractors, vans, all-terrain motor vehicles (eg jeeps), etc., new or used
7	46.71202	2025	Groothandel in nieuwe en gebruikte autobussen, touringcars minibusjes, motorhomes, enz.	Commerce de gros d'autobus, autocars, minibus, motorhomes, etc., neufs ou usagés	Großhandel mit Linienbussen, Reisebussen, Minibussen, Motorhomes usw, neu oder gebraucht	Wholesale trade of buses, coaches, minibuses, motor homes, etc., new or used
5	46.713	2025	Groothandel in aanhangwagens, opleggers en caravans	Commerce de gros de remorques, de semi-remorques et de caravanes	Großhandel mit Anhängern, Sattelschleppern und Wohnwagen	Wholesale of trailers, semi-trailers and caravans
7	46.71301	2025	Handel in nieuwe en gebruikte aanhangwagens en opleggers	Commerce de remorques et semi-remorques neuves ou usagés	Handel mit Anhängern und Sattelschleppern, neu oder gebraucht	Trade of new or used trailers and semi-trailers
7	46.71302	2025	Handel in nieuwe en gebruikte kampeervoertuigen zoals caravans, kampeerwagens, enz.	Commerce de véhicules neufs ou usagés pour le camping tels que caravanes, camping cars, etc.	Handel mit neuen oder gebrauchten Fahrzeugen für Campingzwecke wie Wohnwagen, Campingreisebusse usw	Trade of new or used camping vehicles such as caravans, motor homes, etc.
4	46.72	2025	Groothandel in delen en toebehoren van motorvoertuigen	Commerce de gros de pièces et accessoires de véhicules automobiles	Großhandel mit Kraftwagenteilen und -zubehör	Wholesale of motor vehicle parts and accessories
5	46.720	2025	Groothandel in delen en toebehoren van motorvoertuigen	Commerce de gros de pièces et accessoires de véhicules automobiles	Großhandel mit Kraftwagenteilen und -zubehör	Wholesale of motor vehicle parts and accessories
7	46.72001	2025	Groothandel in onderdelen en accessoires van auto's inclusief de groothandel in tweedehands onderdelen	Commerce de gros d'accessoires, de pièces détachées et d'équipements divers pour véhicules automobiles, y compris la vente de gros de pièces détachées et d'équipements automobiles d'occasion	Grosshandel mit Zubehör, Ersatzteilen und unterschiedlichen Ausstattungen für Kraftfahrzeuge, einschliesslich Grosshandel mit gebrauchten Kraftfahrzeugteilen und -zubehör	Wholesale trade of accessories, spare parts and various equipment for motor vehicles, including the wholesale trade of spare parts and equipment for used cars
7	46.72002	2025	Groothandel in banden voor motorvoertuigen	Commerce de gros de pneumatiques	Reifengroßhandel	Wholesale trade of tyres
4	46.73	2025	Groothandel in motorfietsen, delen en toebehoren van motorfietsen	Commerce de gros de motocycles et de pièces et accessoires pour motocycles	Großhandel mit Krafträdern, Kraftradteilen und -zubehör	Wholesale of motorcycles, motorcycle parts and accessories
5	46.730	2025	Groothandel in motorfietsen, delen en toebehoren van motorfietsen	Commerce de gros de motocycles et de pièces et accessoires pour motocycles	Großhandel mit Krafträdern, Kraftradteilen und -zubehör	Wholesale of motorcycles, motorcycle parts and accessories
7	46.73001	2025	Groothandel in nieuwe of gebruikte motorrijwielen	Commerce de gros de motocycles, neufs ou usagés	Großhandel mit neuen oder gebrauchten Motorrädern	Wholesale trade of motorcycles, new and used
7	46.73002	2025	Groothandel in nieuwe of gebruikte bromfietsen	Commerce de gros de cyclomoteurs, neufs ou usagés	Großhandel mit neuen oder gebrauchten Mofas	Wholesale trade of mopeds, new and used
7	46.73003	2025	Groothandel in onderdelen en accessoires van motorrijwielen	Commerce de gros de pièces et d'accessoires de motocycles	Großhandel mit Motorradersatzteilen und -zubehör	Wholesale trade of spares and accessories for motorcycles
3	46.8	2025	Overige gespecialiseerde groothandel	Autre commerce de gros spécialisé	Sonstiger Großhandel	Other specialised wholesale
4	46.81	2025	Groothandel in vaste, vloeibare en gasvormige brandstoffen en aanverwante producten	Commerce de gros de combustibles solides, liquides et gazeux et de produits annexes	Großhandel mit festen Brennstoffen und Mineralölerzeugnissen	Wholesale of solid, liquid and gaseous fuels and related products
5	46.810	2025	Groothandel in vaste, vloeibare en gasvormige brandstoffen en aanverwante producten	Commerce de gros de combustibles solides, liquides et gazeux et de produits annexes	Großhandel mit festen Brennstoffen und Mineralölerzeugnissen	Wholesale of solid, liquid and gaseous fuels and related products
7	46.81001	2025	Groothandel in vaste, vloeibare en gasvormige brandstoffen	Commerce de gros de combustibles solides, liquides et gazeux	Großhandel mit festen, flüssigen und gasförmigen Brennstoffen	Wholesale trade of solid, liquid and gaseous fuels 
7	46.81002	2025	Groothandel in motorbrandstoffen, vetten en smeeroliën, andere oliën, enz.	Commerce de gros de carburants, graisses, lubrifiants, huiles, etc.	Großhandel mit Treibstoffen, Fetten, Schmiermitteln, Ölen usw	Wholesale trade of fuels, greases, lubricants, oils, etc.
4	46.82	2025	Groothandel in metalen en metaalertsen	Commerce de gros de minerais métalliques et de métaux	Großhandel mit Erzen, Metallen und Metallhalbzeug	Wholesale of metals and metal ores
5	46.820	2025	Groothandel in metalen en metaalertsen	Commerce de gros de minerais métalliques et de métaux	Großhandel mit Erzen, Metallen und Metallhalbzeug	Wholesale of metals and metal ores
7	46.82001	2025	Groothandel in ferro- en non-ferrometaalertsen	Commerce de gros de minerais métalliques ferreux et non ferreux	Grosshandel mit Eisen- und Nichteisenmetallerzen	Wholesale trade of ferrous and non-ferrous metal ores
7	46.82002	2025	Groothandel in ferro- en non-ferrometalen in primaire vormen, inclusief goud en andere edele metalen	Commerce de gros de métaux ferreux et non ferreux sous formes primaires, y compris l'or et les autres métaux précieux	Großhandel mit Eisen- und Nichteisenmetallen in Primärform, einschließlich Gold und andere Edelmetalle	Wholesale trade of ferrous and non-ferrous metals in primary forms, including gold and other precious metals
7	46.82003	2025	Groothandel in halffabrikaten van ferro- en non-ferrometalen, n.e.g.	Commerce de gros de demi-produits en métaux ferreux et non ferreux	Großhandel mit eisenhaltigen und nicht eisenhaltigen Halbfabrikaten aus Metall	Wholesale trade of semi-finished products of ferrous and non-ferrous metal
4	46.83	2025	Groothandel in hout, bouwmaterialen en sanitair	Commerce de gros de bois, de matériaux de construction et d’appareils sanitaires	Großhandel mit Holz, Baustoffen, Anstrichmitteln und Sanitärausstattung	Wholesale of wood, construction materials and sanitary equipment
5	46.831	2025	Groothandel in bouwmaterialen, algemeen assortiment	Commerce de gros de matériaux de construction, assortiment général	Baustoffgroßhandel, Vollsortiment	Wholesale of construction materials, general selection
7	46.83101	2025	Groothandel in bouwmaterialen : zand, grind, cement, bakstenen, enz.	Commerce de gros de matériaux de construction: sable, gravier, ciment, briques, etc.	Baustoffgroßhandel: Sand, Kies, Zement, Ziegelsteine usw	Wholesale trade of construction materials: sand, gravel, cement, bricks, etc.
7	46.83102	2025	Groothandel in schrijnwerk, anders dan hout	Commerce de gros de menuiseries et fermetures de bâtiment autres qu'en bois	Großhandel mit Schreinerei-Produkten und Gebäudetüren, nicht aus Holz	Wholesale trade of joinery and building closures other than wood
5	46.832	2025	Groothandel in hout	Commerce de gros de bois	Großhandel mit Holz	Wholesale of wood
7	46.83201	2025	Groothandel in onbewerkt hout	Commerce de gros de bois brut	Großhandel mit Rohholz	Wholesale trade of rough wood
7	46.83202	2025	Groothandel in producten van de eerste bewerking van hout	Commerce de gros de produits de la transformation primaire du bois	Großhandel mit Produkten aus vorbehandeltem Holz	Wholesale trade of products from the primary processing of wood
7	46.83203	2025	Groothandel in panelen en platen, parket, enz.	Commerce de gros de panneaux, parquets, lambris, etc.	Großhandel mit Holzpaneelen, -platten, Parkett usw	Wholesale trade of panels, flooring, panelling, etc.
7	46.83204	2025	Groothandel in schrijn- en timmerwerk van hout voor de bouwnijverheid	Commerce de gros de menuiseries et fermetures de bâtiment en bois	Großhandel mit Schreinerei- und Tischlereiprodukten aus Holz für das Baugewerbe	Wholesale trade of joinery and wooden building closures
5	46.833	2025	Groothandel in behang, verf en woningtextiel	Commerce de gros de papiers peints, de peintures et de tissus d'ameublement	Großhandel mit Tapeten, Farben und Textilien für die Innenausstattung	Wholesale of wallpaper, paint and furnishing fabrics
7	46.83301	2025	Groothandel in behang en muurbekleding	Commerce de gros de papier peints et de revêtements muraux	Großhandel mit Tapeten und Wandbekleidungen	Wholesale trade of wallpapers and wall coverings
7	46.83302	2025	Groothandel in verf en vernis	Commerce de gros de peintures et de vernis	Großhandel mit Farben und Lacken	Wholesale trade of paints and varnishes
5	46.834	2025	Groothandel in vlakglas	Commerce de gros de verre plat	Flachglasgroßhandel	Wholesale of flat glass
5	46.835	2025	Groothandel in vloer- en wandtegels	Commerce de gros de carrelages	Großhandel mit Boden- und Wandfliesen	Wholesale of tiles
5	46.836	2025	Groothandel in sanitair	Commerce de gros d'équipements sanitaires	Sanitärgroßhandel	Wholesale of sanitary equipment
7	46.83601	2025	Groothandel in sanitair : baden, wasbakken, toiletten, enz.	Commerce de gros d'appareils sanitaires: baignoires, lavabos, cuvettes d'aisance, etc.	Sanitärgroßhandel: Badewannen, Wasch-, Toilettenbecken usw	Wholesale trade of sanitary equipment: baths, washbasins, lavatory pans, etc.
5	46.839	2025	Groothandel in overige bouwmaterialen	Commerce de gros d'autres matériaux de construction	Großhandel mit sonstigen Baumaterialien:	Wholesale of other construction materials
4	46.84	2025	Groothandel in ijzerwaren en in installatiemateriaal voor loodgieterswerk en verwarming	Commerce de gros de quincaillerie et fournitures pour plomberie et chauffage	Großhandel mit Metall- und Kunststoffwaren für Bauzwecke sowie Installationsbedarf für Gas, Wasser und Heizung	Wholesale of hardware, plumbing and heating equipment and supplies
5	46.841	2025	Groothandel in ijzerwaren	Commerce de gros de quincaillerie	Großhandel mit Bauelementen aus Metall	Wholesale of hardware
7	46.84101	2025	Groothandel in ijzerwaren voor algemeen gebruik(nagels, draad, schroeven, bouten,enz),werktuigen(hamers, zagen, schroevendraaiers,enz) en elektrisch aangedreven handgereedschap	Commerce de gros de quincaillerie générale (clous, fils, visserie, boulonnerie, etc.), d'outils à main (marteaux, scies, tournevis, etc.) et d'outillage électroportatif	Allgemeiner Großhandel mit Eisenwaren (Nägel, Drähte, Schrauben, Bolzen usw), Handwerkzeugen (Hammer, Sägen, Schraubenzieher usw) und elektrischen Handwerkzeugen	Wholesale trade of general hardware (nails, wire, screws, bolts, etc.), hand tools (hammers, saws, screwdrivers, etc.) and power tools
7	46.84102	2025	Groothandel in hang- en sluitwerk voor meubels en gebouwen	Commerce de gros de quincaillerie d'ameublement et de bâtiment: serrures, clés, charnières, etc.	Großhandel mit Beschlägen für Möbel und Gebäude: Schlösser, Schlüssel, Scharniere usw	Wholesale trade of general hardware (nails, wire, screws, bolts, etc.), hand tools (hammers, saws, screwdrivers, etc.) and power tools
7	46.84103	2025	Groothandel in huishoudelijke gebruiksvoorwerpen van metaal	Commerce de gros d'ustensiles de ménage métalliques	Großhandel mit Haushaltsutensilien aus Metall	Wholesale trade of metal household utensils
5	46.842	2025	Groothandel in installatiemateriaal voor loodgieterswerk en verwarming	Commerce de gros de fournitures pour plomberie et chauffage	Großhandel mit Installationsmaterialien für Sanitär- und Heizungsanlagen	Wholesale of plumbing and heating equipment and supplies
7	46.84201	2025	Groothandel in apparaten voor centrale verwarming	Commerce de gros d'appareils de chauffage central	Großhandel mit Zentralheizungsgeräten	Wholesale trade of central heaters
7	46.84202	2025	Groothandel in materiaal voor de installatie van sanitair en centrale verwarming : buizen, pijpen, fittings, kranen, verbindingsstukken, rubberslangen, enz.	Commerce de gros de fournitures pour installations sanitaires et chauffage central: tubes, tuyaux, raccords de tuyauterie, robinets, tuyaux en caoutchouc, etc.	Großhandel mit Installationsmaterialien für Sanitär- und Heizungsanlagen: Röhren, Rohre, Rohrverbindungen, Hähne, Gummischläuche usw	Wholesale trade of supplies for sanitary and central heating: tubes, pipes, pipe fittings, valves, rubber hoses, etc.
4	46.85	2025	Groothandel in chemische producten	Commerce de gros de produits chimiques	Großhandel mit chemischen Erzeugnissen	Wholesale of chemical products
5	46.851	2025	Groothandel in chemische producten voor industrieel gebruik	Commerce de gros de produits chimiques à usage industriel	Großhandel mit chemischen Produkten für den industriellen Gebrauch	Wholesale of chemical products for industrial use
7	46.85101	2025	Groothandel in chem prod voor industrieel gebruik aniline, drukinkt, etherische oliën, industriële gassen, chem lijm, kleurstoffen, synthetische hars, methanol, geuren smaakstoffen, paraffine, enz.	Commerce de gros de produits chimiques industriels: aniline, encres d'imprimerie, huiles essentielles, gaz industriels, colles chimiques, colorants, résine synthétiques, méthanol, paraffine, etc.	Großhandel mit chemischen Produkten für den industriellen Gebrauch: Anilin, Druckfarbe, ätherische Öle, Industriegas, chemische Klebstoffe, Farbstoffe, synthetische Harze, Methanol, Paraffin usw	Wholesale trade of industrial chemicals: aniline, printing ink, essential oils, industrial gases, chemical glues, dyes, synthetic resin, methanol, paraffin, etc.
7	46.85102	2025	Groothandel in reinigingsmiddelen voor industrieel gebruik	Commerce de gros de produits de nettoyage à usage industriel	Großhandel mit Reinigungsmitteln für den industriellen Gebrauch	Wholesale trade of industrial cleaning products
7	46.85103	2025	Groothandel in kruit en springstoffen	Commerce de gros de produits explosifs	Großhandel mit Explosivstoffen	Wholesale trade of explosives
7	46.85104	2025	Groothandel in pyrotechnische artikelen	Commerce de gros d'articles pyrotechniques	Großhandel mit pyrotechnischen Erzeugnissen	Wholesale trade of pyrotechnic articles
5	46.852	2025	Groothandel in kunstmeststoffen en andere agrochemische producten	Commerce de gros d'engrais et de produits agrochimiques	Großhandel mit Kunstdüngern und Pflanzenschutzmitteln	Wholesale of fertilisers and agrochemical products
7	46.85201	2025	Groothandel in kunstmeststoffen en chemische producten voor de landbouw	Commerce de gros d'engrais et de produits phytosanitaires à usage agricole	Großhandel mit Kunstdüngern und Pflanzenschutzmitteln für den landwirtschaftlichen Gebrauch	Wholesale trade of fertilisers and plant protection products for agricultural use
4	46.86	2025	Groothandel in andere intermediaire producten	Commerce de gros d’autres produits intermédiaires	Großhandel mit sonstigen Halbwaren	Wholesale of other intermediate products
5	46.861	2025	Groothandel in diamant en andere edelstenen	Commerce de gros de diamants et d'autres pierres précieuses	Großhandel mit Diamanten und sonstigen Edelsteinen	Wholesale of diamonds and other precious stones
7	46.86101	2025	Groothandel in ruwe en bewerkte diamant	Commerce de gros de diamants bruts et de diamants façonnés	Großhandel mit Rohdiamanten und behandelten Diamanten	Wholesale trade of rough diamonds and shaped diamonds
7	46.86102	2025	Groothandel in overige edelstenen en halfedelstenen	Commerce de gros d'autres pierres précieuses et semi-précieuses	Großhandel mit sonstigen Edel- und Halbedelsteinen	Wholesale trade of other precious and semi-precious stones
5	46.869	2025	Groothandel in andere intermediaire producten, n.e.g.	Commerce de gros d'autres produits intermédiaires n.c.a.	Großhandel mit sonstigen Zwischenprodukten a.n.g.	Wholesale of other intermediate products n.e.c.
7	46.86901	2025	Groothandel in textielgrondstoffen en -vezels	Commerce de gros de matières premières textiles et de fibres textiles	Großhandel mit Textilrohstoffen und -fasern	Wholesale trade of raw textile materials and textile fibres
7	46.86902	2025	Groothandel in papier en karton, bestemd om industrieel verder te worden bewerkt	Commerce de gros de papiers et cartons destinés à faire l'objet d'une transformation ultérieure par l'industrie	Großhandel mit Papier und Pappe für die industrielle Weiterverarbeitung	Wholesale trade of paper and board intended to be further processed by industry
7	46.86903	2025	Groothandel in kunststoffen in primaire vormen	Commerce de gros de matières plastiques sous formes primaires	Großhandel mit Kunststoffen in Primärform	Wholesale trade of plastics in primary forms
7	46.86904	2025	Groothandel in ruwe rubber	Commerce de gros caoutchouc brut	Großhandel mit Rohgummi	Wholesale trade of raw rubber
4	46.87	2025	Groothandel in afval en schroot	Commerce de gros de déchets et débris	Großhandel mit Altmaterialien und Reststoffen	Wholesale of waste and scrap
5	46.871	2025	Groothandel in autosloopmateriaal	Commerce de gros d'épaves de véhicules automobiles et de pièces réutilisables	Großhandel mit Altfahrzeugen und Fahrzeugteilen	Wholesale of motor vehicle wrecks and reusable parts
5	46.872	2025	Groothandel in ijzer- en staalschroot en in oude non-ferrometalen	Commerce de gros de déchets de fer et d'acier et de déchets métalliques non ferreux	Großhandel mit Eisen- und Stahlschrott und Nichteisenaltmetallen	Wholesale of iron and steel scrap and non-ferrous metal scrap
5	46.879	2025	Groothandel in afval en schroot, n.e.g.	Commerce de gros de déchets et débris n.c.a.	Großhandel mit Abfällen und Schrott a.n.g.	Wholesale of waste and scrap n.e.c.
4	46.89	2025	Overige gespecialiseerde groothandel, n.e.g.	Autre commerce de gros spécialisé n.c.a.	Sonstiger Großhandel a.n.g.	Other specialised wholesale n.e.c.
5	46.890	2025	Overige gespecialiseerde groothandel, n.e.g.	Autre commerce de gros spécialisé n.c.a.	Sonstiger Großhandel a.n.g.	Other specialised wholesale n.e.c.
3	46.9	2025	Niet-gespecialiseerde groothandel	Commerce de gros non spécialisé	Großhandel ohne ausgeprägten Schwerpunkt	Non-specialised wholesale trade
4	46.90	2025	Niet-gespecialiseerde groothandel	Commerce de gros non spécialisé	Großhandel ohne ausgeprägten Schwerpunkt	Non-specialised wholesale trade
5	46.900	2025	Niet-gespecialiseerde groothandel	Commerce de gros non spécialisé	Großhandel ohne ausgeprägten Schwerpunkt	Non-specialised wholesale trade
2	47     	2025	Detailhandel	Commerce de détail	Einzelhandel	Retail trade
3	47.1	2025	Niet-gespecialiseerde detailhandel	Commerce de détail non spécialisé	Einzelhandel mit Waren verschiedener Art	Non-specialised retail sale
4	47.11	2025	Niet-gespecialiseerde detailhandel waarbij voedings- en genotmiddelen overheersen	Commerce de détail non spécialisé dans lequel les produits alimentaires et le tabac prédominent	Einzelhandel mit Waren verschiedener Art, Hauptrichtung Nahrungs- und Genussmittel	Non-specialised retail sale of predominately food, beverages or tobacco
5	47.110	2025	Niet-gespecialiseerde detailhandel waarbij voedings- en genotmiddelen overheersen	Commerce de détail non spécialisé dans lequel les produits alimentaires et le tabac prédominent	Einzelhandel mit Waren verschiedener Art, Hauptrichtung Nahrungs- und Genussmittel	Non-specialised retail sale of predominately food, beverages or tobacco
7	47.11001	2025	Kleinhandel in diepgevroren voedingsmiddelen (inclusief roomijs) in winkels of thuisbezorgd	Commerce de détail en magasin ou par livraison à domicile de tous produits alimentaires surgelés ou congelés, y compris les crèmes glacées	Einzelhandel mit tiefgefrorenen Nahrungsmitteln (einschliesslich Speiseeis) in Geschäften oder durch Hauslieferung	Retail trade in stores or home delivery of all frozen food products, including ice cream
7	47.11011	2025	Overige niet-gespecialiseerde kleinhandel in winkels  in overwegend voedings-en genotmiddelen	Autres commerces de détail en magasins non spécialisés à prédominance alimentaire	Andere Einzelhandelsgeschäfte, die nicht überwiegend Nahrungsmittel verkaufen	Other retail trade in non-specialised stores with food predominance
7	47.11021	2025	Markt- en straathandel in voedingsmiddelen	Commerce de détail alimentaire sur marchés et éventaires	Nahrungsmitteleinzelhandel auf Märkten und mit Bauchläden	Retail trade of food via markets and stalls
4	47.12	2025	Overige niet-gespecialiseerde detailhandel	Autre commerce de détail non spécialisé	Sonstiger Einzelhandel mit Waren verschiedener Art	Other non-specialised retail sale
5	47.120	2025	Overige niet-gespecialiseerde detailhandel	Autre commerce de détail non spécialisé	Sonstiger Einzelhandel mit Waren verschiedener Art	Other non-specialised retail sale
7	47.12001	2025	Kleinhandel in allerlei producten per postorder ;de goederen worden naar de koper gezonden, nadat deze zijn keuze heeft gemaakt aan de hand van advertenties, al dan niet gespecialiseerde catalogi,enz	Commerce de détail de tous types de produits par correspondance Les produits et articles sont expédiés à l'acheteur qui fait son choix au départ de publicités, catalogues spécialisés ou non, etc.	Einzelhandel mit Versandhandelswaren, die dem Käufer, der seine Wahl anhand von Werbeprospekten, Katalogen usw getroffen hat, zugesandt werden	Retail trade of all types of goods by mail Products and items are shipped to the buyer who makes his choice via advertising, speciality  or other catalogues, etc.
7	47.12002	2025	Detailhandel in allerlei producten via het internet (e-commerce)	Commerce de détail de tous types de produits par Internet (e-commerce)	Einzelhandel mit sämtlichen Waren im Internet (e-commerce)	Retail trade of all types of products through the Internet (e-commerce)
7	47.12003	2025	Verkoop per opbod (veilinghuizen voor de detailhandel) via internet	Activités de vente aux enchères au détail sur Internet	Einzelhandelsverkauf über Internet-Versteigerungen (Auktionshäuser im Einzelhandel)	Retail auction activities via the Internet
7	47.12004	2025	Retailveilingen via internet van kunstwerken of roerende goederen van meer dan 50 jaar oud met een geschatte maximumverkoopprijs van 10 000 euro of meer	Activité de vente aux enchères au détail sur Internet d'oeuvres d'art ou de biens meubles de plus de cinquante ans, dont l'estimation du prix max de vente est d'un montant égal ou supérieur à 10 000€	Einzelhandelsauktionen im Internet von über 50 Jahre alten Kunstwerken oder beweglichen Gütern mit einem geschätzten Höchstverkaufspreis von 10 000 Euro oder mehr	Activity of online retail auctions of works of art or movable goods over 50 years old, with an estimated maximum sale price equal to or greater than 10,000 euros
7	47.12011	2025	Kleinhandel in allerlei prod op een wijze die niet is begrepen in voorgaande klassen : huis-aan-huis-verkoop, verkoopautomaten, demonstratieverkoop, ambulante handel, enz.	Commerce de détail de tous types de produits exercé selon des modalités non prévues dans les classes précédentes: par démarcheurs, distributeurs automatiques, démonstrateurs, marchands ambulant, etc.	Einzelhandel mit Produkten aller Art gemäß in den vorhergehenden Klassen nicht aufgeführten Modalitäten: Tür-zu-Tür-Verkäufe, Verkaufsautomaten, Vertreterverkäufe Wanderhandel usw	Retail trade of all types of goods performed via all other methods not covered by the preceding classes: by direct sellers, vending machines, demonstration, street vendors, etc.
7	47.12021	2025	Kleinhandel in grote verscheidenheid van goederen waarbij voedings- en genotmiddelen niet overheersen, zoals kleding, meubelen, apparaten, ijzerwaren, cosmetica, sieraden, speelgoed, enz.	Commerce de détail d'une large gamme de pdts sans prédominance de l'alimentation, boissons et tabac tels habillement, meubles, petits appareils, quincaillerie, cosmétique, joaillerie, jouets, etc.	Einzelhandel mit einem umfangreichem Produktsortiment ohne Schwerpunkt auf Nahrungsmitteln, Getränken und Tabakwaren sowie Kleidung, Möbel, Kleingeräte, Eisenwaren, Kosmetik, Schmuck, Spielzeug usw	Retail trade of a wide range of products without predominance of food, beverages and tobacco such as clothing, furniture, appliances, hardware, cosmetics, jewellery, toys, etc.
7	47.12031	2025	Grootwarenhuis : kleinhandel in een grote verscheidenheid van goederen waarbij voedings- en genotmiddelen niet overheersen zoals kleding, meubelen, apparaten, ijzerwaren, cosmetica, sieraden, enz.	Grand magasin: commerce de détail d'une large gamme de pdts sans prédominance de l'alimentation, boissons et tabac tels habillement, meubles, petits app, quincaillerie, cosmétiques, joaillerie, etc.	Warenhaus: Einzelhandel mit einem umfangreichem Produktsortiment ohne Schwerpunkt auf Nahrungsmitteln, Getränken und Tabakwaren sowie Kleidung, Möbel, Kleingeräte, Eisenwaren, Kosmetik, Schmuck, usw	Department stores: retail trade of a wide range of products without predominance of food, beverages and tobacco such as clothing, furniture, small appliances, hardware, cosmetics, jewellery, etc.
3	47.2	2025	Detailhandel in voedingsmiddelen, dranken en genotmiddelen	Commerce de détail de produits alimentaires, de boissons et de tabac	Einzelhandel mit Nahrungs- und Genussmitteln, Getränken und Tabakwaren	Retail sale of food, beverages and tobacco
4	47.21	2025	Detailhandel in groenten en fruit	Commerce de détail de fruits et légumes	Einzelhandel mit Obst, Gemüse und Kartoffeln	Retail sale of fruit and vegetables
5	47.210	2025	Detailhandel in groenten en fruit	Commerce de détail de fruits et légumes	Einzelhandel mit Obst, Gemüse und Kartoffeln	Retail sale of fruit and vegetables
7	47.21001	2025	Kleinhandel in verse groenten (inclusief aardappelen) en fruit	Commerce de détail de fruits et légumes frais, y compris les pommes de terre	Einzelhandel mit frischem Obst und Gemüse, einschliesslich Kartoffeln	Retail trade of fresh fruits and vegetables, including potatoes
7	47.21002	2025	Kleinhandel in fruit- en groentenconserven	Commerce de détail de conserves de fruits et légumes	Einzelhandel mit Obst- und Gemüsekonserven	Retail trade of canned fruit and vegetables
4	47.22	2025	Detailhandel in vlees en vleeswaren	Commerce de détail de viande et de produits à base de viande	Einzelhandel mit Fleisch und Fleischwaren	Retail sale of meat and meat products
5	47.221	2025	Detailhandel in vlees en vleesproducten, muv vlees van wild en van gevogelte	Commerce de détail de viandes et de produits à base de viande, sauf viande de gibier et de volaille	Einzelhandel mit Fleisch und Fleischwaren, mit Ausnahme von Geflügel- und Wildfleisch	Retail sale of meat and meat products, except meat of poultry and game animals
7	47.22101	2025	Kleinhandel in vlees en vleeswaren die gedreven wordt door de slagers/beenhouwers	Commerce de détail de viandes et produits à base de viande exploité par les bouchers/charcutiers	Von Metzgern betriebener Einzelhandel mit Fleisch und Fleischwaren	Retail trade of meat and meat products operated by butchers / delicatessens
5	47.222	2025	Detailhandel in vlees van wild en van gevogelte	Commerce de détail de viande de gibier et de volaille	Einzelhandel mit Fleisch von Geflügel- und Wildfleisch	Retail sale of meat of poultry and game animals
4	47.23	2025	Detailhandel in vis en schaal- en weekdieren	Commerce de détail de poisson, de crustacés et de mollusques	Einzelhandel mit Fisch, Meeresfrüchten und Fischerzeugnissen	Retail sale of fish, crustaceans and molluscs
5	47.230	2025	Detailhandel in vis en schaal- en weekdieren	Commerce de détail de poisson, de crustacés et de mollusques	Einzelhandel mit Fisch, Meeresfrüchten und Fischerzeugnissen	Retail sale of fish, crustaceans and molluscs
4	47.24	2025	Detailhandel in brood, banket en suikerwerk	Commerce de détail de pain, de pâtisserie et de confiserie	Einzelhandel mit Back- und Süßwaren	Retail sale of bread, cake and confectionery
5	47.241	2025	Detailhandel in brood en banketbakkerswerk (koude bakkers)	Commerce de détail de pain et de pâtisserie (dépôts)	Einzelhandel mit Brot und Backwaren (Depot)	Retail sale of bread, cake and confectionery (bread shops)
5	47.242	2025	Detailhandel in chocolade en suikerwerk	Commerce de détail de chocolat et de confiserie	Einzelhandel mit Schokolade und Süßwaren	Retail sale of chocolate and sugar confectionery
4	47.25	2025	Detailhandel in dranken	Commerce de détail de boissons	Einzelhandel mit Getränken	Retail sale of beverages
5	47.251	2025	Detailhandel in wijnen en geestrijke dranken	Commerce de détail de vins et de spiritueux	Einzelhandel mit Wein und Spirituosen	Retail sale of wine and spirits
5	47.252	2025	Detailhandel in dranken, algemeen assortiment	Commerce de détail de boissons, assortiment général	Einzelhandel mit Getränken, Vollsortiment	Retail sale of beverages, general selection
7	47.25201	2025	Kleinhandel in alcoholische en andere dranken, inclusief de thuisbezorging daarvan	Commerce de détail de toutes boissons,alcoolisées ou non, y compris la livraison à domicile	Einzelhandel mit alkoholischen und sonstigen Getränken, einschließlich Hauslieferung	Retail trade of all beverages, alcoholic or not, including home delivery
4	47.26	2025	Detailhandel in tabaksproducten	Commerce de détail de produits à base de tabac	Einzelhandel mit Tabakwaren	Retail sale of tobacco products
5	47.260	2025	Detailhandel in tabaksproducten	Commerce de détail de produits à base de tabac	Einzelhandel mit Tabakwaren	Retail sale of tobacco products
4	47.27	2025	Detailhandel in andere voedingsmiddelen	Commerce de détail d’autres produits alimentaires	Einzelhandel mit sonstigen Nahrungs- und Genussmitteln	Retail sale of other food
5	47.271	2025	Detailhandel in zuivelproducten en eieren	Commerce de détail de produits laitiers et d'oeufs	Einzelhandel mit Milchprodukten und Eiern	Retail sale of dairy products and eggs
7	47.27101	2025	Kleinhandel in zuivelproducten en eieren, inclusief de thuisbezorging daarvan	Commerce de détail de produits laitiers et oeufs, y compris la livraison à domicile	Einzelhandel mit Milchprodukten und Eiern, einschließlich Hauslieferung	Retail trade of dairy products and eggs, including home delivery
5	47.279	2025	Overige detailhandel in voedingsmiddelen, n.e.g.	Autres commerces de détail alimentaires n.c.a.	Sonstiger Nahrungsmitteleinzelhandel a.n.g.	Retail sale of other food n.e.c.
7	47.27901	2025	Kleinhandel in koffie	Commerce de détail de café	Einzelhandel mit Kaffee	Retail trade of coffee
7	47.27902	2025	Kleinhandel in kruiderijen en specerijen	Commerce de détail de condiments et épices	Einzelhandel mit Kräutern und Gewürzen	Retail trade of condiments and spices
7	47.27903	2025	Overige kleinhandel in voedings- en genotmiddelen in gespecialiseerde winkels, n.e.g.	Autres commerces de détail alimentaires en magasins spécialisés n.c.a.	Sonstiger Facheinzelhandel mit Nahrungsmitteln, Getränken und Tabakwaren (in Verkaufsräumen) a.n.g.	Other retail trade of food in specialised stores nes
3	47.3	2025	Detailhandel in motorbrandstoffen	Commerce de détail de carburants	Einzelhandel mit Motorenkraftstoffen	Retail sale of automotive fuel
4	47.30	2025	Detailhandel in motorbrandstoffen	Commerce de détail de carburants	Einzelhandel mit Motorenkraftstoffen	Retail sale of automotive fuel
5	47.300	2025	Detailhandel in motorbrandstoffen	Commerce de détail de carburants	Einzelhandel mit Motorenkraftstoffen	Retail sale of automotive fuel
7	47.30001	2025	Detailhandel in brandstoffen (inclusief LPG) voor auto's en motorrijwielen	Commerce de détail de carburants (y compris le GPL) pour véhicules automobiles et motocycles	Einzelhandel mit Kraftstoffen (einschliesslich LPG) für Kraftfahrzeuge und Motorräder	Retail trade of fuel (including LPG) for motor vehicles and motorcycles
7	47.30002	2025	Detailhandel in smeer- en koelmiddelen voor auto's	Commerce de détail de lubrifiants et de produits de refroidissement pour véhicules automobiles	Einzelhandel mit Schmier- und Kühlmitteln für Kraftfahrzeuge	Retail trade of lubricants and coolants for motor vehicles
3	47.4	2025	Detailhandel in ICT-apparatuur	Commerce de détail d’équipements de l’information et de la communication	Einzelhandel mit Geräten der Informations- und Kommunikationstechnik	Retail sale of information and communication equipment
4	47.40	2025	Detailhandel in ICT-apparatuur	Commerce de détail d’équipements de l’information et de la communication	Einzelhandel mit Geräten der Informations- und Kommunikationstechnik	Retail sale of information and communication equipment
5	47.400	2025	Detailhandel in ICT-apparatuur	Commerce de détail d’équipements de l’information et de la communication	Einzelhandel mit Geräten der Informations- und Kommunikationstechnik	Retail sale of information and communication equipment
7	47.40001	2025	Kleinhandel in computers en standaardprogrammatuur	Commerce de détail d'ordinateurs et de logiciels non personnalisés	Einzelhandel mit Computern und Standardsoftware	Retail trade of computers and packaged software
7	47.40002	2025	Kleinhandel in kantoormaterieel en -meubelen	Commerce de détail de matériel et mobilier de bureau	Einzelhandel mit Bürobedarf und -mobiliar	Retail trade of office equipment and furniture
7	47.40011	2025	Kleinhandel in audio- en videoapparatuur voor huishoudelijk gebruik, zoals radio- en televisietoestellen, videoweergavetoestellen, videocamera's, hifimateriaal, enz.	Commerce de détail d'appareils de radio et de télévision et d'autres matériels audio/vidéo à usage domestique tels les magnétoscopes, les caméscopes, le matériel hi-fi, etc.	Einzelhandel mit Rundfunk- und Fernsehgeräten sowie sonstigen Audio- und Videogeräten für den Hausgebrauch wie Videorecorder, Camcorder, Stereoanlagen usw	Retail trade of radio equipment and television equipment and other audio / video home use such as VCRs, camcorders, hi-fi equipment, etc.
3	47.5	2025	Detailhandel in andere consumentenartikelen	Commerce de détail d’autres équipements du foyer	Einzelhandel mit sonstigen Haushaltsgeräten, Textilien, Heimwerker- und Einrichtungsbedarf	Retail sale of other household equipment
4	47.51	2025	Detailhandel in textiel	Commerce de détail de textiles	Einzelhandel mit Textilien	Retail sale of textiles
5	47.511	2025	Detailhandel in kledingstoffen	Commerce de détail de tissus d'habillement	Einzelhandel mit Bekleidungsstoffen	Retail sale of clothing materials
5	47.512	2025	Detailhandel in huishoudtextiel en beddengoed	Commerce de détail de linges de maison	Einzelhandel mit Haustextilien und Bettwäsche	Retail sale of household linen
7	47.51201	2025	Kleinhandel in kledingstoffen en meubileringstoffen	Commerce de détail de tissus d'habillement et d'ameublement	Einzelhandel mit Bekleidungsstoffen und Textilien für die Innenausstattung in spezialisierten Geschäften	Retail trade of apparel and upholstery fabrics
7	47.51202	2025	Kleinhandel in huishoudtextiel zoals lakens, dekens, tafelkleden, handdoeken, enz.	Commerce de détail de textiles à usage domestique tels que draps, couvertures, nappes, serviettes, etc.	Einzelhandel mit Haustextilien wie Bettlaken, Decken, Tischdecken, Handtüchern usw	Retail trade of textiles for household use such as sheets, blankets, tablecloths, napkins, etc.
5	47.513	2025	Detailhandel in breigarens, handwerken en fournituren	Commerce de détail de fils à tricoter et d'articles de mercerie	Einzelhandel mit Strickgarne und Kurzwaren	Retail sale of knitting yarn and haberdashery
7	47.51301	2025	Kleinhandel in breigarens	Commerce de détail de fils à tricoter	Einzelhandel mit Strickgarnen	Retail trade of knitting thread
7	47.51302	2025	Kleinhandel in materiaal voor de vervaardiging van tapijten, tapisserieën en borduurwerk	Commerce de détail de matériaux de base pour la fabrication de tapis, de tapisseries ou de broderies	Einzelhandel mit Materialien für die Anfertigung von die Teppichen, Tapisserien oder Strickereien	Retail trade of basic materials for the production of carpets, tapestries and embroideries
7	47.51303	2025	Kleinhandel in fournituren : naaigaren, band, lint, naalden, enz.	Commerce de détail d'articles de mercerie: aiguilles, fils à coudre, boutons	Kurzwareneinzelhandel: Nadeln, Nähgarn, Bänder, Knöpfe usw	Retail trade of haberdashery: needles, sewing threads, buttons
5	47.519	2025	Detailhandel in overig textiel	Commerce de détail d'autres textiles	Einzelhandel mit sonstigen Textilien	Retail sale of other textiles
7	47.51901	2025	Kleinhandel in dekzeilen, hoezen, parasols, zonneschermen enz.	Commerce de détail de bâches, housses, parasols, cabas, etc., en textile	Einzelhandel mit Planen, Überzügen, Sonnenschirmen usw	Retail trade of textile tarps, covers, parasols, shopping bags, etc.
4	47.52	2025	Detailhandel in ijzerwaren, bouwmaterialen, verf en glas	Commerce de détail de quincaillerie, de matériaux de construction et de bricolage, de peinture et de verre	Einzelhandel mit Metallwaren, Anstrichmitteln, Bau- und Heimwerkerbedarf	Retail sale of hardware, building materials, paints and glass
5	47.521	2025	Detailhandel in ijzerwaren, bouwmaterialen, verf en glas (algemeen assortiment)	Commerce de détail de quincaillerie, de matériaux de construction et de bricolage, de peinture et de verre (assortiment général)	Einzelhandel mit Metallwaren, Anstrichmitteln, Bau- und Heimwerkerbedarf, Vollsortiment	Retail sale of hardware, building materials, paints and glass (general selection)
5	47.522	2025	Detailhandel in houten bouw- en tuinmaterialen	Commerce de détail de matériaux de construction et de matériaux de jardin, en bois	Einzelhandel mit Bau- und Gartenmaterialien aus Holz	Retail sale of wooden building materials and garden furniture
5	47.523	2025	Detailhandel in wand- en vloertegels	Commerce de détail de carrelage	Einzelhandel mit Boden- und Wandfliesen	Retail sale of tiles
5	47.524	2025	Detailhandel in parket-, laminaat- en kurkvloeren	Commerce de détail de parquet, de laminés et de revêtement en liège	Einzelhandel mit Parkett-, Laminat- und Korkböden	Retail sale of wooden, laminate and cork flooring
5	47.525	2025	Detailhandel in ijzerwaren en gereedschappen	Commerce de détail de quincaillerie et d'outils	Einzelhandel mit Eisenwaren und Werkzeugen	Retail sale of hardware and tools
5	47.526	2025	Detailhandel in verf en verfwaren	Commerce de détail de peinture et de vernis	Einzelhandel mit Farben und Farbwaren	Retail sale of paints and varnishes
5	47.527	2025	Detailhandel in sanitaire artikelen en sanitair installatiemateriaal	Commerce de détail d'articles et de matériels d'installations sanitaires	Einzelhandel mit Sanitärartikeln und Installationszubehör	Retail sale of sanitary ware and equipment
5	47.529	2025	Detailhandel in overige bouwmaterialen, n.e.g.	Commerce de détail d'autres matériaux de construction, n.c.a.	Einzelhandelsleistungen mit sonstigen Baumaterialien a.n.g.	Retail sale of other construction materials
4	47.53	2025	Detailhandel in tapijten en andere vloerbedekking en wandbekleding	Commerce de détail de tapis, moquettes et revêtements de murs et de sols	Einzelhandel mit Vorhängen, Teppichen, Fußbodenbelägen und Tapeten	Retail sale of carpets, rugs, wall and floor coverings
5	47.530	2025	Detailhandel in tapijten en andere vloerbedekking en wandbekleding	Commerce de détail de tapis, moquettes et revêtements de murs et de sols	Einzelhandel mit Vorhängen, Teppichen, Fußbodenbelägen und Tapeten	Retail sale of carpets, rugs, wall and floor coverings
7	47.53001	2025	Kleinhandel in tapijten en vloermatten	Commerce de détail de tapis et moquettes	Einzelhandel mit Teppichen und Teppichböden	Retail trade of carpets and rugs  
7	47.53002	2025	Kleinhandel in vloerbekleding van kunststof, rubber, enz.	Commerce de détail de revêtements de sols en plastique, caoutchouc, liège, etc.	Einzelhandel mit Bodenbelägen aus Kunststoff, Gummi, Kork usw	Retail trade of plastic flooring, rubber, cork, etc.
7	47.53003	2025	Kleinhandel in behang	Commerce de détail de papier peints	Tapeteneinzelhandel	Retail trade of wallpapers
7	47.53004	2025	Detailhandel in overgordijnen	Commerce de détail de rideaux	Einzelhandel mit Vorhängen	Retail trade of curtains
4	47.54	2025	Detailhandel in elektrische huishoudapparaten	Commerce de détail d’appareils électroménagers	Einzelhandel mit elektrischen Haushaltsgeräten	Retail sale of electrical household appliances
5	47.540	2025	Detailhandel in elektrische huishoudapparaten	Commerce de détail d’appareils électroménagers	Einzelhandel mit elektrischen Haushaltsgeräten	Retail sale of electrical household appliances
4	47.55	2025	Detailhandel in meubelen, verlichtingstoestellen, tafelgerei en andere huishoudelijke artikelen	Commerce de détail de meubles, d’appareils d’éclairage, de vaisselle et d’autres articles de ménage biens domestiques	Einzelhandel mit Möbeln, Einrichtungsgegenständen und sonstigem Hausrat	Retail sale of furniture, lighting equipment, tableware and other household goods
5	47.551	2025	Detailhandel in huismeubilair	Commerce de détail de mobilier de maison	Einzelhandel mit Wohnmöbeln	Retail sale of home furniture
7	47.55101	2025	Detailhandel in meubels	Commerce de détail de meubles	Einzelhandel mit Möbeln	Retail trade of furniture
7	47.55102	2025	Kleinhandel in inbouwkeukens	Commerce de détail de cuisines équipées	Einzelhandel mit Einbauküchen	Retail trade of kitchens
7	47.55103	2025	Kleinhandel in matrassen, bedveringen en overige matrassendragers	Commerce de détail de matelas, sommiers et autres supports de matelas	Einzelhandel mit Einzelhandel mit Matratzen, Bettgestellen und sonstigen Matratzenträgern	Retail trade of mattresses, box springs and other mattress supports
5	47.552	2025	Detailhandel in verlichtingsartikelen	Commerce de détail d'appareils d'éclairage	Einzelhandel mit Beleuchtungskörpern	Retail sale of lighting equipment
5	47.553	2025	Detailhandel in glas-, porselein- en aardewerk en in niet-elektrische huishoudelijke artikelen	Commerce de détail d'appareils ménagers non électriques, de vaisselle, de verrerie, de porcelaine et de poterie	Einzelhandel mit nicht elektrischen Haushaltsgeräten, Geschirr, Glas, Porzellan und Steingut	Retail sale of non-electric household appliances, crockery, glassware, china and earthenware
7	47.55301	2025	Detailhandel in niet-elektrische huishoudapparaten, messenmakerswerk, vaatwerk, aardewerk, porselein en glaswerk	Commerce de détail d'appareils ménagers non électriques, de coutellerie, de vaisselle, de verrerie, de porcelaine et de poteries	Einzelhandel mit nicht elektrischen Haushaltsgeräten, Messerschmiedewaren, Geschirr, Glas, Porzellan und Steingut	Retail trade of non-electric appliances, cutlery, crockery, glassware, china and pottery
5	47.554	2025	Detailhandel in babyartikelen (algemeen assortiment)	Commerce de détail d'articles de puériculture (assortiment général)	Einzelhandel mit Babyartikeln, Vollsortiment	Retail sale of childcare articles (general selection)
7	47.55401	2025	Kleinhandel in kinderwagens	Commerce de détail de voitures d'enfant	Kinderwageneinzelhandel	Retail trade of prams
7	47.55402	2025	Kleinhandel in wiegen, boxen, kinderzitjes voor gebruik in de auto, enz.	Commerce de détail de berceaux, de sièges de sécurité pour enfants et d'autres articles de puériculture	Einzelhandel mit Wiegen, Kinderautositzen und sonstigen Artikeln für die Säuglings- und Kleinkinderpflege	Retail trade of cradles, safety child seats and other baby products
5	47.559	2025	Detailhandel in andere huishoudelijke artikelen, n.e.g.	Commerce de détail d'autres articles de ménage n.c.a.	Einzelhandel mit sonstigen Haushaltsartikeln a.n.g.	Retail sale of other household goods n.e.c.
7	47.55901	2025	Detailhandel in artikelen van hout, kurk of vlechtwerk	Commerce de détail d'ouvrages en bois, en liège et en vannerie	Einzelhandel mit Arbeiten aus Holz, Kork und Korbflechtereiwaren	Retail trade of wood, cork and wickerwork
7	47.55902	2025	Gespecialiseerde detailhandel in geschenken mbt de woninginrichting	Commerce de détail spécialisé en cadeaux portant sur l'équipement du foyer	Einzelhandel mit Geschenkartikeln, spezialisiert auf Einrichtungsgegenstände	Retail trade specialising in gifts relating to household furnishings
7	47.55903	2025	Kleinhandel in huishoudelijke artikelen, n.e.g.	Commerce de détail d'appareils et articles de ménage ou d'économie domestique n.c.a.	Einzelhandel mit Haushaltsgeräten und artikeln, a.n.g.	Retail trade of appliances and household items or home economics nes
3	47.6	2025	Detailhandel in cultuur- en recreatieartikelen	Commerce de détail de biens culturels et de loisirs	Einzelhandel mit Verlagsprodukten, Sportausrüstungen und Spielwaren	Retail sale of cultural and recreation goods
4	47.61	2025	Detailhandel in boeken	Commerce de détail de livres	Einzelhandel mit Büchern	Retail sale of books
5	47.610	2025	Detailhandel in boeken	Commerce de détail de livres	Einzelhandel mit Büchern	Retail sale of books
4	47.62	2025	Detailhandel in kranten en andere tijdschriften en kantoorbehoeften	Commerce de détail de journaux et autres publications périodiques et de papeterie	Einzelhandel mit Zeitungen, sonstigen Zeitschriften, Schreibwaren und Bürobedarf	Retail sale of newspapers, and other periodical publications and stationery
5	47.621	2025	Detailhandel in kranten en andere tijdschriften	Commerce de détail de journaux et autres publications périodiques	Einzelhandel mit Zeitungen und sonstigen Zeitschriften	Retail sale of newspapers, and other periodical publications
7	47.62101	2025	Detailhandel in boeken, kranten, tijdschriften en kantoorbehoeften in gespecialiseerde winkels	Commerce de détail de livres, journaux et papeterie en magasin spécialisé	Einzelhandel im Bereich Bücher, Zeitungen, Zeitschriften und Bürobedarf in Fachgeschäften	Retail trade of books, newspapers and stationery in specialised stores
7	47.62102	2025	Detailhandel in boeken, kranten en tijdschriften in kiosken	Commerce de détail de livres, journaux et périodiques en kiosque	Einzelhandel im Bereich Bücher, Zeitungen, Zeitschriften in Kiosken	Retail trade of books, newspapers and stationery
5	47.622	2025	Detailhandel in kantoorbehoeften	Commerce de détail de papeterie	Einzelhandel mit  Schreibwaren und Bürobedarf	Retail sale of stationery
4	47.63	2025	Detailhandel in sportartikelen	Commerce de détail d’articles de sport	Einzelhandel mit Fahrrädern, Sport- und Campingartikeln	Retail sale of sporting equipment
5	47.631	2025	Detailhandel in wapens en munitie	Commerce de détail d'armes et de munitions	Einzelhandel mit Waffen und Munition	Retail sale of weapons and ammunition
7	47.63101	2025	Kleinhandel in wapens en munitie voor de jacht en de schietsport	Commerce de détail d'armes et de munitions pour la chasse ou le tir au fusil	Einzelhandel mit Waffen und Munition für Jagd und Schießsport	Retail trade of arms and ammunition for hunting or rifle shooting
7	47.63102	2025	Kleinhandel in verdedigingswapens	Commerce de détail d'armes défensives	Einzelhandel mit Verteidigungswaffen	Retail trade of defensive weapons
5	47.632	2025	Detailhandel in fietsen	Commerce de détail de cycles	Einzelhandel mit Fahrrädern	Retail sale of bicycles
5	47.639	2025	Detailhandel in overige sportartikelen	Commerce de détail d’autres articles de sport	Einzelhandel mit sonstigen Sportartikeln	Retail sale of other sporting equipment
7	47.63901	2025	Kleinhandel in sportartikelen, kampeerbenodigdheden (inclusief tenten) en artikelen voor overige vormen van vrije-tijdsbesteding	Commerce de détail d'articles de sport, de matériel de camping (y compris les tentes) et d'articles pour autres activités de loisir	Einzelhandel mit Sportartikeln, Campingzubehör (einschliesslich Zelte) und Freizeitartikeln	Retail trade of sporting goods, camping equipment (including tents) and items for other leisure activities
7	47.63902	2025	Kleinhandel in plezier- en sportvaartuigen, surfplanken, zeilen, enz.	Commerce de détail de bateaux de plaisance, planches à voile, voiles, etc.	Einzelhandel mit Sportbooten, Surfbrettern, Segeln usw	Retail trade of recreational boats, windsurfing, sailing, etc.
4	47.64	2025	Detailhandel in spellen en speelgoed	Commerce de détail de jeux et jouets	Einzelhandel mit Spielwaren	Retail sale of games and toys
5	47.640	2025	Detailhandel in spellen en speelgoed	Commerce de détail de jeux et jouets	Einzelhandel mit Spielwaren	Retail sale of games and toys
7	47.64001	2025	Detailhandel niet gespecialiseerd in kruit en springstoffen	Commerce de détail non spécialisé de produits explosifs	Nicht spezialisierter Einzelhandel mit Explosivstoffen	Retail trade of non-specialised explosive products 
7	47.64002	2025	Detailhandel niet gespecialiseerd in pyrotechnische artikelen	Commerce de détail non spécialisé d'articles pyrotechniques	Nicht spezialisierter Einzelhandel mit pyrotechnischen Erzeugnissen	Retail trade of non-specialised  pyrotechnics
4	47.69	2025	Detailhandel in cultuur- en recreatieartikelen, n.e.g.	Commerce de détail de biens culturels et de loisirs n.c.a.	Einzelhandel mit Kunst- und Kulturerzeugnissen a.n.g.	Retail sale of cultural and recreational goods n.e.c.
5	47.690	2025	Detailhandel in cultuur- en recreatieartikelen, n.e.g.	Commerce de détail de biens culturels et de loisirs n.c.a.	Einzelhandel mit Kunst- und Kulturerzeugnissen a.n.g.	Retail sale of cultural and recreational goods n.e.c.
7	47.69001	2025	Kleinhandel in muziekinstrumenten en -partituren	Commerce de détail d'instruments de musique et de partitions musicales	Einzelhandel mit Musikinstrumenten und -partituren	Retail trade of musical instruments and music scores
7	47.69011	2025	Kleinhandel in grammofoonplaten, CD's, al dan niet bespeelde geluids- en videobanden, cassettes, enz.	Commerce de détail de disques, de disques compacts, bandes et cassettes audio ou vidéo, vierges ou enregistrées	Einzelhandel mit Schallplatten, bespielten und unbespielten Compact Discs, Audio- oder Videokassetten und -bändern	Retail trade of records, compact discs, tapes and audio or video cassettes, blank or recorded
7	47.69021	2025	Kleinhandel in hedendaagse kunst, nieuwe schilderijen, reproducties, kaders, lijsten, enz.	Commerce de détail d'art contemporain, de tableaux nouveaux, de reproductions, de cadres, etc.	Einzelhandel mit zeitgenössischer Kunst, neuen Bildern, Reproduktionen, Rahmen usw	Retail trade of contemporary art, new paintings, reproductions, frames, etc.
7	47.69022	2025	Detailhandel in gespecialiseerde winkels of in commerciële kunstgalerieën in kunstwerken jonger dan 50 jaar die voor 10 000 euro of meer te koop worden gesteld	Commerce de détail en magasin spécialisé ou en galerie d'art commerciale d'oeuvres d'art de moins de 50 ans dont le prix de mise en vente est d'un montant égal ou supérieur à 10 000 euros	Einzelhandelsverkauf in Fachgeschäften oder in kommerziellen Kunstgalerien von Kunstwerken unter 50 Jahren, die für 10 000 Euro oder mehr zum Verkauf angeboten werden	Retail sale in specialised stores or in commercial art galleries of works of art under 50 years old with a selling price equal to or greater than 10,000 euros
3	47.7	2025	Detailhandel in andere goederen, met uitzondering van motorvoertuigen en motorfietsen	Commerce de détail d’autres biens, à l’exception des automobiles et des motocycles	Einzelhandel mit sonstigen Gütern, ohne Kraftwagen und Krafträder	Retail sale of other goods, except motor vehicles and motorcycles
4	47.71	2025	Detailhandel in kleding	Commerce de détail d’habillement	Einzelhandel mit Bekleidung	Retail sale of clothing
5	47.711	2025	Detailhandel in damesbovenkleding	Commerce de détail de vêtements pour dame	Einzelhandel mit Damenoberbekleidung	Retail sale of clothing for women
7	47.71101	2025	Kleinhandel in bovenkleding (inclusief werkkleding, sportkleding en ceremoniekleding) van ongeacht welk materiaal (textielstoffen, breigoed, leer, bont, enz.) voor dames	Commerce de détail de vêtements de dessus, y compris les vêtements de travail, de sport et de cérémonie, en toutes matières (tissus textiles, étoffes de bonneterie, cuir, fourrure, etc.) pour dames	Einzelhandel mit Oberbekleidung, einschließlich Arbeits- Sport- und Zeremoniekleidung aus allen Materialien (Textilstoffe, Wirkwaren, Leder, Pelz usw) für Damen	Retail trade of outerwear, including work, sports and ceremonial clothing, in all materials (textile fabrics, knitted fabrics, leather, fur, etc.) for ladies
5	47.712	2025	Detailhandel in herenbovenkleding	Commerce de détail de vêtements pour homme	Einzelhandel mit Herrenoberbekleidung	Retail sale of clothing for men
7	47.71201	2025	Kleinhandel in bovenkleding (inclusief werkkleding, sportkleding en ceremoniekleding) van ongeacht welk materiaal (textielstoffen, breigoed, leer, bont, enz.) voor heren	Commerce de détail de vêtements de dessus, y compris les vêtements de travail, de sport et de cérémonie, en toutes matières (tissus textiles, étoffes de bonneterie, cuir, fourrure, etc.) pour homme	Einzelhandel mit Oberbekleidung, einschließlich Arbeits- Sport- und Zeremoniekleidung aus allen Materialien (Textilstoffe, Wirkwaren, Leder, Pelz usw) für Herren	Retail trade of outerwear, including work, sports and ceremonial clothing, in all materials (textile fabrics, knitted fabrics, leather, fur, etc.) for men
5	47.713	2025	Detailhandel in baby- en kinderbovenkleding	Commerce de détail de vêtements pour bébé et enfant	Einzelhandel mit Baby- und Kinderoberbekleidung	Retail sale of clothing for baby and children
5	47.714	2025	Detailhandel in onderkleding, lingerie en strand- en badkleding	Commerce de détail de sous-vêtements, de lingerie et de vêtements de bain	Einzelhandel mit Unterwäsche, Damenunterwäsche und Strand- und Badekleidung	Retail sale of underwear, lingerie and swimwear
5	47.715	2025	Detailhandel in kledingaccessoires	Commerce de détail d'accessoires du vêtement	Einzelhandel mit Bekleidungsasccessoires	Retail sale of clothing accessories
7	47.71501	2025	Kleinhandel in hoeden, handschoenen, dassen, ceinturen, paraplu's, enz.	Commerce de détail de chapeaux, gants, cravates, ceintures, parapluies, etc.	Einzelhandel mit Hüten, Handschuhen, Krawatten, Gürteln, Regenschirmen usw	Retail trade of hats, gloves, ties, belts, umbrellas, etc.
5	47.716	2025	Detailhandel in dames-, heren-, baby- en kinderboven- en onderkleding en kledingaccessoires (algemeen assortiment)	Commerce de détail de vêtements, de sous-vêtements et d'accessoires pour dame, homme, enfant et bébé, assortiment général	Einzelhandel mit Damen-, Herren- Baby- und Kinderober- und -unterbekleidung und Bekleidungsasccessoires (Vollsortiment)	Retail sale of clothing, underwear and clothing accessories for men, women, children and baby, general selection
7	47.71601	2025	Kleinhandel in bovenkleding (inclusief werk-,sport- en ceremoniekleding) van ongeacht welk materiaal (textielstoffen, breigoed, leer, bont, enz.) voor heren, dames en kinderen (algem assortiment)	Commerce de détail de vêtem de dessus, y compris les vêtem de travail, de sport et de cérémonie, en ttes mat (tissus textiles, cuir, fourrure, etc.) pour homme, dame, enfant et bébé (assort gén)	Einzelhandel mit Oberbekleidung, einschließlich Arbeits- Sport- und Zeremoniekleidung aus allen Materialien (Textilstoffe, Wirkwaren, Leder, Pelz usw) für Herren, Damen und Kinder (Vollsortiment)	Retail trade of outerwear clothing, including work, sports and ceremonial clothing, in all materials (textile fabrics, leather, fur, etc.) for men, women, children and babies (general assortment)
7	47.71611	2025	Markt- en straathandel in textiel, kleding en schoeisel	Commerce de détail de textiles, d'habillement et de chaussures sur éventaires et marchés	Einzelhandel mit Textilien, Bekleidung und Schuhen an Verkaufsständen und auf Märkten	Retail trade via stalls and markets of textiles, clothing and footwear
4	47.72	2025	Detailhandel in schoeisel en lederwaren	Commerce de détail de chaussures et d’articles en cuir	Einzelhandel mit Schuhen und Lederwaren	Retail sale of footwear and leather goods
5	47.721	2025	Detailhandel in schoeisel	Commerce de détail de chaussures	Einzelhandel mit Schuhen	Retail sale of footwear
5	47.722	2025	Detailhandel in lederwaren en reisartikelen	Commerce de détail d'articles en cuir et d'articles de voyage	Einzelhandel mit Lederwaren und Reiseaccessoires	Retail sale of leather goods and luggage
4	47.73	2025	Detailhandel in farmaceutische producten	Commerce de détail de produits pharmaceutiques	Einzelhandel mit pharmazeutischen Erzeugnissen	Retail sale of pharmaceutical products
5	47.730	2025	Detailhandel in farmaceutische producten	Commerce de détail de produits pharmaceutiques	Einzelhandel mit pharmazeutischen Erzeugnissen	Retail sale of pharmaceutical products
4	47.74	2025	Detailhandel in medische en orthopedische artikelen	Commerce de détail d’articles médicaux et orthopédiques	Einzelhandel mit medizinischen und orthopädischen Artikeln	Retail sale of medical and orthopaedic goods
5	47.741	2025	Detailhandel in medische en orthopedische artikelen, muv corrigerende brillen, lenzen en zonnebrillen	Commerce de détail d'articles médicaux et orthopédiques, à l'exception de lunettes de correction, de lentilles et de lunettes de soleil	Einzelhandel mit medizinischen und orthopädischen Artikeln, mit Ausnahme von Korrektionsbrillen, Brillengläsern und Sonnenbrillen	Retail sale of medical and orthopaedic goods, except corrective glasses, lenses and sunglasses
5	47.742	2025	Detailhandel in corrigerende brillen, lenzen en zonnebrillen	Commerce de détail de lunettes de correction, de lentilles et de lunettes de soleil	Einzelhandel mit Korrektionsbrillen, Brillengläsern und Sonnenbrillen	Retail sale of corrective glasses, lenses and sunglasses
7	47.74201	2025	Detailhandel in optische artikelen (inclusief brillen), fotografische artikelen (inclusief films) en precisieinstrumenten	Commerce de détail d'articles d'optique (y compris les lunettes), de photographie (y compris les pellicules) et de précision	Einzelhandel mit Optikartikeln (einschliesslich Brillen), Fotographieartikeln (einschliesslich Filme) und Präzisionsinstrumenten	Retail trade of optical articles (including glasses), photography (including films) and precision articles
4	47.75	2025	Detailhandel in cosmetica en toiletartikelen	Commerce de détail de produits cosmétiques et d'articles de toilette	Einzelhandel mit kosmetischen Erzeugnissen und Körperpflegemitteln	Retail sale of cosmetic and toilet articles
5	47.750	2025	Detailhandel in cosmetica en toiletartikelen	Commerce de détail de produits cosmétiques et d'articles de toilette	Einzelhandel mit kosmetischen Erzeugnissen und Körperpflegemitteln	Retail sale of cosmetic and toilet articles
4	47.76	2025	Detailhandel in bloemen, planten, kunstmeststoffen, huisdieren en voer voor huisdieren	Commerce de détail de fleurs, plantes, engrais, animaux de compagnie et aliments pour ces animaux	Einzelhandel mit Blumen, Pflanzen, Düngemitteln, Tierfutter und Haustieren	Retail sale of flowers, plants, fertilisers, pets and pet food
5	47.761	2025	Detailhandel in bloemen, planten, zaden en kunstmeststoffen	Commerce de détail de fleurs, de plantes, de graines et d'engrais	Einzelhandel mit Blumen, Pflanzen, Sämereien und Düngemitteln	Retail sale of flowers, plants, seeds and fertilisers
7	47.76101	2025	Kleinhandel in  bloemen (inclusief snijbloemen) en planten	Commerce de détail de fleurs (y compris les fleurs coupées) et de plantes	Einzelhandel mit Blumen einschließlich Schnittblumen und Pflanzen	Retail trade of flowers (including cut flowers) and plants
7	47.76102	2025	Kleinhandel in zaden, kunstmeststoffen, sproeistoffen, enz.	Commerce de détail de graines, d'engrais, de produits phytosanitaires, etc.	Einzelhandel mit Saatgut, Düngemitteln, Pflanzenschutzmitteln, usw	Retail trade of seeds, fertilisers, pesticides, etc.
7	47.76103	2025	Kleinhandel in een uitgebreid gamma van tuinbouwproducten en tuinbouwbenodigdheden voor particulier gebruik, in gespecialiseerde tuincentra	Commerce de détail spécialisé portant sur une large gamme d'articles de jardinage et de produits horticoles (centres de jardinage)	Facheinzelhandel mit einem breiten Sortiment an Gartenbedarf und Gartenbauartikeln (Gartencenter)	Retail trade of a wide range of gardening products and horticultural products (garden centres)
5	47.762	2025	Detailhandel in huisdieren, voer voor huisdieren en benodigdheden daarvoor	Commerce de détail d'animaux de compagnie, d'aliments et d'accessoires pour ces animaux	Einzelhandel mit Haustieren, Haustierzubehör und Futter	Retail sale of pets, pet food and pet accessories
7	47.76201	2025	Kleinhandel in huisdieren en benodigdheden daarvoor	Commerce de détail d'animaux de compagnie et de fournitures pour animaux	Einzelhandel mit Haustieren und Haustierzubehör	Retail trade of pets and pet supplies
4	47.77	2025	Detailhandel in uurwerken en sieraden	Commerce de détail d’articles d’horlogerie et de bijouterie	Einzelhandel mit Uhren und Schmuck	Retail sale of watches and jewellery
5	47.770	2025	Detailhandel in uurwerken en sieraden	Commerce de détail d’articles d’horlogerie et de bijouterie	Einzelhandel mit Uhren und Schmuck	Retail sale of watches and jewellery
7	47.77001	2025	Kleinhandel in uurwerken en horloges	Commerce de détail de montres et autres articles d'horlogerie	Einzelhandel mit Uhren und sonstigen Uhrenartikeln	Retail trade of watches and other horological items
7	47.77002	2025	Kleinhandel in sieraden en edelsmeedwerk	Commerce de détail d'articles de bijouterie et d'orfèvrerie	Einzelhandel mit Schmuck und Goldschmiedewaren	Retail trade of jewellery and silverware
4	47.78	2025	Detailhandel in andere nieuwe goederen	Commerce de détail d’autres biens neufs	Einzelhandel mit sonstigen Neuwaren	Retail sale of other new goods
5	47.781	2025	Detailhandel in vaste, vloeibare en gasvormige brandstoffen, muv motorbrandstoffen	Commerce de détail de combustibles solides, liquides et gazeux, à l'exclusion des carburants	Einzelhandel mit festen, flüssigen und gasförmigen Brennstoffen, mit Ausnahme von Fahrzeugkraftstoffen	Retail sale of solid, liquid and gaseous fuels, excluding motor fuels
7	47.78101	2025	Detailhandel in vaste brandstoffen zoals steenkool, brandhout, houtskool, enz.	Commerce de détail de combustibles solides tels que charbon, bois de chauffage, charbon de bois, etc.	Einzelhandel mit Festbrennstoffen wie Steinkohle, Brennholz, Holzkohle usw	Retail trade of solid fuels such as coal, firewood, charcoal, etc.
7	47.78102	2025	Detailhandel in vloeibare en gasvormige brandstoffen	Commerce de détail de combustibles liquides et gazeux	Einzelhandel mit flüssigen und gasförmigen Brennstoffen	Retail trade of liquid and gaseous fuels
5	47.782	2025	Detailhandel in fotografische en optische artikelen en in precisieinstrumenten, muv corrigerende brillen, lenzen en zonnebrillen	Commerce de détail de matériel photographique, d'optique et de précision, à l’exception des lunettes de correction, des lentilles et des lunettes de soleil	Einzelhandel mit Foto-, Optikartikel und Präzisionsinstrumente, mit Ausnahme von Korrektionsbrillen, Brillengläsern und Sonnenbrillen	Retail sale of photographic, optical and precision equipment, except corrective glasses, lenses and sunglasses
7	47.78201	2025	Detailhandel in optische artikelen (inclusief brillen), fotografische artikelen (inclusief films) en precisieinstrumenten	Commerce de détail d'articles d'optique (y compris les lunettes), de photographie (y compris les pellicules) et de précision	Einzelhandel mit Optikartikeln (einschliesslich Brillen), Fotographieartikeln (einschliesslich Filme) und Präzisionsinstrumenten	Retail trade of optical articles (including glasses), photography (including films) and precision articles
5	47.783	2025	Detailhandel in drogisterijartikelen en onderhoudsproducten	Commerce de détail d'articles de droguerie et de produits d'entretien	Einzelhandel mit Drogerieartikeln und Pflegemitteln	Retail sale of drugstore products and cleaning materials
7	47.78301	2025	Kleinhandel in reinigingsproducten	Commerce de détail de produits de nettoyage	Einzelhandel mit Reinigungsmitteln	Retail trade of cleaning products
5	47.784	2025	Detailhandel in souvenirs en religieuze artikelen	Commerce de détail de souvenirs et d'articles religieux	Einzelhandel mit Andenken und Devotionalien	Retail sale of souvenirs and religious articles
7	47.78401	2025	Kleinhandel in souvenirs, ambachtelijke producten en religieuze artikelen	Commerce de détail de souvenirs, d'objets artisanaux et d'articles religieux	Einzelhandel mit Andenken, Handwerksprodukten und Devotionalien	Retail trade of souvenir, craft work and religious articles
7	47.78402	2025	Kleinhandel in imitatiesieraden, gadgets, enz.	Commerce de détail de bijouterie fantaisie, de gadgets, etc.	Einzelhandel mit Modeschmuck, Gadgets usw	Retail trade of imitation jewellery, gadgets, etc.
5	47.789	2025	Overige detailhandel in nieuwe artikelen n.e.g.	Autre commerce de détail de biens neufs n.c.a.	Sonstiger Einzelhandel von neuen Artikeln a.n.g.	Retail sale of other new goods n.e.c.
7	47.78901	2025	Kleinhandel in koorden en touwen	Commerce de détail de ficelles, de cordes et de cordages	Einzelhandel mit Bindfäden, Kordeln, und Seilen	Retail trade of string, rope and cordage
7	47.78902	2025	Kleinhandel in artikelen, andere dan voedingsmiddelen, n.e.g. 	Commerce de détail d'articles n.c.a. autres que produits alimentaires	Einzelhandel mit a.n.g. Artikeln (Nichtlebensmittel)	Retail sale of non-food items n.e.c.
7	47.78903	2025	Detailhandel gespecialiseerd in kruit en springstoffen	Commerce de détail spécialisé de produits explosifs	Spezialisierter Einzelhandel mit Explosivstoffen	Retail trade of explosives
7	47.78904	2025	Detailhandel gespecialiseerd in pyrotechnische artikelen	Commerce de détail spécialisé d'articles pyrotechniques	Spezialisierter Einzelhandel mit pyrotechnischen Erzeugnissen	Retail trade of pyrotechnic articles
7	47.78911	2025	Overige markt- en straathandel	Autres commerces de détail sur marchés et éventaires	Sonstiger Einzelhandel an Verkaufsständen und auf Märkten	Other retail trade via stalls and markets
7	47.78921	2025	Kleinhandel in kunstbloemen en decoratieartikelen van kunstbloemen	Commerce de détail de fleurs artificielles et d'articles d'ornementation en fleurs artificielles	Einzelhandel mit künstlichen Blumen und Ziergegenständen aus künstlichen Blumen	Retail trade of artificial flowers and ornamental items of artificial flowers
4	47.79	2025	Detailhandel in tweedehandsgoederen	Commerce de détail de biens d’occasion	Einzelhandel mit Antiquitäten und Gebrauchtwaren	Retail sale of second-hand goods
5	47.791	2025	Detailhandel in antiquiteiten	Commerce de détail d'antiquités	Einzelhandel mit Antiquitäten	Retail sale of antiques
7	47.79101	2025	Kleinhandel in antiek en oude kunstvoorwerpen	Commerce de détail d'antiquités et objets d'art anciens	Altwaren- und Antiquitäteneinzelhandel	Retail trade of antiquities and ancient art
7	47.79102	2025	Detailhandel in winkels of in commerciële kunstgalerieën in roerende goederen van meer dan 50 jaar oud die voor 10 000 euro of meer te koop worden gesteld	Commerce de détail en magasin ou en galerie d'art commerciale de biens meubles de plus de cinquante ans dont le prix de mise en vente est d'un montant égal ou supérieur à 10 000 euros	Einzelhandelsverkauf in Geschäften oder in kommerziellen Kunstgalerien von über 50 Jahre alten beweglichen Gütern, die für 10 000 Euro oder mehr zum Verkauf angeboten werden	Retail sale in stores or in commercial art galleries of movable goods over 50 years old with a selling price equal to or greater than 10,000 euros
7	47.79111	2025	Veilinghuizen voor kunstwerken of roerende goederen van meer dan 50 jaar oud met een geschatte maximumverkoopprijs van 10 000 euro of meer	Maisons de ventes aux enchères d'oeuvres d'art ou de biens meubles de plus de cinquante ans dont l'estimation du prix maximal de vente est d'un montant égal ou supérieur à 10 000 euros	Auktionshäuser für über 50 Jahre alte Kunstwerke oder bewegliche Güter mit einem geschätzten Höchstverkaufspreis von 10 000 Euro oder mehr	Auction houses for works of art or movable goods over 50 years old with an estimated maximum sale price equal to or greater than 10,000 euros
5	47.792	2025	Detailhandel in tweedehandskleding	Commerce de détail de vêtements d'occasion	Einzelhandel mit Gebrauchtwaren	Retail sale of second-hand clothing
5	47.793	2025	Detailhandel in andere tweedehandsgoederen, muv tweedehandskleding	Commerce de détail de biens d'occasion, à l’exception des vêtements d'occasion	Einzelhandel mit Gebrauchtwaren in Geschäften, mit Ausnahme von Gebrauchtkleidung	Retail sale of second-hand goods in stores, except second-hand clothing
7	47.79301	2025	Kleinhandel in tweedehandsboeken	Commerce de détail de livres d'occasion	Einzelhandel mit Gebrauchtbüchern	Retail trade of used books
7	47.79302	2025	Kleinhandel in overige tweedehandsgoederen zoals meubels, afbraakmateriaal,	Commerce de détail d'autres biens d'occasion tels que meubles, matériaux de	Einzelhandel mit sonstiger Altwareneinzelhandel wie Möbeln, Abrissmaterialien usw	Retail trade of other used goods such as furniture
7	47.79303	2025	Activiteiten van kringloopcentra en dergelijke	Commerce de détail de biens de récupération de toute nature, exercé dans des magasins qui appartiennent à des centres de récupération	Einzelhandel mit Recyclingprodukten aller Art in Recyclingzentren angeschlossenen Geschäften	Retail trade of any kind of recovery of property, exercised in shops belonging to recovery centres
3	47.8	2025	Detailhandel in motorvoertuigen, motorfietsen en delen en toebehoren van motorfietsen	Commerce de détail d’automobiles, de motocycles et de leurs pièces et accessoires	Einzelhandel mit Kraftwagen, Krafträdern, deren Teilen und Zubehör	Retail sale of motor vehicles, motorcycles and related parts and accessories
4	47.81	2025	Detailhandel in motorvoertuigen	Commerce de détail de véhicules automobiles	Einzelhandel mit Kraftwagen	Retail sale of motor vehicles
5	47.811	2025	Detailhandel in auto's en lichte bestelwagens (<= 3,5 ton)	Commerce de détail de voitures et de véhicules automobiles légers (<= 3,5 tonnes)	Einzelhandel mit Kraftfahrzeugen mit einem Gesamtgewicht von 3,5 t oder weniger	Retail sale of cars and light motor vehicles (<= 3,5 tons)
7	47.81101	2025	Kleinhandel in nieuwe en gebruikte auto's voor personenvervoer, inclusief die voor bijzondere doeleinden (bv ambulances)	Commerce de détail de véhicules automobiles pour le transport des personnes, y compris les véhicules automobiles spéciaux (pex ambulances), neufs ou usagés	Einzelhandel mit Kraftfahrzeugen für die Personenbeförderung, einschließlich Sonderkraftfahrzeuge (zB Krankenwagen), neu oder gebraucht	Retail trade of motor vehicles for the transport of persons, including special motor vehicles (eg ambulances), new or used
5	47.812	2025	Detailhandel in andere motorvoertuigen (> 3,5 ton)	Commerce de détail d'autres véhicules automobiles (> 3,5 tonnes)	Einzelhandel mit sonstigen Kraftfahrzeugen mit einem Gesamtgewicht von mehr als 3,5 t	Retail sale of other motor vehicles (> 35 tonnes)
7	47.81201	2025	Kleinhandel in nieuwe en gebruikte vrachtwagens, trekkers, bestelwagens, terreinwagens (bv jeeps) enz.	Commerce de détail de camions, tracteurs routiers, camionnettes, véhicules automobiles tous terrains (pex jeeps), etc., neufs ou usagés	Einzelhandel mit Lastwagen, Straßenzugmaschinen, Lieferwagen, Geländefahrzeugen (zB Jeeps), neu oder gebraucht	Retail trade of trucks, road tractors, vans, all-terrain motor vehicles (eg jeeps), etc., new or used
7	47.81202	2025	Kleinhandel in nieuwe en gebruikte autobussen, touringcars, minibusjes, motorhomes, enz.	Commerce de détail d'autobus, autocars, minibus, motorhomes, etc., neufs ou usagés	Einzelhandel mit Linienbussen, Reisebussen, Minibussen, Motorhomes usw, neu oder gebraucht	Retail trade of buses, coaches, minibuses, motorhomes, etc., new or used
5	47.813	2025	Detailhandel in aanhangwagens, opleggers en caravans	Commerce de détail de remorques, de semi-remorques et de caravanes	Einzelhandel mit Anhängern, Sattelschleppern und Wohnwagen	Retail sale of trailers, semi-trailers and caravans
4	47.82	2025	Detailhandel in onderdelen en accessoires van motorvoertuigen	Commerce de détail de pièces et accessoires de véhicules automobiles	Einzelhandel mit Kraftwagenteilen und -zubehör	Retail sale of motor vehicle parts and accessories
5	47.820	2025	Detailhandel in onderdelen en accessoires van motorvoertuigen	Commerce de détail de pièces et accessoires de véhicules automobiles	Einzelhandel mit Kraftwagenteilen und -zubehör	Retail sale of motor vehicle parts and accessories
7	47.82001	2025	Kleinhandel in onderdelen en accessoires van auto's inclusief de kleinhandel in tweedehands onderdelen	Commerce de détail d'accessoires, de pièces détachées et d'équipements divers pour véhicules automobiles, y compris la vente de détail de pièces détachées et d'équipements automobiles d'occasion	Einzelhandel mit Zubehör, Ersatzteilen und verschiedenen Ausstattungen für Kraftfahrzeuge, einschließlich Einzelhandel mit gebrauchten Ersatz- und Zubehörteilen	Retail trade of accessories, spare parts and various equipment for motor vehicles, including the retail trade of spare parts and equipment for used cars
7	47.82002	2025	Kleinhandel in banden voor motorvoertuigen	Commerce de détail de pneumatiques	Reifeneinzelhandel	Retail trade of tyres
7	47.82003	2025	Kleinhandel gespecialiseerd in de verkoop van accessoires van auto's per postorder	Commerce de détail spécialisé dans la vente d'équipements automobiles sur catalogue	Auf den Verkauf von Autoausstattungen über Katalog spezialisierter Einzelhandel	Retail trade specialised in the trade of motor vehicle parts by catalogue
4	47.83	2025	Detailhandel in motorrijwielen, delen en toebehoren van motorrijwielen	Commerce de détail de motocycles et de pièces et accessoires de motocycles	Einzelhandel mit Krafträdern, Kraftradteilen und -zubehör	Retail sale of motorcycles, motorcycle parts and accessories
5	47.830	2025	Detailhandel in motorrijwielen, delen en toebehoren van motorrijwielen	Commerce de détail de motocycles et de pièces et accessoires de motocycles	Einzelhandel mit Krafträdern, Kraftradteilen und -zubehör	Retail sale of motorcycles, motorcycle parts and accessories
7	47.83001	2025	Kleinhandel in nieuwe of gebruikte motorrijwielen	Commerce de détail de motocycles, neufs ou usagés	Einzelhandel mit neuen oder gebrauchten Motorrädern	Retail trade of motorcycles, new and used
7	47.83002	2025	Kleinhandel in nieuwe of gebruikte bromfietsen	Commerce de détail de cyclomoteurs, neufs ou usagés	Einzelhandel mit neuen oder gebrauchten Mofas	Retail trade of mopeds, new and used
7	47.83003	2025	Kleinhandel in onderdelen en accessoires van motorrijwielen	Commerce de détail de pièces et d'accessoires de motocycles	Einzelhandel mit Motorradersatzteilen und -zubehör	Retail trade of spares and accessories for motorcycles
3	47.9	2025	Bemiddelingsactiviteiten in verband met de detailhandel	Activités de service d’intermédiation pour le commerce de détail	Vermittlungstätigkeiten für den Einzelhandel	Intermediation service activities for retail sale
4	47.91	2025	Bemiddelingsactiviteiten in verband met de niet-gespecialiseerde detailhandel	Activités de service d’intermédiation pour le commerce de détail non spécialisé	Vermittlungstätigkeiten für den Einzelhandel ohne ausgeprägten Schwerpunkt	Intermediation service activities for non-specialised retail sale
5	47.910	2025	Bemiddelingsactiviteiten in verband met de niet-gespecialiseerde detailhandel	Activités de service d’intermédiation pour le commerce de détail non spécialisé	Vermittlungstätigkeiten für den Einzelhandel ohne ausgeprägten Schwerpunkt	Intermediation service activities for non-specialised retail sale
4	47.92	2025	Bemiddelingsactiviteiten voor de gespecialiseerde detailhandel	Activités de service d’intermédiation pour le commerce de détail spécialisé	Vermittlungstätigkeiten für den Einzelhandel mit ausgeprägtem Schwerpunkt	Intermediation service activities for specialised retail sale
5	47.920	2025	Bemiddelingsactiviteiten voor de gespecialiseerde detailhandel	Activités de service d’intermédiation pour le commerce de détail spécialisé	Vermittlungstätigkeiten für den Einzelhandel mit ausgeprägtem Schwerpunkt	Intermediation service activities for specialised retail sale
7	47.92001	2025	Veilinghuizen voor kunstwerken of roerende goederen van meer dan 50 jaar oud met een geschatte maximumverkoopprijs van 10 000 euro of meer	Maisons de ventes aux enchères d’œuvres d’art ou de biens meubles de plus de cinquante ans dont l’estimation du prix maximal de vente est d’un montant égal ou supérieur à 10 000 euros	Auktionshäuser für über 50 Jahre alte Kunstwerke oder bewegliche Güter mit einem geschätzten Höchstverkaufspreis von 10 000 Euro oder mehr	Auction houses for works of art or movable goods over 50 years old with an estimated maximum sale price equal to or greater than 10,000 euros
2	49     	2025	Vervoer te land en vervoer via pijpleidingen	Transports terrestres et transports par conduites	Landverkehr und Transport in Rohrfernleitungen	Land transport and transport via pipelines
3	49.1	2025	Personenvervoer per spoor	Transport ferroviaire de voyageurs	Personenbeförderung im Schienenverkehr	Passenger rail transport
4	49.11	2025	Personenvervoer per trein	Transport ferroviaire lourd de voyageurs	Personenbeförderung im Eisenbahnverkehr	Passenger heavy rail transport
5	49.110	2025	Personenvervoer per trein	Transport ferroviaire lourd de voyageurs	Personenbeförderung im Eisenbahnverkehr	Passenger heavy rail transport
4	49.12	2025	Personenvervoer per spoor anders dan per trein	Autre transport ferroviaire de voyageurs	Sonstige Personenbeförderung im Schienenverkehr	Other passenger rail transport
5	49.120	2025	Personenvervoer per spoor anders dan per trein	Autre transport ferroviaire de voyageurs	Sonstige Personenbeförderung im Schienenverkehr	Other passenger rail transport
3	49.2	2025	Goederenvervoer per spoor	Transport ferroviaire de fret	Güterbeförderung im Schienenverkehr	Freight rail transport
4	49.20	2025	Goederenvervoer per spoor	Transport ferroviaire de fret	Güterbeförderung im Schienenverkehr	Freight rail transport
5	49.200	2025	Goederenvervoer per spoor	Transport ferroviaire de fret	Güterbeförderung im Schienenverkehr	Freight rail transport
3	49.3	2025	Overig personenvervoer te land	Autre transport terrestre de voyageurs	Sonstige Personenbeförderung im Landverkehr	Other passenger land transport
4	49.31	2025	Personenvervoer over de weg volgens dienstregeling	Transport régulier de voyageurs par route	Personenbeförderung im Linienverkehr auf der Straße	Scheduled passenger transport by road
5	49.310	2025	Personenvervoer over de weg volgens dienstregeling	Transport régulier de voyageurs par route	Personenbeförderung im Linienverkehr auf der Straße	Scheduled passenger transport by road
7	49.31001	2025	Vervoer binnen steden en voorsteden van personen (autobus, tram, metro, enz.) op vaste routes en volgens vaste dienstregeling	Transport par voie terrestre de passagers, urbain ou suburbain (autobus, tramway, métro, etc.) sur des lignes déterminées et conformément à un horaire établi	Personenbeförderung im Stadt- oder Vorortverkehr (Bus, Straßenbahn, Metro usw) auf festen Strecken und nach festem Fahrplan	Land transport of passengers, urban or suburban (bus, tram, metro, etc.) on specific lines and according to an established schedule
7	49.31002	2025	Interlokaal personenvervoer met autobussen of trams, op vaste routes en volgens een vaste dienstregeling	Transport interurbain de voyageurs, par autocar ou tramway, sur des lignes déterminées et conformément à un horaire établi	Personenbeförderung im Intercity-Verkehr per Bus oder Straßenbahn auf festen Strecken und nach festem Fahrplan	Interurban passenger transport by bus and tram, on specific lines and according to an established schedule
7	49.31003	2025	Exploitatie van schoolbussen, personeelsbussen, buslijnen van en naar een vliegveld, enz.	Exploitation d'autobus scolaires, de navettes vers les aéroports et les gares, le transport de personnel, etc.	Betrieb von Schulbussen, Personalbussen, Pendelbussen zu Flughäfen und Bahnhöfen usw	School bus operation, shuttles to airports and train stations, transport of personnel, etc.
4	49.32	2025	Personenvervoer over de weg zonder dienstregeling	Transport non régulier de voyageurs par route	Personenbeförderung im Gelegenheitsverkehr auf der Straße	Non-scheduled passenger transport by road
5	49.320	2025	Personenvervoer over de weg zonder dienstregeling	Transport non régulier de voyageurs par route	Personenbeförderung im Gelegenheitsverkehr auf der Straße	Non-scheduled passenger transport by road
7	49.32001	2025	Overig vervoer van personen met autocars of autobussen, zonder dienstregeling: chartervervoer, busreizen, toeristische excursies, enz.	Autres transports routiers de passagers, non réguliers: transports à la demande, excursions touristiques par autocar ou autobus, etc.	Sonstige Personenbeförderung mit Bussen ohne Fahrplan: Charterfahrten, Busreisen, touristische Ausflüge usw	Other road passenger transport, non-scheduled: transportation on demand, excursions by coach and bus, etc.
4	49.33	2025	Diensten voor personenvervoer op aanvraag per voertuig met chauffeur	Activités de service de transport de voyageurs sur demande par véhicule avec chauffeur	Personenbeförderung mit Fahrzeug mit Fahrer auf Abruf	On-demand passenger transport service activities by vehicle with driver
5	49.330	2025	Diensten voor personenvervoer op aanvraag per voertuig met chauffeur	Activités de service de transport de voyageurs sur demande par véhicule avec chauffeur	Personenbeförderung mit Fahrzeug mit Fahrer auf Abruf	On-demand passenger transport service activities by vehicle with driver
7	49.33001	2025	Exploitatie van taxi's	Exploitation de taxis	Betrieb von Taxis	Taxi operation
7	49.33002	2025	Verhuur van personenauto's met chauffeur	Location de voitures particulières avec chauffeur	Vermietung von Personenkraftwagen mit Fahrer	Rental of passenger cars with driver
4	49.34	2025	Personenvervoer met kabelbanen en skiliften	Transport de voyageurs par téléphériques et remontées mécaniques	Personenbeförderung mit Seilbahnen und Skiliften	Passenger transport by cableways and ski lifts
5	49.340	2025	Personenvervoer met kabelbanen en skiliften	Transport de voyageurs par téléphériques et remontées mécaniques	Personenbeförderung mit Seilbahnen und Skiliften	Passenger transport by cableways and ski lifts
4	49.39	2025	Overig personenvervoer te land, n.e.g.	Autre transport terrestre de voyageurs n.c.a.	Sonstige Personenbeförderung im Landverkehr a.n.g.	Other passenger land transport n.e.c.
5	49.390	2025	Overig personenvervoer te land, n.e.g.	Autre transport terrestre de voyageurs n.c.a.	Sonstige Personenbeförderung im Landverkehr a.n.g.	Other passenger land transport n.e.c.
7	49.39001	2025	Vervoer van personen met door dieren getrokken voertuigen	Transport de personnes par véhicules à traction animale	Personenbeförderung mit von Tieren gezogenen Fahrzeugen	Passenger transport by animal-drawn vehicles
7	49.39002	2025	Organisatie van carpooling en van overige vormen van gemeenschappelijk niet-openbaar vervoer van personen	Organisation de covoiturage et d'autres formes de transport en commun non public de personnes	Organisation von Fahrgemeinschaften und sonstigen Formen des nicht öffentlichen Personenverkehrs	Carpool organisation and other forms of pooled, non-public, transport
3	49.4	2025	Goederenvervoer over de weg en verhuisbedrijven	Transport routier de fret et services de déménagement	Güterbeförderung im Straßenverkehr, Umzugstransporte	Freight transport by road and removal services
4	49.41	2025	Goederenvervoer over de weg	Transport routier de fret	Güterbeförderung im Straßenverkehr	Freight transport by road
5	49.410	2025	Goederenvervoer over de weg	Transport routier de fret	Güterbeförderung im Straßenverkehr	Freight transport by road
7	49.41001	2025	Goederenvervoer langs de weg : vervoer van boomstammen, vee, auto's, afval, vervoer met koelwagens, zwaar internationaal vervoer, vervoer van bulkgoederen, inclusief vervoer in tankwagens	Transport de marchandises par route : transport de bois de sciage, de bétail, de voit, de déchets, transp frigorifique, transp lourd international, transp en vrac, y compris par camions-citernes	Güterbeförderung im Straßenverkehr : Beförderung von Baumstämmen, Vieh, Autos, Abfällen, Kühltransporte, internationale Schwertransporte, Schüttguttransporte einschließlich Beförderung in Tankwagen	Transport of goods by road: transport of lumber, cattle, cars, waste, refrigerated transport, international heavy transport, bulk transport, including tankers
7	49.41002	2025	Ophalen van melk en vervoer naar de zuivelfabriek	Collecte de lait et transport vers les unités de traitement du lait	Milcheinsammlung und Transport zu Milchverarbeitungsbetrieben	Milk collection and transportation to milk processing units
7	49.41003	2025	Vervoer van stortklare beton die niet door de eenheid zelf werd vervaardigd	Transport de béton, prêt à l'emploi, non fabriqué par l'unité même	Transport von nicht selbst hergestelltem Fertigbeton	Transport of concrete, ready to use, not manufactured by the same unit
7	49.41004	2025	Goederenvervoer met door mannen of dieren getrokken voertuigen	Transport de marchandises par véhicules à traction humaine ou animale	Gütertransport mit von Menschen oder Tieren gezogenen Fahrzeugen	Transport of goods by vehicles with human or animal traction
7	49.41005	2025	Verhuur van vrachtwagens met bestuurder	Location de camions avec conducteur	Lastwagenvermietung mit Fahrer	Rental of trucks with driver
4	49.42	2025	Verhuisactiviteiten	Activités de déménagement	Umzugstransporte	Removal services
5	49.420	2025	Verhuisactiviteiten	Activités de déménagement	Umzugstransporte	Removal services
7	49.42001	2025	Verhuizing van het meubilair van particulieren, kantoren, werkplaatsen of fabrieken	Déménagement de mobilier de particuliers, de bureaux, d'ateliers ou d'usines	Möbelumzug für Privatpersonen, Büros, Werkstätten oder Fabriken	Furniture moving, for individuals, offices, workshops or factories
7	49.42002	2025	Meubelbewaarplaatsen	Garde-meubles	Möbellager	Furniture storage
7	49.42003	2025	Levering van meubels en huishoudapparaten	Livraison de meubles et équipements ménagers	Lieferung von Möbeln und Haushaltsgeräten	Delivery of furniture and household equipment
3	49.5	2025	Vervoer via pijpleidingen	Transport par conduites	Transport in Rohrfernleitungen	Transport via pipeline
4	49.50	2025	Vervoer via pijpleidingen	Transport par conduites	Transport in Rohrfernleitungen	Transport via pipeline
5	49.500	2025	Vervoer via pijpleidingen	Transport par conduites	Transport in Rohrfernleitungen	Transport via pipeline
7	49.50001	2025	Vervoer van gassen, oliën en andere vloeistoffen via pijpleidingen	Transport de gaz, de liquides et d'autres substances, par conduites	Transport von Gas, Öl und anderen Flüssigkeiten in Rohrfernleitungen	Transport of gas, liquids and other substances via pipelines
7	49.50002	2025	Exploitatie van pompstations	Exploitation de stations de pompage	Betrieb von Pumpstationen	Operation of pumping stations 
2	50     	2025	Vervoer over water	Transport par eau	Schifffahrt	Water transport
3	50.1	2025	Personenvervoer over zee- en kustwateren	Transports maritimes et côtiers de passagers	Personenbeförderung in der Hochsee- und Küstenschifffahrt	Sea and coastal passenger water transport
4	50.10	2025	Personenvervoer over zee- en kustwateren	Transports maritimes et côtiers de passagers	Personenbeförderung in der Hochsee- und Küstenschifffahrt	Sea and coastal passenger water transport
5	50.100	2025	Personenvervoer over zee- en kustwateren	Transports maritimes et côtiers de passagers	Personenbeförderung in der Hochsee- und Küstenschifffahrt	Sea and coastal passenger water transport
7	50.10001	2025	Exploitatie van pleziervaartuigen, cruiseschepen en rondvaartboten	Exploitation de bateaux d'excursion, de croisière ou de tourisme	Betrieb von Ausflugs-, Kreuzfahrt- und Rundfahrtschiffen	Operation of tour, cruise or tourist boats
3	50.2	2025	Goederenvervoer over zee- en kustwateren	Transports maritimes et côtiers de fret	Güterbeförderung in der Hochsee- und Küstenschifffahrt	Sea and coastal freight water transport
4	50.20	2025	Goederenvervoer over zee- en kustwateren	Transports maritimes et côtiers de fret	Güterbeförderung in der Hochsee- und Küstenschifffahrt	Sea and coastal freight water transport
5	50.200	2025	Goederenvervoer over zee- en kustwateren	Transports maritimes et côtiers de fret	Güterbeförderung in der Hochsee- und Küstenschifffahrt	Sea and coastal freight water transport
7	50.20001	2025	Vervoer van goederen over water, al dan niet volgens een dienstregeling	Transport par eau, régulier ou non, de marchandises	Güterbeförderung auf dem Wasser mit oder ohne Fahrplan	Transport of goods by water, whether regular or not
7	50.20002	2025	Exploitatie van veerboten, watertaxi's, enz.	Exploitation de bacs, de bateaux-taxis, etc.	Betrieb von Fähren, Wassertaxis usw	Operation of ferries, taxi boats, etc.
7	50.20003	2025	Exploitatie van sleep- en duwboten	Exploitation de remorqueurs et de pousseurs de péniches	Betrieb von Schlepp- und Schubbooten	Operation of tugs and barge pushers
7	50.20004	2025	Verhuur van schepen met bemanning	Location de bateaux et navires avec équipage	Vermietung von Schiffen mit Mannschaft	Rental of boats and crewed ships
3	50.3	2025	Personenvervoer over binnenwateren	Transports fluviaux de passagers	Personenbeförderung in der Binnenschifffahrt	Inland passenger water transport
4	50.30	2025	Personenvervoer over binnenwateren	Transports fluviaux de passagers	Personenbeförderung in der Binnenschifffahrt	Inland passenger water transport
5	50.300	2025	Personenvervoer over binnenwateren	Transports fluviaux de passagers	Personenbeförderung in der Binnenschifffahrt	Inland passenger water transport
3	50.4	2025	Goederenvervoer over binnenwateren	Transports fluviaux de fret	Güterbeförderung in der Binnenschifffahrt	Inland freight water transport
4	50.40	2025	Goederenvervoer over binnenwateren	Transports fluviaux de fret	Güterbeförderung in der Binnenschifffahrt	Inland freight water transport
5	50.400	2025	Goederenvervoer over binnenwateren	Transports fluviaux de fret	Güterbeförderung in der Binnenschifffahrt	Inland freight water transport
7	50.40001	2025	Vervoer van goederen : - over rivieren, kanalen, meren en andere binnenwateren - binnen havens en dokken	Transport de marchandises: sur les fleuves, les canaux, les lacs et les autres voies navigables intérieures; à l'intérieur des ports et des docks	Güterbeförderung auf Flüssen, Kanälen, Seen und anderen Binnengewässern und innerhalb von Häfen und Docks	Freight transport: on rivers, canals, lakes and other inland waterways; within ports and docks
2	51     	2025	Luchtvaart	Transports aériens	Luftfahrt	Air transport
3	51.1	2025	Personenvervoer door de lucht	Transports aériens de passagers	Personenbeförderung in der Luftfahrt	Passenger air transport
4	51.10	2025	Personenvervoer door de lucht	Transports aériens de passagers	Personenbeförderung in der Luftfahrt	Passenger air transport
5	51.100	2025	Personenvervoer door de lucht	Transports aériens de passagers	Personenbeförderung in der Luftfahrt	Passenger air transport
7	51.10001	2025	Vervoer van personen door de lucht op vaste routes en volgens een vaste dienstregeling	Transport aérien de passagers sur des lignes régulières et selon des horaires réguliers	Personenbeförderung in der Luftfahrt auf festen Strecken und nach festem Flugplan	Air transport of passengers on scheduled routes and according to regular schedules
7	51.10002	2025	Vervoer van personen door de lucht zonder dienstregeling	Transport aérien non régulier de personnes	Personenbeförderung in der Luftfahrt ohne Flugplan	Non-scheduled air transport of persons
7	51.10003	2025	Al dan niet regelmatige chartervluchten	Vols par charters, réguliers ou non	Flüge mit Chartermaschinen, regelmäßige oder nicht	Charter flights, regular or not
7	51.10004	2025	Exploitatie van luchttaxi's	Exploitation d'avions-taxis	Betrieb von Lufttaxis	Operation of taxi aircraft
7	51.10005	2025	Uitvoeren van rondvluchten, luchtdopen, enz.	Excursions aériennes, les baptêmes de l'air, etc.	Rundflüge, Lufttaufen usw	Air excursions, sightseeing flights, etc.
7	51.10006	2025	Verhuur van vliegtuigen met piloot	Location d'avions avec pilote	Vermietung von Flugzeugen mit Pilot	Rental of aircraft with pilot
3	51.2	2025	Goederenvervoer door de lucht; ruimtevaart	Transports aériens de fret et transports spatiaux	Güterbeförderung in der Luftfahrt und Raumtransport	Freight air transport and space transport
4	51.21	2025	Goederenvervoer door de lucht	Transports aériens de fret	Güterbeförderung in der Luftfahrt	Freight air transport
5	51.210	2025	Goederenvervoer door de lucht	Transports aériens de fret	Güterbeförderung in der Luftfahrt	Freight air transport
4	51.22	2025	Ruimtevaart	Transports spatiaux	Raumtransport	Space transport
5	51.220	2025	Ruimtevaart	Transports spatiaux	Raumtransport	Space transport
2	52     	2025	Opslag en vervoerondersteunende activiteiten	Entreposage et services auxiliaires des transports	Lagerei sowie Erbringung von sonstigen Dienstleistungen für den Verkehr	Warehousing, storage and support activities for transportation
3	52.1	2025	Opslag	Entreposage et stockage	Lagerei	Warehousing and storage
4	52.10	2025	Opslag	Entreposage et stockage	Lagerei	Warehousing and storage
5	52.100	2025	Opslag	Entreposage et stockage	Lagerei	Warehousing and storage
7	52.10001	2025	Exploitatie voor rekening van derden van koel- en vrieskamers, koelpakhuizen, enz. voor alle soorten goederen, inclusief landbouwproducten	Exploitation pour compte de tiers d'installations d'entreposage frigorifique ou de lieux de stockage réfrigéré pour tous les types de produits, y compris les produits agricoles	Betrieb für Rechnung Dritter von Kühl- und Gefrierräumen, Kühllagern usw für alle Arten von Produkten, einschließlich Agrarprodukte	Operation on behalf of third parties of refrigerated storage or refrigerated storage facilities for all types of products, including agricultural products
7	52.10002	2025	Expl. voor rekening van derden van niet-gekoelde opslagvoorzieningen (silo's, pakhuizen, hangars, tanks, enz.) voor diverse goederen, inclusief landbouwproducten	Exploitation pour cpte de tiers d'install d'entreposage non frigorifiques (silos, entrepôts, hangars, citernes, etc.) pour ts types de mchdises, y compris les pdts agricoles	Betrieb für Rechnung Dritter von nicht gekühlten Lagerräumen (Silos, Lagerhäuser, Schuppen, Tanks, usw.) für verschiedene Warenarten, einschließlich Agrarprodukte	Expl. on behalf of others of non-refrigerated storage facilities (silos, warehouses, hangars, tanks, etc.) for miscellaneous goods, including agricultural products
7	52.10003	2025	Exploitatie voor rekening van derden van opslagfaciliteiten voor kunstwerken of roerende goederen van meer dan 50 jaar oud	Exploitation pour compte de tiers d'installations d'entreposage d'oeuvres d'art ou de biens meubles de plus de cinquante ans	Betrieb für Rechnung Dritter von Lagereinrichtungen für über 50 Jahre alte Kunstwerke oder bewegliche Güter	Operation on behalf of third parties of storage facilities for works of art or movable goods over 50 years old
3	52.2	2025	Vervoerondersteunende activiteiten	Services auxiliaires des transports	Erbringung von sonstigen Dienstleistungen für den Verkehr	Support activities for transportation
4	52.21	2025	Diensten in verband met vervoer te land	Services auxiliaires des transports terrestres	Erbringung von sonstigen Dienstleistungen für den Landverkehr	Service activities incidental to land transportation
5	52.210	2025	Diensten in verband met vervoer te land	Services auxiliaires des transports terrestres	Erbringung von sonstigen Dienstleistungen für den Landverkehr	Service activities incidental to land transportation
7	52.21001	2025	Exploitatie van spoorwegstations, busstations en goederenterminals	Exploitation de gares ferroviaires et routières et de terminaux de manutention de fret	Betrieb von Bahnhöfen, Busbahnhöfen und Güterterminals	Operation of railway and road stations and freight handling terminals
7	52.21002	2025	Exploitatie van autowegen, tunnels, bruggen, parkeerterreinen of -garages en rijwielstallingen	Exploitation d'autoroutes, de tunnels, de ponts, de parcs et emplacements de stationnement de véhicules et de garages pour bicyclettes	Betrieb von Autobahnen, Tunnels, Brücken, Parkplätzen und -häusern und Fahrradstellplätzen	Operation of motorways, tunnels, bridges, parks and parking spaces for vehicles and garages for bicycles
7	52.21003	2025	Exploitatie van winterstallingen voor caravans	Gardiennage de caravanes durant l'hiver	Betrieb von Winterstellplätzen für Wohnwagen	Caravan storage during the winter
7	52.21004	2025	Slepen van auto's en de hulpverlening bij pech onderweg	Remorquage et le dépannage routier	Abschlepp- und Pannendienste	Towing and roadside assistance
4	52.22	2025	Diensten in verband met vervoer over water	Services auxiliaires des transports par eau	Erbringung von sonstigen Dienstleistungen für die Schifffahrt	Service activities incidental to water transportation
5	52.220	2025	Diensten in verband met vervoer over water	Services auxiliaires des transports par eau	Erbringung von sonstigen Dienstleistungen für die Schifffahrt	Service activities incidental to water transportation
7	52.22001	2025	Exploitatie van havenfaciliteiten : pieren, kaaien, dokken, terminals, enz.	Exploitation d'installations portuaires: jetées, quais, bassins, terminaux, etc.	Betrieb von Hafeneinrichtungen: Molen, Kais, Becken, Terminals usw	Operation of port facilities: jetties, docks, ponds, terminals, etc.
7	52.22002	2025	Exploitatie van binnenhavens, binnenwateren en binnensluizen	Exploitation de ports fluviaux, voies fluviales et écluses	Betrieb von Binnenhäfen, Binnengewässern und Schleusen	Operation of river ports, waterways and locks
7	52.22003	2025	Navigatie, loodswezen, aan- en afmeren	Navigation, pilotage, mouillage	Navigation, Lotsenwesen, An- und Ablegen	Navigation, steering, mooring
7	52.22004	2025	Weer vlot trekken van schepen, reddings- en bergingsdiensten	Renflouement des navires, services de sauvetage	Wiederflottmachen von Schiffe, Rettungsdienste	Refloating of ships, rescue services
4	52.23	2025	Diensten in verband met de luchtvaart	Services auxiliaires des transports aériens	Erbringung von sonstigen Dienstleistungen für die Luftfahrt	Service activities incidental to air transportation
5	52.230	2025	Diensten in verband met de luchtvaart	Services auxiliaires des transports aériens	Erbringung von sonstigen Dienstleistungen für die Luftfahrt	Service activities incidental to air transportation
7	52.23001	2025	Gronddiensten voor het onderhoud van vliegtuigen	Services au sol d'entretien-maintenance des avions	Bodendienste für die Flugzeugwartung	Aircraft maintenance and maintenance ground services
7	52.23002	2025	Dienst voor brandbeveiliging en -bestrijding	Protection et la lutte contre les incendies	Feuerschutz- und Feuerbekämpfungsdienste	Protection and fire fighting
4	52.24	2025	Vrachtbehandeling	Manutention du fret	Frachtumschlag	Cargo handling
5	52.241	2025	Vrachtbehandeling in zeehavens	Manutention du fret portuaire	Frachtumschlag in Seehäfen	Cargo handling in ports
7	52.24101	2025	Laden en lossen van goederen en van bagage van reizigers in zeehavens	Chargement et déchargement de marchandises ou de bagages dans les ports maritimes	Laden und Löschen von Gütern und Reisegepäck in Seehäfen	Loading and unloading of goods or luggage in seaports
7	52.24102	2025	Stouwen van goederen	Arrimage et débardage de marchandises	Verladen und Verstauen von Gütern	Stowage and hauling of goods
5	52.249	2025	Overige vrachtbehandeling, exclusief in zeehavens	Autre manutention du fret sauf portuaire	Sonstiger Güterumschlag, in anderen Einrichtungen als Seehäfen	Other cargo handling except in ports
7	52.24901	2025	Laden, overladen en lossen van goederen en van bagage die vervoerd worden over de weg, per spoor, door de lucht of over binnenwateren	Chargement, transbordement et déchargement de marchandises et de bagages ailleurs que dans les ports maritimes (manutention routière, ferroviaire, fluviale et sur aéroports)	Laden, Umladen und Löschen von per Straße, Bahn, Luft und auf Binnengewässern beförderten Gütern und Gepäck	Loading, transshipment and unloading of goods and luggage other than at sea ports (road, rail, river and airport handling)
4	52.25	2025	Logistieke diensten	Activités de service logistique	Erbringung von Logistikdienstleistungen	Logistics service activities
5	52.250	2025	Logistieke diensten	Activités de service logistique	Erbringung von Logistikdienstleistungen	Logistics service activities
7	52.25001	2025	Expeditiekantoor	Agences d'expédition	Versandagenturen	Shipping agencies
7	52.25002	2025	Besteldiensten : het ophalen van vracht en het groeperen van individuele vracht voor de verzending, het distribueren en thuisbezorgen van vracht bij aankomst	Messageries: l'enlèvement de marchandises et le groupage d'envois individuels pour l'expédition, la distribution et la livraison des marchandises à l'arrivée	Kurierdienste: Abholung von Gütern und Zusammenstellung individueller Sendungen für den Versand, Verteilung und Lieferung der Waren bei der Ankunft	Messaging: the removal of goods and the grouping of individual items for the shipment, distribution and delivery of goods upon arrival
4	52.26	2025	Andere vervoerondersteunende activiteiten	Autres activités de soutien pour les transports	Erbringung von sonstigen Dienstleistungen für den Verkehr	Other support activities for transportation
5	52.260	2025	Andere vervoerondersteunende activiteiten	Autres activités de soutien pour les transports	Erbringung von sonstigen Dienstleistungen für den Verkehr	Other support activities for transportation
7	52.26001	2025	Scheepsbevrachting	Affrètement maritime	Seechartering	Maritime chartering
7	52.26002	2025	Toevertrouwen van niet-gegroepeerde vracht aan het openbaar vervoer (vervoer per spoor, over water, luchtvervoer of een combinatie daarvan)	Affrètement qui consiste à confier des envois sans groupage préalable à des transporteurs publics (transport ferroviaire, transport par eau, transport aérien ou une combinaison de ces moyens)	Beförderung von nicht zusammengestellten Sendungen mit öffentlichen Verkehrsmitteln (per Bahn, Luft und zu Wasser oder eine Kombination dieser Transportarten)	Chartering of entrusting consignments without prior grouping to public carriers (rail transport, water transport, air transport or a combination thereof)
7	52.26003	2025	Scheepsagentuur	Agences maritimes	Schiffahrtsagenturen	Shipping agencies
7	52.26004	2025	Activiteiten van vervoercommissionairs die contracten voor het vervoer van goederen afsluiten in eigen naam maar het vervoer zelf door derden laten uitvoeren	Activités des commissionnaires de transport qui concluent pour compte propre des contrats de transport de marchandises mais font effectuer le transport par des tiers	Tätigkeiten von Spediteuren, die auf eigene Rechnung Güterbeförderungsverträge abschliessen, den Transport jedoch von Dritten durchführen lassen	Activities of freight forwarders which enter into contracts for the carriage of goods on their own account but have the transport carried out by third parties
7	52.26005	2025	Activiteiten van commissionair-expediteurs, enz.	Activités des commissionnaires-expéditeurs, etc.	Speditionstätigkeiten usw.	Activities of commission-shippers, etc.
7	52.26006	2025	Overige activiteiten ivm de organisatie van het vrachtvervoer	Autres activités annexes de l'organisation du transport de fret	Sonstige Zusatztätigkeiten für die Organisation des Frachttransportes	Other activities related to the organisation of freight transport
3	52.3	2025	Bemiddelingsactiviteiten in verband met vervoer	Activités de service d’intermédiation pour les transports	Vermittlungstätigkeiten für den Verkehr	Intermediation service activities for transportation
4	52.31	2025	Bemiddelingsactiviteiten in verband met goederenvervoer	Activités de service d’intermédiation pour le transport de fret	Vermittlungstätigkeiten für die Güterbeförderung	Intermediation service activities for freight transportation
5	52.310	2025	Bemiddelingsactiviteiten in verband met goederenvervoer	Activités de service d’intermédiation pour le transport de fret	Vermittlungstätigkeiten für die Güterbeförderung	Intermediation service activities for freight transportation
7	52.31001	2025	Activiteiten van vervoermakelaars	Activités des courtiers de transport	Frachtmakleraktivitäten	Activities of transport brokers
4	52.32	2025	Bemiddelingsactiviteiten in verband met personenvervoer	Activités de service d’intermédiation pour le transport de passagers	Vermittlungstätigkeiten für die Personenbeförderung	Intermediation service activities for passenger transportation
5	52.320	2025	Bemiddelingsactiviteiten in verband met personenvervoer	Activités de service d’intermédiation pour le transport de passagers	Vermittlungstätigkeiten für die Personenbeförderung	Intermediation service activities for passenger transportation
7	52.32001	2025	Exploitatie van oproepcentrales voor taxi's	Exploitation de centrales d'appel pour taxis	Betrieb von Taxirufzentralen	Operation of call centres for taxis
2	53     	2025	Post- en koeriersdiensten	Activités de poste et de courrier	Post-, Kurier- und Expressdienste	Postal and courier activities
3	53.1	2025	Postdiensten in het kader van de universele dienstverplichting	Activités de poste dans le cadre d’une obligation de service universel	Postdienste von Universaldienstleistungsanbietern	Postal activities under universal service obligation
4	53.10	2025	Postdiensten in het kader van de universele dienstverplichting	Activités de poste dans le cadre d’une obligation de service universel	Postdienste von Universaldienstleistungsanbietern	Postal activities under universal service obligation
5	53.100	2025	Postdiensten in het kader van de universele dienstverplichting	Activités de poste dans le cadre d’une obligation de service universel	Postdienste von Universaldienstleistungsanbietern	Postal activities under universal service obligation
7	53.10001	2025	Verzamelen, vervoeren en afleveren van post en pakjes in binnen- en buitenland	Levée, acheminement et distribution du courrier et des colis	Sammlung, Verteilung und Lieferung von Post und Paketen	Collection, routing and distribution of mail and parcels
7	53.10002	2025	Ophalen van post en pakjes uit openbare brievenbussen en van postkantoren	Collecte du courrier et des colis dans les boîtes à lettres publiques ou les bureaux de poste	Sammlung von Post und Paketen in öffentlichen Briefkästen oder Postämtern	Collection of mail and parcels in public mailboxes or post offices
7	53.10003	2025	Distributie en aflevering van poststukken	Distribution et la livraison du courrier et des colis	Verteilung und Lieferung von Post und Paketen	Distribution and delivery of mail and parcels
3	53.2	2025	Overige posterijen en koeriers	Autres activités de poste et de courrier	Sonstige Post-, Kurier- und Expressdienste	Other postal and courier activities
4	53.20	2025	Overige posterijen en koeriers	Autres activités de poste et de courrier	Sonstige Post-, Kurier- und Expressdienste	Other postal and courier activities
5	53.200	2025	Overige posterijen en koeriers	Autres activités de poste et de courrier	Sonstige Post-, Kurier- und Expressdienste	Other postal and courier activities
7	53.20001	2025	Verzamelen, vervoeren en afleveren van brieven, pakketpost en pakjes door andere bedrijven dan de nationale posterijen Er kan gebruik worden gemaakt van diverse takken van vervoer	Levée, acheminement et distribution de lettres, colis et paquets par des entr autres que l'admininistration postale nationale Il peut être fait appel à un seul ou à plusieurs modes de transp	Einsammlung, Beförderung und Verteilung von Briefpost, Päckchen und Paketen durch andere Betriebe als nationale Postunternehmen unter Einsatz von verschiedenen Beförderungsmitteln	Collection, routing and distribution of letters, parcels and parcels by enterprises other than the national postal administration One or more methods of transport may be used
7	53.20011	2025	Bezorgen van expresvracht, enz.	Livraison de fret express	Lieferung von Eilsendungen	Delivery of express freight
3	53.3	2025	Bemiddelingsactiviteiten in verband met post- en koeriersdiensten	Activités de service d’intermédiation pour des activités de poste et de courrier	Vermittlungstätigkeiten für Post-, Kurier- und Expressdienstleistungen	Intermediation service activities for postal and courier activities
4	53.30	2025	Bemiddelingsactiviteiten in verband met post- en koeriersdiensten	Activités de service d’intermédiation pour des activités de poste et de courrier	Vermittlungstätigkeiten für Post-, Kurier- und Expressdienstleistungen	Intermediation service activities for postal and courier activities
5	53.300	2025	Bemiddelingsactiviteiten in verband met post- en koeriersdiensten	Activités de service d’intermédiation pour des activités de poste et de courrier	Vermittlungstätigkeiten für Post-, Kurier- und Expressdienstleistungen	Intermediation service activities for postal and courier activities
2	55     	2025	Verschaffen van accommodatie	Hébergement	Beherbergung	Accommodation
3	55.1	2025	Hotels en dergelijke accommodatie	Hôtels et hébergement similaire	Hotels, Gasthöfe und Pensionen	Hotels and similar accommodation
4	55.10	2025	Hotels en dergelijke accommodatie	Hôtels et hébergement similaire	Hotels, Gasthöfe und Pensionen	Hotels and similar accommodation
5	55.100	2025	Hotels en dergelijke accommodatie	Hôtels et hébergement similaire	Hotels, Gasthöfe und Pensionen	Hotels and similar accommodation
7	55.10001	2025	Verschaffen van logies voor kortstondig verblijf, al dan niet in combinatie met het verschaffen van maaltijden, in : hotels, motels en pensions (met hotel-service)	Services d'hébergement pour séjours de courte durée, en liaison ou non avec l'exploitation d'un restaurant, dans hôtels, motels et auberges (avec service hôtelier)	Zurverfügungstellung von Unterkünften für Kurzzeitaufenthalte (mit oder ohne Mahlzeiten) in Hotels, Motels und Pensionen (mit Hotelservice)	Short-stay accommodation services, whether or not associated with the operation of a restaurant, in hotels, motels and inns (with hotel services)
7	55.10002	2025	Hotels en motels, met restaurant	Hôtels, motels, avec restaurant	Hotels und Motels mit Restaurant	Hotels, motels, with restaurant
3	55.2	2025	Vakantieverblijven en andere accommodatie voor kort verblijf	Hébergement touristique et autre hébergement de courte durée	Ferienunterkünfte und ähnliche Beherbergungsstätten	Holiday and other short-stay accommodation
4	55.20	2025	Vakantieverblijven en andere accommodatie voor kort verblijf	Hébergement touristique et autre hébergement de courte durée	Ferienunterkünfte und ähnliche Beherbergungsstätten	Holiday and other short-stay accommodation
5	55.201	2025	Jeugdherbergen en jeugdverblijfcentra	Auberges pour jeunes	Jugendherbergen und -unterkünfte	Youth hostels
7	55.20101	2025	Jeugdherbergen en berghutten	Auberges de jeunesse, refuges	Jugendherbergen und Berghütten	Youth hostels, refuges
5	55.202	2025	Vakantieparken	Centres et villages de vacances	Ferienzentren und Feriendörfer	Holiday resorts and villages
7	55.20201	2025	Vakantiecentra en -dorpen (inclusief bungalow- en chalet parken) met of zonder restaurant en sportinfrastructuur ten behoeve van de toeristen	Centres et villages de vacances (y compris les parcs résidentiels de bungalows et chalets) avec ou sans restaurant et infrastructure de sports à usage des touristes	Urlaubszentren und -dörfer (inkl Bungalow- und Ferienhausanlagen), mit oder ohne Restaurant und Sportmöglichkeiten für Touristen	Holiday centres and villages (including residential parks of bungalows and chalets) with or without restaurant and sport infrastructure for tourists
5	55.203	2025	Gites, vakantiewoningen en -appartementen	Gîtes de vacances, appartements et meublés de vacances	Ferienunterkünfte und -wohnungen	Homes and apartments for holiday
7	55.20301	2025	Verschaffen van logies voor kortstondig verblijf in vakantiehuisjes en -appartementen	Mise à disposition de logement pour des séjours de courte durée dans des maisons et appartements des vacances	Zurverfügungstellung von Unterkünften für Kurzzeitaufenthalte in Ferienhäusern und -wohnungen	Provision of accommodation for short stays in holiday homes and apartments
7	55.20302	2025	Kortstondig verblijf op hoeven	Hébergement de courte durée à la ferme	Unterkünfte auf Bauernhöfen für Kurzaufenthalte	Short-term accommodation on farms
5	55.204	2025	Gastenkamers	Chambres d'hôtes	Fremdenzimmer	Guest rooms
5	55.209	2025	Vakantieverblijven en andere accommodatie voor kort verblijf, n.e.g.	Hébergement touristique et autre hébergement de courte durée n.c.a.	Ferienunterkünfte für Kurzaufenthalte a.n.g.	Holiday and other short-stay accommodation n.e.c.
7	55.20901	2025	Vakantiekolonies voor kinderen en volwassenen	Colonies de vacances pour enfants ou adultes	Ferienheime für Kinder oder Erwachsene	Colonies for children or adults
7	55.20902	2025	Overige accomodaties voor kortstondig verblijf, n.e.g.	Autres moyens d'hébergement de courte durée n.c.a.	Sonstiges Beherbergungsgewerbe a.n.g.	Other means of short-term accommodation nes
3	55.3	2025	Kampeer- en caravanterreinen	Terrains de camping et parcs pour caravanes ou véhicules de loisirs	Campingplätze	Camping grounds and recreational vehicle parks
4	55.30	2025	Kampeer- en caravanterreinen	Terrains de camping et parcs pour caravanes ou véhicules de loisirs	Campingplätze	Camping grounds and recreational vehicle parks
5	55.300	2025	Kampeer- en caravanterreinen	Terrains de camping et parcs pour caravanes ou véhicules de loisirs	Campingplätze	Camping grounds and recreational vehicle parks
7	55.30001	2025	Kampeerterreinen	Exploitation de terrains de camping	Betrieb von Campingplätzen	Operation of camping sites
3	55.4	2025	Bemiddelingsactiviteiten in verband met accommodatie	Activités de service d’intermédiation pour l’hébergement	Vermittlungstätigkeiten für Beherbergungsdienstleistungen	Intermediation service activities for accommodation
4	55.40	2025	Bemiddelingsactiviteiten in verband met accommodatie	Activités de service d’intermédiation pour l’hébergement	Vermittlungstätigkeiten für Beherbergungsdienstleistungen	Intermediation service activities for accommodation
5	55.400	2025	Bemiddelingsactiviteiten in verband met accommodatie	Activités de service d’intermédiation pour l’hébergement	Vermittlungstätigkeiten für Beherbergungsdienstleistungen	Intermediation service activities for accommodation
3	55.9	2025	Overige accommodatie	Autres hébergements	Sonstige Beherbergungsstätten	Other accommodation
4	55.90	2025	Overige accommodatie	Autres hébergements	Sonstige Beherbergungsstätten	Other accommodation
5	55.900	2025	Overige accommodatie	Autres hébergements	Sonstige Beherbergungsstätten	Other accommodation
7	55.90001	2025	Verschaffen van collectief logies aan studenten, seizoenarbeiders, migrantenwerknemers, enz.	Mise à disposition d'hébergement collectif à des étudiants, ouvriers saisonniers, etc.	Zurverfügungstellung von Kollektivunterkünften für Studenten, Saisonarbeiten, usw	Provision of collective accommodation for students, seasonal workers, etc.
2	56     	2025	Activiteiten van eet- en drinkgelegenheden	Activités de service de restauration	Gastronomie	Food and beverage service activities
3	56.1	2025	Activiteiten van restaurants en mobiele eetgelegenheden	Activités de restaurant et de service de restauration mobile	Restaurants, Gaststätten, Imbissstuben, Cafés, Eissalons u Ä	Restaurants and mobile food service activities
4	56.11	2025	Activiteiten van restaurants	Activités de restaurant	Restaurants, Gaststätten, Imbissstuben, Cafés, Eissalons u Ä	Restaurant activities
5	56.111	2025	Activiteiten van eetgelegenheden met volledige bediening	Restauration à service complet	Restaurants mit Vollbedienung	Activities of full-service restaurants
7	56.11101	2025	Restaurant van het traditionele type	Restauration de type traditionnel	Restaurants mit herkömmlicher Bedienung	Traditional restaurants
7	56.11102	2025	Verkoop van maaltijden aan boord van schepen en restauratiewagens	Vente de repas à bord de navires ou de voitures-restaurants	Verkauf von Mahlzeiten an Bord von Schiffen oder in Speisewagen	Sales of meals on board of ships or restaurant cars
7	56.11103	2025	Restaurants gespecialiseerd in de organisatie van gastronomische weekends, exotische eethuizen, enz.	Restaurants spécialisés en week-ends gastronomiques, les restaurants exotiques, etc.	Restaurants, die auf gastronomische Wochenenden spezialisiert sind, exotische Restaurants usw	Restaurants specialising in gastronomic weekends, exotic restaurants, etc.
7	56.11104	2025	Restaurants met een beperkt aantal kamers (max5) ten behoeve van de eigen cliënteel	Restaurants disposant de quelques chambres (max 5) à usage de leur propre clientèle	Restaurants, die für ihre eigene Kundschaft über einige Zimmer (max 5) verfügen	Restaurants with few rooms (max 5) for their own clientele
7	56.11105	2025	Café-restaurants (tavernen)	Cafés-restaurants (tavernes)	Cafés-Restaurants (Tavernen)	Coffee shops (taverns)
5	56.112	2025	Activiteiten van eetgelegenheden met beperkte bediening, muv mobiele eetgelegenheden	Restauration à service restreint, à l'exclusion de restauration mobile	Restaurants mit beschränkter Bedienung, mit Ausnahme von mobiler Gastronomie	Activities of limited-service restaurants, except mobile food service activities
7	56.11201	2025	Verkoop aan de toog of via telefoon, fax, internet van eetwaren en dranken : snelbuffetten (snackbars, sandwichbars, enz.)	Vente au comptoir ou par téléphone, fax, internet d'aliments et de boissons : établissements de restauration rapide (snack-bars, sandwiches-bars, etc.)	Verkauf an der Theke oder per Telefon, Fax, Internet von Speisen und Getränken: Fast-food-Restaurants wie Snackbars, Sandwichbars usw	Counter sales or by telephone, fax or internet of food and beverage: fast food outlets (snack bars, sandwich bars, etc.)
7	56.11202	2025	Verkoop aan de toog of via telefoon, fax, internet van eetwaren en dranken : frietkramen, hotdogstalletjes, enz.	Vente au comptoir ou par téléphone, fax, internet d'aliments et de boissons à consommer sur place : friteries, échoppes de hot-dogs, etc.	Verkauf an der Theke oder per Telefon, Fax, Internet von Speisen und Getränken zum Verzehr an Ort und Stelle: Frittenbuden, Hot-Dog-Stände usw	Counter sales or by telephone, fax or internet of food and beverage to consume on the spot: fries, hot dog stalls, etc. :
7	56.11203	2025	Verkoop aan de toog of via telefoon, fax, internet van eetwaren en dranken : croissanteries, crêperies en warmewafelkramen	Vente au comptoir ou par téléphone, fax, internet d'aliments et de boissons : croissanteries, crêperies et gaufreries	Verkauf an der Theke oder per Telefon, Fax, Internet von Speisen und Getränken: Croissant-, Pfannkuchen- und Waffelstände	Counter sales or by telephone, fax or internet of food and beverage:  croissants, crêperies and waffles
7	56.11204	2025	Verkoop aan de toog of via telefoon, fax, internet van eetwaren en dranken :  tearooms, ijssalons, enz.	Vente au comptoir ou par téléphone, fax, internet d'aliments et de boissons : laiteries, salons de thé, salons de dégustation de crèmes glacées, etc.	Verkauf an der Theke oder per Telefon, Fax, Internet von Speisen und Getränken: Teesalons, Eisdielen usw	Counter sales or by telephone, fax or internet of food and beverage:  dairies, tea rooms, ice cream parlours, etc.
7	56.11205	2025	Verkoop aan de toog of via telefoon, fax, internet van eetwaren en dranken : cafetaria's	Vente au comptoir ou par téléphone, fax, internet d'aliments et de boissons : cafétérias	Verkauf an der Theke oder per Telefon, Fax, Internet von Speisen und Getränken: Cafeterien	Counter sales or by telephone, fax or internet of food and beverage:  cafeterias
7	56.11206	2025	Verkoop aan de toog of via telefoon, fax, internet van eetwaren en dranken : drive-in restaurants	Vente au comptoir ou par téléphone, fax, internet  d'aliments et de boissons : services au volant (drive-in)	Verkauf an der Theke oder per Telefon, Fax, Internet von Speisen und Getränken: Drive-in-Restaurants	Counter sales or by telephone, fax or internet of food and beverage:  Drive-in services
7	56.11207	2025	Verkoop aan de toog of via telefoon, fax, internet van eetwaren en dranken : pizzeria's	Vente au comptoir ou par téléphone, fax, internet d'aliments et de boissons : pizzerias	Verkauf an der Theke oder per Telefon, Fax, Internet von Speisen und Getränken: Pizzerien	Counter sales or by telephone, fax or internet of food and beverage:  pizzerias
4	56.12	2025	Activiteiten van mobiele eetgelegenheden	Activités de service de restauration mobile	Mobile Gastronomie	Mobile food service activities
5	56.120	2025	Activiteiten van mobiele eetgelegenheden	Activités de service de restauration mobile	Mobile Gastronomie	Mobile food service activities
3	56.2	2025	Catering van evenementen, cateringdiensten op contractbasis en overige diensten in verband met maaltijden	Activités de traiteur événementiel, de service contractuel de restauration et autres activités de service de restauration	Caterer und Erbringung sonstiger Verpflegungsdienstleistungen	Event catering, contract catering service activities and other food service activities
4	56.21	2025	Catering van evenementen	Activités de traiteur événementiel	Event-Caterer	Event catering activities
5	56.210	2025	Catering van evenementen	Activités de traiteur événementiel	Event-Caterer	Event catering activities
7	56.21001	2025	Klaarmaken, thuisbezorgen en eventueel serveren van maaltijden en bereide schotels	Préparation, la livraison à domicile et le service de repas et de plats cuisinés	Zubereitung und Hauslieferung und eventl Servieren von Mahlzeiten und Fertiggerichten	Preparation, home delivery and service of meals and cooked meals
7	56.21002	2025	Organiseren en verzorgen van bruiloften, banketten, cocktails, lunches, recepties, enz.	Organisation de noces, banquets, cocktails, buffets, lunches et réceptions diverses	Organisation von Hochzeiten, Banketts, Cocktails, Büfetts, Lunchs, Empfängen usw	Organisation of weddings, banquets, cocktails, buffets, lunches and receptions
4	56.22	2025	Cateringdiensten op contractbasis en overige diensten in verband met maaltijden	Activités de service contractuel de restauration et autres activités de service de restauration	Sonstige Caterer und Erbringung sonstiger Verpflegungsdienstleistungen	Contract catering service activities and other food service activities
5	56.220	2025	Cateringdiensten op contractbasis en overige diensten in verband met maaltijden	Activités de service contractuel de restauration et autres activités de service de restauration	Sonstige Caterer und Erbringung sonstiger Verpflegungsdienstleistungen	Contract catering service activities and other food service activities
7	56.22001	2025	Bereiden van maaltijden en spijzen in centrale keukens, voor rekening van derden, zoals voor : - luchtvaartmaatschappijen - kantines, bedrijfsrestaurants, enz.	Préparation de repas et de mets dans les cuisines centrales pour le compte de tiers, tels les: compagnies aériennes, cantines, restaurants d'entreprises, etc.	Zubereitung von Mahlzeiten und Speisen in Zentralküchen für Rechnung Dritter wie: Luftfahrtgesellschaften, Kantinen, Betriebskantinen, usw	Preparation of meals and food in the central kitchens for third parties, such as: airlines, canteens, restaurants, etc.
3	56.3	2025	Activiteiten van drinkgelegenheden	Activités de débit de boissons	Ausschank von Getränken	Beverage serving activities
4	56.30	2025	Activiteiten van drinkgelegenheden	Activités de débit de boissons	Ausschank von Getränken	Beverage serving activities
5	56.301	2025	Cafés en bars	Cafés et bars	Schankwirtschaften	Cafés and bars
5	56.302	2025	Discotheken, dancings en dergelijke	Discothèques, dancings et similaires	Diskotheken, Tanzlokale uä	Nightclubs, dance halls and the like
7	56.30201	2025	Regelmatige exploitatie van discotheken, dancings en privé-clubs, die hun omzet verwezenlijken door de verkoop van dranken, ook indien entreekaarten worden verkocht die recht geven op consumpties	Exploitation régul de discothèques, salles de bal et clubs privés, qui réalisent leur CA par la vente de boissons, avec ou sans obligation d'achat de tickets d'entrée donnant droit à des consomm	Regelmässiger Betrieb von Diskotheken, Ballsälen und Privatclubs, die Ihren Umsatz aus dem Verkauf von Getränken erzielen, auch wenn Eintrittkarten, die Anrecht auf Getränke geben, verkauft werden	Regular operation of discotheques,ballrooms and private clubs,which realize their CA by the trade of drinks,with or without obligation to purchase entrance tickets giving entitlement to consumption
5	56.309	2025	Andere drinkgelegenheden	Autres débits de boissons	Sonstige Getränkeausschänke	Other beverage serving activities
3	56.4	2025	Bemiddelingsactiviteiten in verband met eet- en drinkgelegenheden	Activités de service d’intermédiation pour des activités de service de restauration	Vermittlungstätigkeiten für gastronomische Dienstleistungen	Intermediation service activities for food and beverage services activities
4	56.40	2025	Bemiddelingsactiviteiten in verband met eet- en drinkgelegenheden	Activités de service d’intermédiation pour des activités de service de restauration	Vermittlungstätigkeiten für gastronomische Dienstleistungen	Intermediation service activities for food and beverage services activities
5	56.400	2025	Bemiddelingsactiviteiten in verband met eet- en drinkgelegenheden	Activités de service d’intermédiation pour des activités de service de restauration	Vermittlungstätigkeiten für gastronomische Dienstleistungen	Intermediation service activities for food and beverage services activities
2	58     	2025	Activiteiten van uitgeverijen	Activités d’édition	Verlagswesen	Publishing activities
3	58.1	2025	Activiteiten van uitgeverijen van boeken en kranten en overige activiteiten van uitgeverijen, met uitzondering van het uitgeven van software	Édition de livres, de journaux et autres activités d’édition, à l’exception de l’édition de logiciels	Verlegen von Büchern und Zeitungen sowie sonstiges Verlagswesen, ohne Software	Publishing of books, newspapers and other publishing activities, except software publishing
4	58.11	2025	Uitgeven van boeken	Édition de livres	Verlegen von Büchern	Publishing of books
5	58.110	2025	Uitgeven van boeken	Édition de livres	Verlegen von Büchern	Publishing of books
7	58.11001	2025	Uitgeverijen van boeken, schoolboeken, brochures, enz.	Edition de livres, de livres scolaires, de brochures, etc.	Verlegen von Büchern, Schulbüchern, Broschüren usw	Publishing of books, school books, brochures, etc.
7	58.11002	2025	Uitgeverijen van woordenboeken en encyclopedieën	Edition de dictionnaires et d'encyclopédies	Verlegen von Wörterbüchern und enz.yklopädien	Publishing of dictionaries and encyclopaedias
7	58.11003	2025	Uitgeverijen van atlassen, landkaarten en plattegronden	Edition d'atlas, de cartes et de plans	Verlegen von Atlanten, Karten und Plänen	Publishing of atlases, maps and plans
4	58.12	2025	Uitgeven van kranten	Édition de journaux	Verlegen von Zeitungen	Publishing of newspapers
5	58.120	2025	Uitgeven van kranten	Édition de journaux	Verlegen von Zeitungen	Publishing of newspapers
4	58.13	2025	Uitgeven van tijdschriften	Édition de revues et de périodiques	Verlegen von Zeitschriften	Publishing of journals and periodicals
5	58.130	2025	Uitgeven van tijdschriften	Édition de revues et de périodiques	Verlegen von Zeitschriften	Publishing of journals and periodicals
7	58.13001	2025	Uitgeverijen van kranten, streekkranten en reclamebladen	Edition de journaux et de journaux régionaux (y compris les journaux publicitaires)	Verlegen von Zeitungen und regionalen Zeitungen (einschließlich Werbeblättern)	Publishing of newspapers and regional newspapers (including advertising mail)
4	58.19	2025	Overige activiteiten van uitgeverijen, met uitzondering van het uitgeven van software	Autres activités d’édition, à l’exception de l’édition de logiciels	Sonstiges Verlagswesen, ohne Software	Other publishing activities, except software publishing
5	58.190	2025	Overige activiteiten van uitgeverijen, met uitzondering van het uitgeven van software	Autres activités d’édition, à l’exception de l’édition de logiciels	Sonstiges Verlagswesen, ohne Software	Other publishing activities, except software publishing
7	58.19001	2025	Uitgeverijen van : foto's, gravures en prentkaarten; kalenders en dienstregelingen; posters en reproducties van kunstwerken	Edition de : photos, gravures et cartes postales illustrées ; calendriers, horaires et tableaux de service ; affiches et reproduction d'oeuvres d'art	Verlegen von von Fotos, Gravüren und Postkarten; Kalendern und Fahrplänen; Plakaten und Reproduktionen von Kunstwerken	Publishing of: photographs, engravings and illustrated postcards; calendars, timetables and roster schedules; posters and reproduction of works of art
3	58.2	2025	Uitgeven van software	Édition de logiciels	Verlegen von Software	Software publishing
4	58.21	2025	Uitgeven van computerspellen	Édition de jeux vidéo	Verlegen van Computerspiele	Publishing of video games
5	58.210	2025	Uitgeven van computerspellen	Édition de jeux vidéo	Verlegen van Computerspiele	Publishing of video games
4	58.29	2025	Uitgeven van overige software	Édition d’autres logiciels	Verlegen van sonstiger Software	Other software publishing
5	58.290	2025	Uitgeven van overige software	Édition d’autres logiciels	Verlegen van sonstiger Software	Other software publishing
2	59     	2025	Productie van films en video- en televisieprogramma’s, maken van geluidsopnamen en uitgeverijen van muziekopnamen	Production de films cinématographiques, de vidéos et de programmes de télévision; enregistrement sonore et édition musicale	Herstellung, Verleih und Vertrieb von Filmen und Fernsehprogrammen; Kinos; Tonstudios und Verlegen von Musik	Motion picture, video and television programme production, sound recording and music publishing activities
3	59.1	2025	Activiteiten in verband met films en video- en televisieprogramma’s	Activités cinématographiques, vidéo et de télévision	Herstellung von Filmen und Fernsehprogrammen, deren Verleih und Vertrieb, Kinos	Motion picture, video and television programme activities
4	59.11	2025	Productie van films en video- en televisieprogramma’s	Production de films cinématographiques, de vidéos et de programmes de télévision	Herstellung von Filmen, Videofilmen und Fernsehprogrammen	Motion picture, video and television programme production activities
5	59.111	2025	Productie van bioscoopfilms	Production de films cinématographiques	Produktion von Kinofilmen	Motion picture production activities
7	59.11101	2025	Productie en realisatie van speelfilms met een normale lengte of van korte films, in beginsel bestemd voor projectie in bioscopen	Production et réalisation de films d'auteurs, courts ou longs métrages, destinés principalement à la projection dans les salles	Produktion und Realisation von hauptsächlich für die Vorführung in Kinos bestimmten Autorenfilmen (Kurz- und Langfilme)	Production and realisation of films by authors, short films or feature films intended mainly for screening in cinemas
5	59.112	2025	Productie van televisiefilms	Production de films pour la télévision	Produktion von Fernsehfilmen	Television film production activities
7	59.11201	2025	Productie en realisatie van films van diverse aard (series, televisiefilms, documentaires, enz.) in beginsel enkel bestemd voor vertoning op de televisie	Production et réalisation de films de tous types (séries, téléfilms, documentaires, etc.) destinés à la diffusion télévisuelle	Produktion und Realisation von Filmen aller Art (Serien, Fernsehfilme, Dokumentarfilme usw), für die Fernsehausstrahlung	Production and production of films of all types (series, television films, documentaries, etc.) intended for television broadcasting
5	59.113	2025	Productie van video en film, muv bioscoop- en televisiefilms	Production de vidéos et de films, à l’exception des films cinématographiques et des films pour la télévision	Filmproduktion, mit Ausnahme von Kino- und Fernsehfilmen	Video and film production activities, except motion picture and television films
7	59.11301	2025	Productie en realisatie van publicitaire films en promotiefilms, films over technische onderwerpen of over bedrijven, films met educatieve inhoud of voor vormingsdoeleinden, videoclips	Production et réalisation de films publicitaires et films promotionnels, films techniques et d'entreprise, films à caractère éducatif ou de formation, clips vidéo	Produktion und Realisation von Werbefilmen und Promotionfilmen, technischen Filmen, Unternehmensfilmen, Bildungs- und Unterrichtsfilmen, Videoclips	Production and realisation of commercials and promotional films, technical and corporate films, educational and training films, video clips
7	59.11302	2025	Productie en realisatie in speciale laboratoria van teken- of animatiefilms	Production et réalisation de dessins animés par des laboratoires spécialisés	Produktion und Realisation von Zeichentrickfilmen durch spezialisierte Studios	Production and realisation of cartoons by specialised laboratories
5	59.114	2025	Productie van televisieprogramma's	Production de programmes pour la télévision	Produktion von Fernsehprogrammen	Television programme production activities
7	59.11401	2025	Productie van televisieprogramma's die niet door het bedrijf zelf uitgezonden worden	Production de programmes de télévision non diffusés par leur producteur	Produktion von nicht durch den Produzenten ausgestrahlten Fernsehprogrammen	Production of television programmes not broadcast by their producers
7	59.11402	2025	Activiteiten van de onafhankelijke productiehuizen	Activités des maisons de production indépendantes	Tätigkeiten von unabhängigen Produktionshäusern	Activities of independent production companies
4	59.12	2025	Activiteiten in verband met films en video- en televisieprogramma’s na de productie	Post-production de films cinématographiques, de vidéos et de programmes de télévision	Nachbearbeitung und sonstige Filmtechnik	Motion picture, video and television programme post-production activities
5	59.120	2025	Activiteiten in verband met films en video- en televisieprogramma’s na de productie	Post-production de films cinématographiques, de vidéos et de programmes de télévision	Nachbearbeitung und sonstige Filmtechnik	Motion picture, video and television programme post-production activities
7	59.12001	2025	Voor rekening van derden uitgeoefende activiteiten die aan de filmproductie verwant zijn : nasynchroniseren, speciale effecten, ontwikkelen, monteren, inkleuren, dubben, ondertiteling, enz.	Activités connexes à la production de films exercées pour le compte de tiers : postsynchronisation, effets spéciaux, développement, montage, coloriage, doublage, sous-titrage, etc.	Für Rechnung Dritter ausgeführte, mit Filmproduktion zusammenhängende Tätigkeiten: Postproduktion, Sondereffekte, Entwicklung, Montage, Nachfärbung, Synchronierung, Untertitelung usw	Activities related to the production of films on behalf of others: post-synchronisation, special effects, development, editing, colouring, dubbing, subtitling, etc.
7	59.12002	2025	Activiteiten van filmstudio's, inclusief de terbeschikkingstelling van technisch materieel	Activités des studios de cinéma, y compris la mise à disposition de matériel technique	Tätigkeiten der Filmstudios, einschließlich Bereitstellung von technischem Material	Activities of film studios, including the provision of technical equipment
4	59.13	2025	Activiteiten op het gebied van de distributie van films en video’s	Distribution de films cinématographiques et de vidéos	Filmverleih und -vertrieb, nicht an private Haushalte	Motion picture and video distribution activities
5	59.130	2025	Activiteiten op het gebied van de distributie van films en video’s	Distribution de films cinématographiques et de vidéos	Filmverleih und -vertrieb, nicht an private Haushalte	Motion picture and video distribution activities
7	59.13001	2025	Distributie (verkoop of verhuur) van bioscoopfilms en video-opnamen aan andere eenheden, maar niet aan het publiek	Distribution (vente ou location) de films cinématographiques et de bandes de vidéo à d'autres unités, mais non au public général	Vertrieb (Verkauf oder Vermietung) von Kinofilmen und Videoaufnahmen an andere Einheiten (nicht an das allgemeine Publikum)	Distribution (sale or rental) of motion picture films and video tapes to other units, but not to the general public
7	59.13002	2025	Activiteiten die aan de filmindustrie verwant zijn : reserveren, afleveren, opslaan, enz.	Activités liées à la distribution telles que la réservation, la livraison et la conservation de films	Mit der Filmindustrie zusammenhängende Tätigkeiten : Reservierung, Lieferung und Aufbewahrung von Filmen	Distribution-related activities such as the reservation, delivery and preservation of films
7	59.13003	2025	Uitgave en distributie van films op videobanden bestemd voor het publiek	Edition et distribution de films de tous types sur bandes vidéo à destination du public	Veröffentlichung und Vertrieb von Filmen aller Art auf für das Publikum bestimmten Videobändern	Editing and distribution of films of all types on video tapes intended for the public
4	59.14	2025	Vertoning van films	Projection de films cinématographiques	Kinos	Motion picture projection activities
5	59.140	2025	Vertoning van films	Projection de films cinématographiques	Kinos	Motion picture projection activities
7	59.14001	2025	Vertoning van bioscoopfilms en videobanden in bioscopen, in de open lucht of op andere plaatsen waar filmvoorstellingen mogelijk zijn	Projection de films cinématographiques ou de bandes de vidéo dans des salles de cinéma, en plein air ou dans d'autres installations de projection	Vorführung von Kinofilmen oder Videobändern in Kinosälen, im Freien oder an sonstigen Vorführungsorten	Projection of cinematographic films or video tapes in cinemas, outdoors, or other projection facilities
7	59.14002	2025	Filmclubs	Activités des ciné-clubs	Tätigkeiten von Filmklubs	Cine-club activities
3	59.2	2025	Maken van geluidsopnamen en uitgeverijen van muziekopnamen	Enregistrement sonore et édition musicale	Tonstudios; Herstellung von Hörfunkbeiträgen; Verlegen von bespielten Tonträgern und Musikalien	Sound recording and music publishing activities
4	59.20	2025	Maken van geluidsopnamen en uitgeverijen van muziekopnamen	Enregistrement sonore et édition musicale	Tonstudios; Herstellung von Hörfunkbeiträgen; Verlegen von bespielten Tonträgern und Musikalien	Sound recording and music publishing activities
5	59.201	2025	Maken van geluidsopnamen	Production d'enregistrements sonores	Produktion von Tonaufnahmen	Sound recording activities
5	59.202	2025	Geluidsopnamestudio's	Studios d'enregistrements sonores	Tonaufnahmestudios	Sound recording studios
5	59.203	2025	Uitgeverijen van muziekopnamen	Edition musicale	Herausgabe von Tonaufnahmen	Music publishing activities
7	59.20301	2025	Uitgeverijen van grammofoonplaten, compactdiscs en banden met muziek of andere geluidsopnamen	Edition de disques, de disques compacts et de bandes  contenant de la musique ou d'autres enregistrements sonores	Herausgabe von Schallplatten, Compact Discs und Bändern mit Musik oder anderen Tonaufnahmen	Publishing of records, compact discs and tapes containing music or other sound recordings
7	59.20302	2025	Uitgeverijen van boeken in combinatie met audiovisuele hulpmiddelen	Edition de produits combinant livres et moyens audiovisuels	Herausgabe von aus Büchern, Bild- und Tonträgern zusammengesetzten Produkten	Publishing products combining books and audio-visual media
7	59.20303	2025	Uitgeverijen van muziekboeken en -partituren	Edition de livres de musique et de partitions musicales	Herausgabe von Musikbüchern und -partituren	Publishing of music books and musical scores
5	59.209	2025	Overige diensten in verband met het maken van geluidsopnamen	Autres services d'enregistrements sonores	Sonstige mit der Anfertigung von Tonaufnahmen zusammenhängende Dienstleistungen	Other sound recording services
2	60     	2025	Programmering, uitzending, persagentschappen en andere activiteiten op het gebied van de verspreiding van inhoud	Activités de programmation, de diffusion, d’agence de presse et autres activités de distribution de contenu	Rundfunkveranstalter, Nachrichtenagenturen und sonstige Verbreitung von Medieninhalten	Programming, broadcasting, news agency and other content distribution activities
3	60.1	2025	Uitzenden van radioprogramma’s en distributie van audio	Radiodiffusion et activités de distribution de contenu audio	Hörfunkveranstalter und Verbreitung von Audioinhalten	Radio broadcasting and audio distribution activities
4	60.10	2025	Uitzenden van radioprogramma’s en distributie van audio	Radiodiffusion et activités de distribution de contenu audio	Hörfunkveranstalter und Verbreitung von Audioinhalten	Radio broadcasting and audio distribution activities
5	60.100	2025	Uitzenden van radioprogramma’s en distributie van audio	Radiodiffusion et activités de distribution de contenu audio	Hörfunkveranstalter und Verbreitung von Audioinhalten	Radio broadcasting and audio distribution activities
7	60.10001	2025	Activiteiten van lokale en vrije radio's	Activités des radios locales et des radios libres	Tätigkeiten der lokalen und freien Rundfunksendern	Activities of local radios and free radio stations
3	60.2	2025	Samenstellen en uitzenden van televisieprogramma’s en distributie van video’s	Programmation et diffusion télévisuelle et activités de distribution de contenu vidéo	Fernsehveranstalter und Verbreitung von Videoinhalten	Television programming, broadcasting and video distribution activities
4	60.20	2025	Samenstellen en uitzenden van televisieprogramma’s en distributie van video’s	Programmation et diffusion télévisuelle et activités de distribution de contenu vidéo	Fernsehveranstalter und Verbreitung von Videoinhalten	Television programming, broadcasting and video distribution activities
5	60.200	2025	Samenstellen en uitzenden van televisieprogramma’s en distributie van video’s	Programmation et diffusion télévisuelle et activités de distribution de contenu vidéo	Fernsehveranstalter und Verbreitung von Videoinhalten	Television programming, broadcasting and video distribution activities
7	60.20001	2025	Uitzending van televisieprogramma's, ook indien in combinatie met de productie ervan, door televisiezenders die gesubsidieerd worden door de overheid of door stations die behoren tot de privé-sector	Emission de programmes de télévision par des chaînes subventionnées ou par des chaînes appartenant au secteur privé, que cette émission soit combinée ou non avec des activités de production	Ausstrahlung von Fernsehsendungen über öffentlich subventionierte Sender oder Privatsender, auch wenn diese mit Produktionstätigkeiten verbunden ist	Broadcasting of television programs by subsidised channels or private-sector channels whether or not combined with production activities
3	60.3	2025	Activiteiten van persagentschappen en andere activiteiten op het gebied van de verspreiding van inhoud	Activités d’agence de presse et autres activités de distribution de contenu	Nachrichtenagenturen und sonstige Verbreitung von Medieninhalten	News agency and other content distribution activities
4	60.31	2025	Activiteiten van persagentschappen	Activités d’agence de presse	Nachrichtenagenturen	News agency activities
5	60.310	2025	Activiteiten van persagentschappen	Activités d’agence de presse	Nachrichtenagenturen	News agency activities
4	60.39	2025	Andere activiteiten op het gebied van de verspreiding van inhoud	Autres activités de distribution de contenu	Sonstige Verbreitung von Medieninhalten	Other content distribution activities
5	60.390	2025	Andere activiteiten op het gebied van de verspreiding van inhoud	Autres activités de distribution de contenu	Sonstige Verbreitung von Medieninhalten	Other content distribution activities
2	61     	2025	Telecommunicatie	Télécommunications	Telekommunikation	Telecommunication
3	61.1	2025	Draadgebonden en draadloze telecommunicatie en telecommunicatie via satelliet	Activités de télécommunications filaires, sans fil et satellitaires	Leitungsgebundene, drahtlose und satellitengestützte Telekommunikation	Wired, wireless, and satellite telecommunication activities
4	61.10	2025	Draadgebonden en draadloze telecommunicatie en telecommunicatie via satelliet	Activités de télécommunications filaires, sans fil et satellitaires	Leitungsgebundene, drahtlose und satellitengestützte Telekommunikation	Wired, wireless, and satellite telecommunication activities
5	61.100	2025	Draadgebonden en draadloze telecommunicatie en telecommunicatie via satelliet	Activités de télécommunications filaires, sans fil et satellitaires	Leitungsgebundene, drahtlose und satellitengestützte Telekommunikation	Wired, wireless, and satellite telecommunication activities
3	61.2	2025	Wederverkoop van telecommunicatie en bemiddelingsactiviteiten in verband met telecommunicatie	Activités de revente de télécommunications et activités de service d’intermédiation pour les télécommunications	Wiederverkaufs- und Vermittlungstätigkeiten für die Telekommunikation	Telecommunication reselling activities and intermediation service activities for telecommunication
4	61.20	2025	Wederverkoop van telecommunicatie en bemiddelingsactiviteiten in verband met telecommunicatie	Activités de revente de télécommunications et activités de service d’intermédiation pour les télécommunications	Wiederverkaufs- und Vermittlungstätigkeiten für die Telekommunikation	Telecommunication reselling activities and intermediation service activities for telecommunication
5	61.200	2025	Wederverkoop van telecommunicatie en bemiddelingsactiviteiten in verband met telecommunicatie	Activités de revente de télécommunications et activités de service d’intermédiation pour les télécommunications	Wiederverkaufs- und Vermittlungstätigkeiten für die Telekommunikation	Telecommunication reselling activities and intermediation service activities for telecommunication
3	61.9	2025	Overige activiteiten op het gebied van telecommunicatie	Autres activités de télécommunications	Sonstige Telekommunikation	Other telecommunication activities
4	61.90	2025	Overige activiteiten op het gebied van telecommunicatie	Autres activités de télécommunications	Sonstige Telekommunikation	Other telecommunication activities
5	61.900	2025	Overige activiteiten op het gebied van telecommunicatie	Autres activités de télécommunications	Sonstige Telekommunikation	Other telecommunication activities
2	62     	2025	Computerprogrammering, consultancy en aanverwante activiteiten	Programmation, conseil et autres activités informatiques	Erbringung von Dienstleistungen der Informationstechnologie	Computer programming, consultancy and related activities
3	62.1	2025	Ontwerpen van computerprogramma’s	Activités de programmation informatique	Programmierungstätigkeiten	Computer programming activities
4	62.10	2025	Ontwerpen van computerprogramma’s	Activités de programmation informatique	Programmierungstätigkeiten	Computer programming activities
5	62.100	2025	Ontwerpen van computerprogramma’s	Activités de programmation informatique	Programmierungstätigkeiten	Computer programming activities
3	62.2	2025	Activiteiten op het gebied van computerconsultancy en beheer van computerfaciliteiten	Activités de conseil en informatique et de gestion d’installations informatiques	Erbringung von Dienstleistungen der IT-Beratung sowie des Betriebs von Datenverarbeitungseinrichtungen	Computer consultancy and computer facilities management activities
4	62.20	2025	Activiteiten op het gebied van computerconsultancy en beheer van computerfaciliteiten	Activités de conseil en informatique et de gestion d’installations informatiques	Erbringung von Dienstleistungen der IT-Beratung sowie des Betriebs von Datenverarbeitungseinrichtungen	Computer consultancy and computer facilities management activities
5	62.200	2025	Activiteiten op het gebied van computerconsultancy en beheer van computerfaciliteiten	Activités de conseil en informatique et de gestion d’installations informatiques	Erbringung von Dienstleistungen der IT-Beratung sowie des Betriebs von Datenverarbeitungseinrichtungen	Computer consultancy and computer facilities management activities
7	62.20001	2025	Verlenen van advies aan de gebruikers over soorten computers (hardware) en hun configuratie en de toepassing van bijbehorende programmatuur (software)	Activités de conseil aux utilisateurs concernant le type et la configuration du matériel informatique et les applications logicielles	Erbringung von Beratungsleistungen an EDV-Anwender bezüglich verschiedener Hardware-Konfigurationen und der dazugehörigen Software	Advising users on the type and configuration of computer hardware and software applications
7	62.20002	2025	Activiteiten van systeemintegrators	Activités des intégrateurs de réseaux	Tätigkeiten von Systemintegratoren	Activities of network integrators
3	62.9	2025	Overige diensten op het gebied van informatietechnologie en computer	Autres activités de service informatique	Erbringung von sonstigen Dienstleistungen der Informationstechnologie	Other information technology and computer service activities
4	62.90	2025	Overige diensten op het gebied van informatietechnologie en computer	Autres activités de service informatique	Erbringung von sonstigen Dienstleistungen der Informationstechnologie	Other information technology and computer service activities
5	62.900	2025	Overige diensten op het gebied van informatietechnologie en computer	Autres activités de service informatique	Erbringung von sonstigen Dienstleistungen der Informationstechnologie	Other information technology and computer service activities
2	63     	2025	Computerinfrastructuur, gegevensverwerking, hosting en andere informatiediensten	Infrastructure informatique, traitement de données et autres activités de service d'information	Datenverarbeitung, Hosting und Erbringung sonstiger Informationsdienstleistungen	Computing infrastructure, data processing, hosting and other information service activities
3	63.1	2025	Computerinfrastructuur, gegevensverwerking, hosting en aanverwante activiteiten	Infrastructure informatique, traitement de données, hébergement et activités connexes	Datenverarbeitung, Hosting und damit verbundene Tätigkeiten	Computing infrastructure, data processing, hosting and related activities
4	63.10	2025	Computerinfrastructuur, gegevensverwerking, hosting en aanverwante activiteiten	Infrastructure informatique, traitement de données, hébergement et activités connexes	Datenverarbeitung, Hosting und damit verbundene Tätigkeiten	Computing infrastructure, data processing, hosting and related activities
5	63.100	2025	Computerinfrastructuur, gegevensverwerking, hosting en aanverwante activiteiten	Infrastructure informatique, traitement de données, hébergement et activités connexes	Datenverarbeitung, Hosting und damit verbundene Tätigkeiten	Computing infrastructure, data processing, hosting and related activities
3	63.9	2025	Activiteiten van webportalen en andere activiteiten op het gebied van informatiediensten	Activités de portail de recherche sur le web et autres activités de service d'information	Web-Suchportale und Erbringung von sonstigen Informationsdienstleistungen	Web search portal activities and other information service activities
4	63.91	2025	Activiteiten van webportalen	Activités de portail de recherche sur le web	Web-Suchportale	Web search portal activities
5	63.910	2025	Activiteiten van webportalen	Activités de portail de recherche sur le web	Web-Suchportale	Web search portal activities
4	63.92	2025	Overige dienstverlenende activiteiten op het gebied van informatie	Autres activités de service d'information	Erbringung von sonstigen Informationsdienstleistungen	Other information service activities
5	63.920	2025	Overige dienstverlenende activiteiten op het gebied van informatie	Autres activités de service d'information	Erbringung von sonstigen Informationsdienstleistungen	Other information service activities
2	64     	2025	Financiële dienstverlening, exclusief verzekeringen en pensioenfondsen	Activités de services financiers, hors assurance et fonds de pension	Erbringung von Finanzdienstleistungen	Financial service activities, except insurance and pension funding
3	64.1	2025	Activiteiten van geldscheppende financiële instellingen	Intermédiation monétaire	Zentralbanken und Kreditinstitute	Monetary intermediation
4	64.11	2025	Activiteiten van centrale banken	Activités de banque centrale	Zentralbanken	Central banking
5	64.110	2025	Activiteiten van centrale banken	Activités de banque centrale	Zentralbanken	Central banking
4	64.19	2025	Overige activiteiten van geldscheppende financiële instellingen	Autre intermédiation monétaire	Kreditinstitute, ohne Spezialkreditinstitute	Other monetary intermediation
5	64.190	2025	Overige activiteiten van geldscheppende financiële instellingen	Autre intermédiation monétaire	Kreditinstitute, ohne Spezialkreditinstitute	Other monetary intermediation
3	64.2	2025	Activiteiten van holdings en financieringskanalen	Activités de société holding et de conduit de financement	Beteiligungsgesellschaften und Finanzierungs-Conduits	Activities of holding companies and financing conduits
4	64.21	2025	Activiteiten van holdings	Activités de société holding	Beteiligungsgesellschaften	Activities of holding companies
5	64.210	2025	Activiteiten van holdings	Activités de société holding	Beteiligungsgesellschaften	Activities of holding companies
4	64.22	2025	Activiteiten van financieringskanalen	Activités de conduit de financement	Finanzierungs-Conduits	Activities of financing conduits
5	64.220	2025	Activiteiten van financieringskanalen	Activités de conduit de financement	Finanzierungs-Conduits	Activities of financing conduits
3	64.3	2025	Activiteiten van beleggingstrusts en -fondsen en andere financiële instrumenten	Activités de fiducie, fonds et entités financières similaires	Treuhand- und sonstige Fonds u Ä Finanzinstitutionen	Activities of trusts, funds and similar financial entities
4	64.31	2025	Activiteiten van geldmarkt- en niet-geldmarktbeleggingsfondsen	Activités de fonds d’investissement sur le marché monétaire ou non monétaire	Investmentfonds	Activities of money market and non-money market investments funds
5	64.310	2025	Activiteiten van geldmarkt- en niet-geldmarktbeleggingsfondsen	Activités de fonds d’investissement sur le marché monétaire ou non monétaire	Investmentfonds	Activities of money market and non-money market investments funds
4	64.32	2025	Activiteiten van trust-, vastgoed- en agentuurrekeningen	Activités de fiducie, comptes de patrimoine et d’agence	Treuhandfonds, Nachlass- und Treuhandkonten	Activities of trust, estate and agency accounts
5	64.320	2025	Activiteiten van trust-, vastgoed- en agentuurrekeningen	Activités de fiducie, comptes de patrimoine et d’agence	Treuhandfonds, Nachlass- und Treuhandkonten	Activities of trust, estate and agency accounts
3	64.9	2025	Overige financiële dienstverlening, exclusief verzekeringen en pensioenfondsen	Autres activités des services financiers, hors assurance et fonds de pension	Sonstige Finanzierungsinstitutionen	Other financial service activities, except insurance and pension funding
4	64.91	2025	Financiële lease	Crédit-bail	Institutionen für Finanzierungsleasing	Financial leasing
5	64.910	2025	Financiële lease	Crédit-bail	Institutionen für Finanzierungsleasing	Financial leasing
7	64.91001	2025	Afsluiten van een financieringshuurcontract voor uitrustingsgoederen tussen leasinggever en leasingnemer	Conclusion d'un contrat de location-financement sur des biens d'équipement entre le bailleur et le locataire	Abschluss von Leasingverträgen für Investitionsgüter zwischen Kapitalgeber und Mieter	Conclusion of a financial lease on capital goods between the lessor and the lessee
4	64.92	2025	Overige kredietverstrekking	Autre distribution de crédit	Spezialkreditinstitute	Other credit granting
5	64.921	2025	Verstrekken van verbruikskrediet	Octroi de crédit à la consommation	Vergabe von Verbraucherkrediten	Granting of consumer credits
7	64.92101	2025	Activiteiten van financieringsmaatschappijen die uitsluitend kredietovereenkomsten afsluiten met een consument : verkopen en leningen op afbetaling, financieringshuur, kredietopeningen, enz.	Activités des organismes de financement concluant des contrats de crédit avec un consommateur : ventes et prêts à tempérament, crédit-bail (hors activités professionnelles), ouvertures de crédit, etc.	Tätigkeiten von Finanzinstituten, die ausschließlich Verbraucherkredite gewähren: Ratenverkäufe und Ratendarlehen, Leasing (nicht für berufliche Zwecke), Kreditgewährung	Activities of funding agencies entering into credit agreements with consumers: sales and instalment loans, leasing (excluding professional activities), credit lines, etc.
5	64.922	2025	Verstrekken van hypothecair krediet	Octroi de crédit hypothécaire	Vergabe von Hypothekendarlehen	Granting of mortgage loans
5	64.923	2025	Factoring	Activités d'affacturage (Factoring)	Factoring	Factoring activities
5	64.924	2025	Titrisatie van leningen	Titrisation de prêts	Verbriefung von Krediten	Securitisation of loans
5	64.929	2025	Overige kredietvertsrekking, n.e.g.	Autre distribution de crédit n.c.a.	Sonstige Kreditvergabe a.n.g.	Other credit granting n.e.c.
4	64.99	2025	Overige financiële dienstverlening, exclusief verzekeringen en pensioenfondsen, n.e.g.	Autres activités des services financiers, hors assurance et fonds de pension, n.c.a.	Sonstige Finanzdienstleistungen a.n.g.	Other financial service activities, except insurance and pension funding n.e.c.
5	64.991	2025	Activiteiten van beursvennootschappen	Activités des sociétés de bourses	Tätigkeiten von Börsengesellschaften	Activities of stock exchange companies
5	64.999	2025	Overige financiële dienstverlening, n.e.g.	Autres activités des services financiers, n.c.a.	Sonstige Finanzdienstleistungen a.n.g.	Other financial service activities n.e.c.
7	64.99901	2025	Deposito- en Consignatiekas	Caisse des Dépôts et Consignations	Hinterlegungs- und Konsignationskasse	Fund deposits and consignments
7	64.99902	2025	Financiële instellingen die specifieke financieringsvormen aanbieden : durf- of venturekapitaal; investmentbanking, enz.	Institutions financières qui offrent des formes de financement spécifique: capital à haut risque ou venture capital, investmentbanking, etc.	Finanzinstitute, die spezifische Finanzierungsformen anbieten: Risikokapital, Venturekapital, Investmentbanking usw	Financial institutions that offer specific forms of financing: high risk capital or venture capital, investment banking, etc.
7	64.99903	2025	Handel in ongemunt goud voor financiële doeleinden	Transactions sur lingots d'or réalisées sur les marchés financiers	Handel mit Goldbarren zu Anlagezwecken	Transactions on gold bullion on financial markets
7	64.99904	2025	Import/exportfinanciering	Financements d'import/export	Import/Export-Finanzierungen	Import / Export Finance
7	64.99905	2025	Financiële instellingen, n.e.g.	Intermédiations financières n.c.a.	nicht anderweitig aufgeführte Finanzvermittler	Financial intermediation n.e.c.
2	65     	2025	Activiteiten op het gebied van verzekeringen en pensioenfondsen, exclusief verplichte sociale verzekeringen	Assurance, réassurance et fonds de pension, à l’exclusion de la sécurité sociale obligatoire	Versicherungen, Rückversicherungen und Pensionskassen, ohne Sozialversicherung	Insurance, reinsurance and pension funding, except compulsory social security
3	65.1	2025	Verzekeringen	Assurance	Versicherungen	Insurance
4	65.11	2025	Levensverzekeringen	Assurance vie	Lebensversicherungen	Life insurance
5	65.111	2025	Rechtstreekse verzekeringsverrichtingen leven	Opérations directes d'assurance vie	direkte Lebensversicherungsgeschäfte	Direct life insurance transactions
5	65.112	2025	Activiteiten van gemengde verzekeringsondernemingen, overwegend leven	Activités des entreprises d'assurances multibranches à prédominance vie	Tätigkeiten von Versicherungsunternehmen in verschiedenen Versicherungszweigen mit Schwerpunkt in der Lebensversicherung	Activities of multi-line, predominantly life insurance companies
4	65.12	2025	Niet-levensverzekeringen	Assurances non-vie	Nichtlebensversicherungen	Non-life insurance
5	65.121	2025	Rechtstreekse verzekeringsverrichtingen niet-leven	Opérations directes d'assurance non-vie	Sonstige Versicherungen (ohne Rückversicherung)	Direct non-life insurance transactions
7	65.12101	2025	Verzekeringsactiviteiten mbt ongevallen en ziekte	Activités d'assurances concernant accidents et maladie	Unfall- und Krankenversicherungstätigkeiten	Accident and sickness insurance activities
7	65.12102	2025	Verzekeringsactiviteiten mbt motorvoertuigen	Activités d'assurances concernant véhicules automobiles	Kraftfahrzeugversicherungstätigkeiten	Motor vehicle insurance activities
7	65.12103	2025	Verzekeringsactiviteiten mbt zee-, transport- en luchtvaartverzekeringen	Activités d'assurances concernant assurance maritime, assurance transports, assurance aérienne	Meeres-, Verkehrs- und Luftversicherungstätigkeiten	Insurance activities relating to marine insurance, transport insurance, air insurance
7	65.12104	2025	Verzekeringsactiviteiten mbt brand en andere schade aan goederen	Activités d'assurances concernant l'incendie et autres dommages aux biens	Feuer- und Sachschädenversicherungstätigkeiten	Insurance activities concerning fire and other property damage
7	65.12105	2025	Verzekeringsactiviteiten mbt burgerlijke aansprakelijkheid	Activités d'assurances concernant la responsabilité civile	Haftpflichtversicherungstätigkeiten	Insurance activities concerning civil liability
7	65.12106	2025	Verzekeringsactiviteiten mbt krediet en borgtocht	Activités d'assurances concernant crédit et caution	Kredit- und Kautionsversicherungstätigkeiten	Insurance activities concerning credit and surety
7	65.12107	2025	Verzekeringsactiviteiten mbt diverse geldelijke verliezen	Activités d'assurances concernant pertes pécuniaires diverses	Versicherungsaktivitäten hinsichtlich Geldverluste verschiedener Art	Insurance activities concerning miscellaneous pecuniary losses
7	65.12108	2025	Verzekeringsactiviteiten mbt rechtsbijstand	Activités d'assurances concernant la protection juridique	Rechtsschutzversicherungstätigkeiten	Insurance activities concerning legal protection
7	65.12109	2025	Verzekeringsactiviteiten mbt hulpverlening	Activités d'assurances concernant l'assistance	Unterstützungsversicherungstätigkeiten	Assistance insurance activities
5	65.122	2025	Activiteiten van gemengde verzekeringsondernemingen, overwegend niet-leven	Activités des entreprises d'assurances multibranches à prédominance non-vie	Tätigkeiten von Versicherungsunternehmen in verschiedenen Versicherungszweigen mit Schwerpunkt in der Nichtlebensversicherung	Activities of multi-line, predominantly non-life insurance companies
3	65.2	2025	Herverzekering	Réassurance	Rückversicherungen	Reinsurance
4	65.20	2025	Herverzekering	Réassurance	Rückversicherungen	Reinsurance
5	65.200	2025	Herverzekering	Réassurance	Rückversicherungen	Reinsurance
3	65.3	2025	Activiteiten van pensioenfondsen	Fonds de pension	Pensionskassen und Pensionsfonds	Pension funding
4	65.30	2025	Activiteiten van pensioenfondsen	Fonds de pension	Pensionskassen und Pensionsfonds	Pension funding
5	65.300	2025	Activiteiten van pensioenfondsen	Fonds de pension	Pensionskassen und Pensionsfonds	Pension funding
7	65.30001	2025	Activiteiten (inning van bijdragen, beleggen van gelden, uitkering van pensioenen) van voorzorgsinstellingen opgericht door de werkgever (privé of openbaar) om een extra-legaal pensioen te vormen	Activités (encaiss de cotisations, placem de fonds, prestat des pensions) des institutions de prévoyance créées par l'employeur (privé ou public) afin de constituer une pension extra-légale	Tätigkeiten (Beitragseinnahme, Tätigung von Anlagen, Rentenleistungen) der vom Arbeitgeber (privat oder öffentlich) zum Aufbau einer außergesetzlichen Pension eingerichteten Vorsorgekassen	Activities (in the case of contributions, investment of funds, pension benefits) of pension schemes created by the employer (private or public) in order to constitute an extra-legal pension
7	65.30002	2025	Activiteiten van pensioenfondsen opgericht ten behoeve van zelfstandige en vrije beroepen; waarbij op individuele en vrijwillige basis kan aangesloten worden om een extra-legaal pensioen te vormen	Activités des caisses de pensions créées en faveur de professions libérales et indépend auxquelles on peut s'affilier sur une base individ et volontaire pour constituer une pension extra-légale	Tätigkeiten von Pensionskassen für freie und selbstständige Berufe, denen man auf induvidueller und freiwilliger Basis zum Aufbau einer außergesetzlichen Pension beitreten kann	Activities of pension funds created for the liberal professions and self-employed people which can be affiliated on an individual basis and voluntary to constitute an extra-legal pension
2	66     	2025	Ondersteunende activiteiten voor verzekeringen en pensioenfondsen	Activités auxiliaires d’activités de services financiers et d’assurance	Mit Finanz- und Versicherungsdienstleistungen verbundene Tätigkeiten	Activities auxiliary to financial services and insurance activities
3	66.1	2025	Ondersteunende activiteiten in verband met financiële diensten, exclusief verzekeringen en pensioenfondsen	Activités auxiliaires de services financiers, hors assurance et fonds de pension	Mit Finanzdienstleistungen verbundene Tätigkeiten	Activities auxiliary to financial services, except insurance and pension funding
4	66.11	2025	Beheer van financiële markten	Administration de marchés financiers	Effekten- und Warenbörsen	Administration of financial markets
5	66.110	2025	Beheer van financiële markten	Administration de marchés financiers	Effekten- und Warenbörsen	Administration of financial markets
7	66.11001	2025	Exploitatie van en het toezicht op financiële beurzen door andere instanties dan de overheid : effectenbeurzen; future- en optiebeurzen, enz.	Exploitation et la supervision de marchés financiers autrement que par des organismes publics: activités des bourses de valeurs mobilières, bourses d'option et de futures, etc.	Betrieb und Überwachung von Börsen durch andere Instanzen als öffentliche Einrichtungen: Effektenbörsen, Futures- und Optionsbörsen usw	Operation and supervision of financial markets other than by public bodies: securities exchanges, stock exchanges and futures, etc.
4	66.12	2025	Bemiddeling in effecten- en goederencontracten	Courtage de valeurs mobilières et de matières premières	Effekten- und Warenhandel	Security and commodity contracts brokerage
5	66.121	2025	Crowdfunding	Financement participatif (crowdfunding)	Crowdfunding	Crowdfunding
5	66.129	2025	Overige bemiddeling in effecten- en goederencontracten, muv crowdfunding	Autre courtage de valeurs mobilières et de matières premières, à l’exception du financement participatif (crowdfunding)	Sonstiger Effekten- und Warenhandel, mit Ausnahme von Crowdfunding	Other security and commodity contracts brokerage, except crowdfunding
4	66.19	2025	Overige ondersteunende activiteiten in verband met financiële diensten, exclusief verzekeringen en pensioenfondsen	Autres activités auxiliaires de services financiers, hors assurance et fonds de pension	Sonstige mit Finanzdienstleistungen verbundene Tätigkeiten	Other activities auxiliary to financial services, except insurance and pension funding
5	66.191	2025	Agenten en makelaars in bankdiensten	Activités des agents et courtiers en services bancaires	Makler und Vermittler im Bereich Bankdienstleistungen	Activities of banking service agents and brokers
5	66.199	2025	Overige ondersteunende activiteiten in verband met financiële diensten, n.e.g., exclusief verzekeringen en pensioenfondsen	Autres activités auxiliaires de services financiers n.c.a., hors assurance et caisses de retraite	Sonstige mit Finanzdienstleistungen verbundene Tätigkeiten a.n.g., mit Ausnahme von Versicherungen und Pensionskassen	Other activities auxiliary to financial services n.e.c., except insurance and pension funding
7	66.19901	2025	Verhandelen op financiële beurzen en markten ten behoeve van derden (bv effectenhandel) en aanverwante activiteiten	Opérations exécutées sur des marchés financiers pour le compte de tiers (pex le courtage en valeurs mobilières) ainsi que les activités qui s'y rattachent	Auf Kapitalmärkten abgewickelte Geschäfte für Rechnung Dritter (zB Wertpapierhandel) sowie damit zusammenhängende Tätigkeiten	Transactions executed on financial markets on behalf of third parties (eg, securities brokerage) and related activities
7	66.19902	2025	Hypotheekmakelaars	Courtiers en crédits hypothécaires	Makler für Hypothekarkredite	Mortgage brokers
7	66.19903	2025	Borgstelling en waarborg	Caution et garantie	Kaution und Garantie	Deposit and guarantee
7	66.19904	2025	Bemiddeling inzake krediet en leningen door makelaars en andere tussenpersonen	Intermédiation en crédits et prêts par des courtiers et autres intermédiaires	Vermittlung von Krediten und Darlehen durch Makler und sonstige Vermittler	Intermediation in loans and loans by brokers and other intermediaries
7	66.19905	2025	Vertegenwoordigingskantoren van buitenlandse banken, die geen eigenlijke bankverrichtingen uitvoeren	Représentants de banques étrangères, qui n'exécutent pas des opérations de banque proprement dites	Vertreter ausländischer Banken, die keine eigentlichen Bankenoperationen abwickeln	Representatives of foreign banks, who do not perform banking operations themselves
7	66.19906	2025	Creatie en exploitatie van elektronische systemen voor geldcirculatie	Création et l'exploitation de systèmes électroniques de circulation monétair	Schaffung und Betrieb elektronischer Währungsverkehrssysteme	Creation and operation of electronic money circulation systems
7	66.19907	2025	Uitgeven van maaltijdcheques	Emission de chèques-repas	Ausgabe von Essensmarken	Issuance of meal vouchers
7	66.19908	2025	Terbeschikkingstelling van kluizen, enz.	Mise à disposition de coffres-forts, etc.	Bereitstellung von Safes usw	Provision of safes, etc.
3	66.2	2025	Ondersteunende activiteiten in verband met verzekeringen en pensioenfondsen	Activités auxiliaires d’assurance et de fonds de pension	Mit Versicherungsdienstleistungen und Pensionskassen verbundene Tätigkeiten	Activities auxiliary to insurance and pension funding
4	66.21	2025	Activiteiten van risicoanalisten en schadetaxateurs	Évaluation des risques et dommages	Risiko- und Schadensbewertung	Risk and damage evaluation
5	66.210	2025	Activiteiten van risicoanalisten en schadetaxateurs	Évaluation des risques et dommages	Risiko- und Schadensbewertung	Risk and damage evaluation
7	66.21001	2025	Schade- en risico-experten	Experts en dommages et risques	Sachverständige für Schäden und Risiken	Damage and risk experts
4	66.22	2025	Activiteiten van verzekeringsagenten en -makelaars	Activités des agents et courtiers d’assurances	Tätigkeiten der Versicherungsvermittlung	Activities of insurance agents and brokers
5	66.220	2025	Activiteiten van verzekeringsagenten en -makelaars	Activités des agents et courtiers d’assurances	Tätigkeiten der Versicherungsvermittlung	Activities of insurance agents and brokers
4	66.29	2025	Ondersteunende activiteiten in verband met verzekeringen en pensioenfondsen, n.e.g.	Activités auxiliaires d’assurance et de fonds de pension n.c.a.	Mit Versicherungsdienstleistungen und Pensionskassen verbundene Tätigkeiten a.n.g.	Activities auxiliary to insurance and pension funding n.e.c.
5	66.290	2025	Ondersteunende activiteiten in verband met verzekeringen en pensioenfondsen, n.e.g.	Activités auxiliaires d’assurance et de fonds de pension n.c.a.	Mit Versicherungsdienstleistungen und Pensionskassen verbundene Tätigkeiten a.n.g.	Activities auxiliary to insurance and pension funding n.e.c.
3	66.3	2025	Vermogensbeheer	Activités de gestion de fonds	Fondsmanagement	Fund management activities
4	66.30	2025	Vermogensbeheer	Activités de gestion de fonds	Fondsmanagement	Fund management activities
5	66.300	2025	Vermogensbeheer	Activités de gestion de fonds	Fondsmanagement	Fund management activities
7	66.30001	2025	Beheersvennootschappen van gemeenschappelijke beleggingsfondsen	Sociétés de gestion des fonds communs de placement	Verwaltungsgesellschaften von allgemeinen Anlagefonds	Mutual fund management companies
7	66.30002	2025	Verstrekken van advies inzake beleggingen en het beheer van financiële patrimonia van derden (KB 05081991 ivm vermogensbeheer en beleggingsadvies	Conseils en placements et la gestion de patrimoines financiers des tiers (AR du 5 août 1991 relatif à la gestion de fortune et au conseil en placements)	Anlagenberatung und Verwaltung finanzieller Vermögen Dritter (KE vom 5 August 1991 über Vermögensverwaltung und Anlagenberatung)	Investment advice and management of third party financial assets (Royal Decree of 5 August 1991 relating to asset management and investment advice)
2	68     	2025	Exploitatie van en handel in onroerend goed	Activités immobilières	Grundstücks- und Wohnungswesen	Real estate activities
3	68.1	2025	Exploitatie van en handel in onroerend goed met eigen onroerend goed en ontwikkeling van bouwprojecten	Activités immobilières avec biens propres et promotion de projets immobiliers	Kauf und Verkauf von eigenen Grundstücken, Gebäuden und Wohnungen sowie Erschließung von Grundstücken	Real estate activities with own property and development of building projects
4	68.11	2025	Handel in eigen onroerend goed	Achat et vente de biens propres	Kauf und Verkauf von eigenen Grundstücken, Gebäuden und Wohnungen	Buying and selling of own real estate
5	68.110	2025	Handel in eigen onroerend goed	Achat et vente de biens propres	Kauf und Verkauf von eigenen Grundstücken, Gebäuden und Wohnungen	Buying and selling of own real estate
7	68.11001	2025	Handel in eigen onroerend goed : flatgebouwen en woningen niet voor bewoning bestemde gebouwen, grond	Activités de transactions sur biens immobiliers tels que: immeubles résidentiels et maisons d'habitation, immeubles non résidentiels, terres et terrains	Immobilienverkaufstätigkeiten: Wohngebäude und Wohnhäuser, Nutzbauten, Grundstücke und Land	Real estate transactions such as: residential buildings and dwelling houses, non-residential buildings, land and grounds
7	68.11002	2025	Verkoop van eigen handelszaken en van zelf verworven sleutelgeld (overname)	Transactions sur biens propres tels que fonds de commerce, droits à bail et pas de porte (reprise)	Verkauf von eigenen Geschäfts- oder Firmenwerten wie Pachtansprüchen und Abstandssummen (Übernahme)	Transactions on own assets such as goodwill, leaseholds and key money (takeover)
4	68.12	2025	Ontwikkeling van bouwprojecten	Promotion immobilière	Erschließung von Grundstücken; Bauträger	Development of building projects
5	68.121	2025	Ontwikkeling van residentiële bouwprojecten	Promotion immobilière résidentielle	Entwicklung von Wohnbauprojekten	Development of residential building projects
7	68.12101	2025	Projectontwikkeling voor de nieuwbouw van individuele woningen of voor renovatiewerken	Promotion immobilière de maisons d'habitation neuves ou de travaux de rénovation	Projektentwicklung für neue Wohnhäuser oder Renovierungsarbeiten	Real estate development of new residential houses or renovations
7	68.12102	2025	Projectontwikkeling voor de bouw van appartementsgebouwen	Promotion immobilière d'immeubles résidentiels	Projektentwicklung für Wohngebäude	Property development of residential buildings
5	68.122	2025	Ontwikkeling van niet-residentiële bouwprojecten	Promotion immobilière non résidentielle	Entwicklung von Nichtwohngebäuden	Development of non-residential building projects
7	68.12201	2025	Projectontwikkeling voor kantoorbouw	Promotion immobilière de bureaux	Projektentwicklung für Bürogebäude	Real estate development of offices
7	68.12202	2025	Projectontwikkeling voor de bouw of de aanleg van : commerciële, en industriële centra, hotels, industriezones en markten, jachthavens, wintersportcentra, enz.	Promotion immobilière de: centres commerciaux et industriels, hôtels, zones d'activités et marchés, ports de plaisance, stations de sports d'hiver, etc.	Projektentwicklung für den Bau oder die Einrichtung von Einkaufs- und Industriezentren, Hotels, Gewerbeparks und Märkten, Yachthäfen, Wintersportzentren usw	Real estate development of: commercial and industrial centres, hotels, business areas and markets, marinas, ski resorts, etc.
7	68.12203	2025	Projectontwikkeling voor de aanleg of renovatie van stadswijken	Aménagement ou rénovation de zones urbaines par voie de promotion	Einrichtung oder Erneuerung von Stadtgebieten durch Makler	Development or renovation of urban areas by promotion
3	68.2	2025	Verhuur en exploitatie van eigen of geleased onroerend goed	Location et exploitation de biens immobiliers propres ou loués	Vermietung, Verpachtung von eigenen oder geleasten Grundstücken, Gebäuden und Wohnungen	Rental and operating of own or leased real estate
4	68.20	2025	Verhuur en exploitatie van eigen of geleased onroerend goed	Location et exploitation de biens immobiliers propres ou loués	Vermietung, Verpachtung von eigenen oder geleasten Grundstücken, Gebäuden und Wohnungen	Rental and operating of own or leased real estate
5	68.201	2025	Verhuur en exploitatie van eigen of geleased residentieel onroerend goed, exclusief sociale woningen	Location et exploitation de biens immobiliers résidentiels propres ou loués, sauf logements sociaux	Vermietung, Verpachtung von eigenen oder geleasten Wohnimmobilien mit Ausnahme von Sozialwohnungen	Rental and operating of own or leased residential real estate, except social housing
7	68.20101	2025	Verhuur van al dan niet gemeubelde appartementen en huizen	Location d'appartements et de maisons, vides ou meublés, destinés à l'habitation	Vermietung von Wohnungen und möblierten oder unmöblierten Häusern für Wohnzwecke	Rental of apartments and houses, empty or furnished, intended for housing
7	68.20102	2025	Verhuur van appartementen in hotels	Location de longue durée en hôtels-appartements	Langzeitvermietung in Appartementhotels	Long term rentals in apartment hotels
7	68.20103	2025	Exploitatie van onroerend goed in de vorm van timesharing	Exploitation de biens immobiliers en multipropriété	Nutzung von Immobilien im Time-Sharing	Operation of time-share properties
5	68.202	2025	Verhuur en exploitatie van sociale woningen	Location et exploitation de logements sociaux	Vermietung und Verpachtung von Sozialwohnungen	Rental and operating of social housing
7	68.20201	2025	Projectontwikkeling met het oog op de verhuur van woningen door huisvestingsmaatschappijen en maatschappijen voor goedkope woningen	Promotion immobilière à objectif locatif par des sociétés de logements sociaux	Immobiliarförderung zu Mietzwecken durch Sozialwohnungsbaugesellschaften	Development of rental housing by social housing corporations
5	68.203	2025	Verhuur en exploitatie van eigen of geleased niet-residentieel onroerend goed, exclusief terreinen	Location et exploitation de biens immobiliers non résidentiels propres ou loués, sauf terrains	Vermietung, Verpachtung von eigenen oder geleasten Nichtwohnimmobilien mit Ausnahme von Grundstücken	Rental and operating of own or leased non-residential real estate, except land
7	68.20301	2025	Verhuur van niet-residentiële gebouwen zoals kantoorgebouwen, handelspanden, tentoonstellingsruimtes, enz.	Location d'immeubles non résidentiels ( bureaux, espaces commerciaux, halls d'exposition, etc.)	Vermietung von Nichtwohngebäuden wie Bürogebäuden, Geschäfts- und Ausstellungsräumen usw	Rental of non-residential buildings (offices, commercial spaces, exhibition halls, etc.)
7	68.20302	2025	Verhuur per jaar van garageboxen en staanplaatsen voor auto's	Location à l'année de boxes ou de lieux de garage de véhicules	Jahresvermietung von Garagenboxen und Fahrzeugstellplätzen	Year-round rental of boxes or garage spaces for vehicles
7	68.20303	2025	Verhuur van handelszaken (in een stelsel van vrije geranten)	Location de fonds de commerce (dans un système de gérances libres)	Vermietung Geschäfts- oder Firmenwerten (in einem System freier Geschäftsführungen)	Leasing of business (in a system of business leasing management)
5	68.204	2025	Verhuur en exploitatie van terreinen	Location et exploitation de terrains	Vermietung und Verpachtung von Grundstücken	Rental and operating of land
7	68.20401	2025	Verhuur van grond en terreinen, ook indien bebouwd, voor landbouwdoeleinden	Location de terrains ( bâtis ou non) à usage agricole	Vermietung von Grundstücken (bebaut oder unbebaut) für landwirtschaftliche Zwecke	Rental of land (whether built or not) for agricultural use
7	68.20402	2025	Verhuur van staanplaatsen voor caravans voor een periode van een jaar of mee	Location à l'année d'emplacements de caravanes	Jahresvermietung von Wohnwagenstellplätzen	Year-round rentals of caravan sites
3	68.3	2025	Bemiddeling in en beheer van onroerend goed voor een vast bedrag of op contractbasis	Activités immobilières pour compte de tiers	Vermittlung und Verwaltung von Grundstücken, Gebäuden und Wohnungen für Dritte	Real estate activities on a fee or contract basis
4	68.31	2025	Bemiddeling in verband met exploitatie van en handel in onroerend goed	Activités de service d’intermédiation pour les activités immobilières	Vermittlung von Grundstücken, Gebäuden und Wohnungen für Dritte	Intermediation service activities for real estate activities
5	68.310	2025	Bemiddeling in verband met exploitatie van en handel in onroerend goed	Activités de service d’intermédiation pour les activités immobilières	Vermittlung von Grundstücken, Gebäuden und Wohnungen für Dritte	Intermediation service activities for real estate activities
7	68.31001	2025	Bemiddeling bij de aankoop, verkoop en verhuur van onroerend goed	Agences immobilières et intermédiaires en achat, vente et location de biens immobiliers	Immobilien- und Zwischenagenturen für den Kauf, den Verkauf und die Vermietung von Immobilien	Real estate agencies and intermediaries in the purchase, trade and rental of real estate
4	68.32	2025	Overige bemiddeling in en beheer van onroerend goed voor een vast bedrag of op contractbasis	Autres activités immobilières pour compte de tiers	Verwaltung von Grundstücken, Gebäuden und Wohnungen für Dritte	Other real estate activities on a fee or contract basis
5	68.321	2025	Activiteiten van syndici van onroerend goed	Activités des syndics de biens immobiliers	Tätigkeiten von Syndizi von Immobilien	Activities of managing agents of real estate
7	68.32101	2025	Verlenen, in opdracht van de eigenaar of de medeeigenaars, van alle diensten die noodzakelijk zijn voor het behoorlijk functioneren van de gebouwen (residentiël gebouw)	Prise en charge au nom du (ou des) propriétaire(s) de l'ensemble des services nécessaires au fonctionnement des immeubles gérés (immeubles résidentiels)	Erbringung der erforderlichen Dienstleistungen für die Gebäudeverwaltung im Auftrag des oder der Eigentümer(s) (Wohngebäude)	Assumption on behalf of the owner (s)) of all services required for the operation of the managed immovables (residential buildings)
7	68.32111	2025	Verlenen in opdracht van de eigenaar(s) van alle diensten die noodzakelijk zijn voor het behoorlijk functioneren van de gebouwen (niet residentiël gebouw)	Prise en charge au nom du (ou des) propriétaire (s) de l'ensemble des services nécessaires au fonctionnement des immeubles gérés (immeubles non résidentiels)	Erbringung der erforderlichen Dienstleistungen für die Gebäudeverwaltung im Auftrag des oder der Eigentümer(s) (Nichtwohngebäude)	Assumption on behalf of the owner (s) of all the services necessary for the operation of the managed immovables (non-residential buildings)
5	68.322	2025	Schatten en evalueren van onroerend goed voor een vast bedrag of op contractbasis	Estimation et évaluation de biens immobiliers pour compte de tiers	Schätzung und Bewertung von Immobilien für Dritte	Valuation and appraisal of real estate on a fee or contract basis
5	68.329	2025	Overige bemiddeling in en beheer van onroerend goed voor een vast bedrag of op contractbasis, n.e.g.	Autres activités immobilières pour compte de tiers n.c.a.	Verwaltung von Grundstücken, Gebäuden und Wohnungen für Dritte a.n.g.	Other real estate activities on a fee or contract basis n.e.c.
2	69     	2025	Rechtskundige en boekhoudkundige dienstverlening	Activités juridiques et comptables	Rechts- und Steuerberatung, Wirtschaftsprüfung	Legal and accounting activities
3	69.1	2025	Rechtskundige dienstverlening	Activités juridiques	Rechtsberatung	Legal activities
4	69.10	2025	Rechtskundige dienstverlening	Activités juridiques	Rechtsberatung	Legal activities
5	69.101	2025	Activiteiten van advocaten	Activités des avocats	Tätigkeiten von Rechtsanwälten	Activities of lawyers
5	69.102	2025	Activiteiten van notarissen	Activités des notaires	Tätigkeiten von Notaren	Activities of notaries
5	69.103	2025	Activiteiten van deurwaarders	Activités des huissiers de justice	Tätigkeiten von Gerichtsvollziehern	Activities of bailiffs
5	69.109	2025	Overige rechtskundige dienstverlening	Autres activités juridiques	Sonstige Rechtsberatung	Other legal activities
3	69.2	2025	Activiteiten van accountants, boekhouders, auditoren en belastingconsulenten	Activités de comptabilité, de tenue de comptes et d’audit; conseil fiscal	Wirtschaftsprüfung und Steuerberatung; Buchführung	Accounting, bookkeeping and auditing activities; tax consultancy
4	69.20	2025	Activiteiten van accountants, boekhouders, auditoren en belastingconsulenten	Activités de comptabilité, de tenue de comptes et d’audit; conseil fiscal	Wirtschaftsprüfung und Steuerberatung; Buchführung	Accounting, bookkeeping and auditing activities; tax consultancy
5	69.201	2025	Activiteiten van (gecertificeerde) (fiscaal) accountants	Activités des experts-comptables (fiscalistes) (certifiés)	Tätigkeiten von (zertifizierten) Buchprüfern(-Fiskalisten)	Activities of certified accountants (tax experts)
7	69.20101	2025	Invullen van aangifteformulieren voor de loon- en inkomstenbelasting voor particulieren en bedrijven	Etablissement de déclarations fiscales pour les particuliers et les entreprises	Erstellung der Steuererklärungen für Privatpersonen und Unternehmen	Tax declarations for individuals and businesses
7	69.20102	2025	Verlenen van adviezen en vertegenwoordigen (muv de wettelijke vertegenwoordiging) van cliënten voor belastingsautoriteiten	Activités de conseil et de représentation (autre que la représentation juridique), pour le compte de clients, devant l'administration fiscale	Beratung und Vertretung (ausser Rechtsvertretung) von Kunden gegenüber den Steuerbehörden	Consultancy and representation (other than legal representation), on behalf of clients, before the tax administration
7	69.20111	2025	Verlenen van advies ivm boekhouding en organisatie van boekhoudingsdiensten voor rekening van derden	Activités de conseil en matière comptable et l'organisation des services comptables pour des tiers	Beratungstätigkeiten im Bereich Buchhaltung und Erbringung von Buchhaltungsdienstleistungen für Dritte	Accounting consultancy and organisation of accounting services for third parties
7	69.20112	2025	Openen, houden, centraliseren en sluiten van boekingen, geschikt voor het opmaken van de rekeningen	Ouverture, tenue, centralisation et clôture des écritures comptables propres à l'établissement des comptes	Eröffnung, Führung, Zentralisierung und Schließung von Buchungen für die Erstellung des Abschlusses	Opening, holding, centralisation and closing of the accounting entries specific to the preparation of the accounts
7	69.20113	2025	Bepalen van de resultaten en opmaken van de jaarrekeningen in de door de wet bepaalde vorm	Détermination des résultats et rédaction des comptes annuels dans la forme de requise par les dispositions légales en la matière	Ermittlung der Ergebnisse und Erstellung von Jahresabschlüssen in der gesetzlich vorgeschriebenen Form	Determination of the results and drafting of the annual accounts in the form required by the relevant legal provisions
5	69.202	2025	Activiteiten van gecertificeerde belastingadviseurs	Activités des conseillers fiscaux certifiés	Tätigkeiten von zertifizierten Steuerberatern	Activities of certified tax advisers
5	69.203	2025	Activiteiten van bedrijfsrevisoren	Activités des réviseurs d'entreprises	Tätigkeiten von Betriebsrevisoren	Activities of auditors
5	69.209	2025	Overige fiscale dienstverlening	Autres activités fiscales	Sonstige Steuerberatungsdienste	Other tax services
2	70     	2025	Activiteiten van hoofdkantoren en managementadvies	Activités des sièges sociaux et conseil de gestion	Verwaltung und Führung von Unternehmen und Betrieben; Unternehmensberatung	Activities of head offices and management consultancy
3	70.1	2025	Activiteiten van hoofdkantoren	Activités des sièges sociaux	Verwaltung und Führung von Unternehmen und Betrieben	Activities of head offices
4	70.10	2025	Activiteiten van hoofdkantoren	Activités des sièges sociaux	Verwaltung und Führung von Unternehmen und Betrieben	Activities of head offices
5	70.100	2025	Activiteiten van hoofdkantoren	Activités des sièges sociaux	Verwaltung und Führung von Unternehmen und Betrieben	Activities of head offices
7	70.10001	2025	Managementsactiviteiten van holdings : tussenkomen in het dagelijks bestuur, vertegenwoordigen van bedrijven op grond van bezit van of controle over het maatschappelijk kapitaal, enz.	Activités de gestion de holdings : intervention dans la gestion journalière, représentation des entreprises sur base de la possession ou du contrôle du capital social, etc.	Managementtätigkeiten von Holdinggesellschaften: Eingreifen in die laufende Geschäftsführung, Vertretung von Unternehmen aufgrund des Besitzes oder der Kontrolle des Gesellschaftskapital usw	Holding management activities: intervention in day-to-day management, representation of companies on the basis of ownership or control of the share capital, etc.
3	70.2	2025	Activiteiten van adviesbureaus op het gebied van bedrijfsvoering en overig managementadvies	Activités de conseil pour les affaires et autre conseil de gestion	Unternehmensberatung	Business and other management consultancy activities
4	70.20	2025	Activiteiten van adviesbureaus op het gebied van bedrijfsvoering en overig managementadvies	Activités de conseil pour les affaires et autre conseil de gestion	Unternehmensberatung	Business and other management consultancy activities
5	70.200	2025	Activiteiten van adviesbureaus op het gebied van bedrijfsvoering en overig managementadvies	Activités de conseil pour les affaires et autre conseil de gestion	Unternehmensberatung	Business and other management consultancy activities
7	70.20001	2025	Verlenen van adviezen en hulp aan het bedrijfsleven en de overheid op het gebied van planning, organisatie, efficiëntie en toezicht, het verschaffen van informatie aan de bedrijfsleiding, enz.	Conseils et assistance aux entreprises et aux services publics en matière de planification, d'organisation, de recherche du rendement, de contrôle, d'information du gestion, etc.	Beratung und Unterstützung von Unternehmen und öffentlichen Stellen hinsichtlich Planung, Organisation, Effizienz, Kontrolle, Informationsbeschaffung für die Geschäftsführung usw	Advice and assistance to companies and public services in planning, organisation, performance research, control, management information, etc.
7	70.20002	2025	Berekenen van de kosten en baten van de voorgestelde maatregelen op het gebied van planning, organisatie, efficiëntie, enz.	Calcul des coûts et des profits des mesures proposées en matière de planification, d'organisation, de rendement, etc.	Kosten-Nutzenberechnung für im Bereich Planung, Organisation, Effizienz usw vorgeschlagene Maßnahmen	Calculation of the costs and benefits of proposed measures for planning, organising, performance, etc.
7	70.20003	2025	Algemene audit-activiteiten	Activités d'audit général	Allgemeinen Audittätigkeiten	General audit activities
7	70.20004	2025	Verlenen van adviezen op het gebied van het beheer, zoals de argonomen en landbouweconomen ten behoeve van landbouwbedrijven, enz.	Conseils en gestion donnés par exemple par des agronomes ou des économistes agricoles auprès d'exploitations agricoles etc.	Beratung im Bereich Agrarmanagement, zB durch Agrarwissenschaftler und -ökonomen für landwirtschaftliche Betriebe usw	Management advice given for example by agronomists or agricultural economists on farms etc.
2	71     	2025	Activiteiten van architecten en ingenieurs; technische testen en toetsen	Activités d’architecture et d’ingénierie; activités de contrôle et analyses techniques	Tätigkeiten von Architektur- und Ingenieurbüros; technische, physikalische und chemische Untersuchung	Architectural and engineering activities; technical testing and analysis
3	71.1	2025	Activiteiten van architecten, ingenieurs en aanverwante technische adviseurs	Activités d’architecture et d’ingénierie et conseil technique connexe	Tätigkeiten von Architektur- und Ingenieurbüros	Architectural and engineering activities and related technical consultancy
4	71.11	2025	Activiteiten van architecten	Activités d’architecture	Tätigkeiten von Architekturbüros	Architectural activities
5	71.111	2025	Activiteiten van bouwarchitecten	Activités d'architecture de construction	Tätigkeiten im Bereich Architektur und Bau	Activities of building architects
7	71.11101	2025	Verlenen van bouwkundige adviezen aan de bouwheer	Activités de conseil en matière d'architecture au maître d'ouvrage	Bautechnische Beratung des Bauherrn	Architectural consultancy activities to the principal
7	71.11102	2025	Tekenen en ontwerpen van gebouwen	Conception de bâtiments et établissement de plans	Gebäudekonzeption und Planerstellung	Design and construction of buildings
7	71.11103	2025	Toezien op de bouwwerkzaamheden (ruwbouw, installatie, afwerking, enz.)	Surveillance des travaux de construction (gros oeuvre, installation, travaux de finition, etc.)	Überwachung der Bauarbeiten (Rohbau, Installationsarbeiten, Fertigstellungsarbeiten, Endarbeiten usw)	Supervision of construction work (structural work, installation, finishing work, etc.)
7	71.11104	2025	Leiden van belangrijke herstellingswerkzaamheden aan gebouwen	Conduite des opérations de gros entretien des bâtiments	Leitung von umfangreichen Instandsetzungarbeiten an Gebäuden	Operation of major maintenance of buildings
5	71.112	2025	Activiteiten van interieurarchitecten	Activités d'architecture d'intérieur	Tätigkeiten im Bereich Innenarchitektur	Activities of interior architects
5	71.113	2025	Activiteiten van stedebouwkundige en tuin- en landschapsarchitecten	Activités d'architecture d'urbanisme, de paysage et de jardin	Tätigkeiten in den Bereichen Stadtplanung, Garten- und Landschaftsarchitektur usw	Activities of urban, landscape and garden architects
7	71.11301	2025	Uitvoeren van studies en verlenen van advies ivm stedebouwkundige planning en landschapsarchitectuur	Etudes et conseil en matière d'aménagement urbain et d'architecture paysagère	Studien und Beratung im Bereich Stadtplanung und Landschaftsarchitektur	Studies and advice on urban planning and landscape architecture
7	71.11302	2025	Ontwerpen van tuinen en parken, enz.	Conception de jardins, de parcs, etc.	Gestaltung von Gärten, Grünanlagen usw	Design of gardens, parks, etc.
5	71.119	2025	Overige activiteiten op het gebied van architectuur, n.e.g.	Autres activités dans le domaine d'architecture, n.e.c.	Sonstige Tätigkeiten im Bereich Architektur a.n.g.	Other architectural activities n.e.c.
4	71.12	2025	Activiteiten van ingenieurs en aanverwante technische adviseurs	Activités d’ingénierie et de conseil technique connexe	Tätigkeiten von Ingenieurbüros	Engineering activities and related technical consultancy
5	71.121	2025	Activiteiten van ingenieurs en aanverwante technische adviseurs, exclusief landmeters-experts	Activités d'ingénierie et de conseils techniques, sauf activités des géomètres-experts	Ingenieurstätigkeiten, technische Beratung, mit Ausnahme von Vermessungstätigkeiten	Engineering activities and technical consultancy, except activities of land surveyors
7	71.12101	2025	Uitwerking en realisatie van projecten op het gebied van de elektriciteit en elektronica, mijnbouw, chemie, machine- en werktuigbouw, industriële systeemontwikkeling, veiligheid, enz.	Conception et réalisation de projets intéressant le génie électrique et électronique; le génie minier, chimique, mécanique et industriel, l'ingénierie de systèmes, les techniques de sécurité, etc.	Konzeption und Verwirklichung von elektrischen und elektronischen Ingenieurarbeiten, Bergbauingenieurarbeiten, Chemieingenieurarbeiten, mechanischen Ingenieurarbeiten, Industrieingenieurarbeiten, Syst	Design and realisation of projects relating to electrical and electronic engineering; mining, chemical, mechanical and industrial engineering, systems engineering, security techniques, etc.
7	71.12102	2025	Industriële vormgeving	Dessin industriel	Industriedesign	Industrial design
7	71.12103	2025	Uitwerking van projecten op het gebied van klimaatbeheersing, koeltechniek, zuivering en voorkomen van pollutie, akoestiek, enz.	Elaboration de projets faisant appel au génie acoustique, aux techniques de la climatisation, de la réfrigération, de l'assainissement et de la lutte contre la pollution, etc.	Ausarbeitung von Projekten in den Bereichen Akustik, Klimatechnik, Kühltechnik, Sanierung und Kampf gegen Umweltverschmutzung usw	Development of projects involving acoustic engineering, air conditioning, refrigeration, sanitation and pollution control, etc.
7	71.12104	2025	Uitwerking van projecten op het gebied van de burgerlijke en utiliteitsbouw, de weg- en waterbouw en het verkeer	Elaboration de projets comportant des activités ayant trait au génie civil ou de bâtiment, au génie hydraulique et à la technique du trafic	Ausarbeitung von Projekten in den Bereichen Hoch-, Tiefbau und Verkehr	Elaboration of projects involving activities relating to civil or structural engineering, hydraulic engineering and traffic engineering
7	71.12105	2025	Geologisch onderzoek en prospectie : metingen en waarnemingen van de aardoppervlakte om informatie te verkrijgen over aardstructuren en aanwezigheid van aardolie, aardgas, mineralen en grondwater	Activités géologiques et prospection: observation et mesures de surface pour recueillir des infos sur structure du sous-sol et emplacement gisements pétrole, gaz naturel, minéraux et nappes eau sout	Geologische Forschung und Prospektion: Messungen und Beobachtungen der Erdoberfläche zur Gewinnung von Informationen über Bodenstrukturen und Vorkommen von Erdöl, Erdgas, Mineralien und Grundwasser	Geological activities and prospecting: observation and surface measurements to collect information on underground structure and location of oil, natural gas, mineral and groundwater deposits
7	71.12106	2025	Geodetisch onderzoek : hydrografisch onderzoek, onderzoek van de bodemstructuur, grensonderzoek, cartografie en informatie over de ruimtelijke ordening, inclusief luchtfotografie, enz.	Activités de levé géodésique: levé hydrographique, souterrain, de délimitation; cartographie et activités de collecte de données géographiques, y compris par la photographie aérienne, etc.	Geodätische Aufnahmen: hydrographische und unterirdische Aufnahmen, Abgrenzungen; Kartographie und Zusammentragung geographischer Daten, einschliesslich Luftfotographie usw	Geodetic survey activities: hydro graphic, underground, boundary survey; mapping and geographic data collection activities, including aerial photography, etc.
7	71.12111	2025	Activiteiten van bouweconomisten	Activités des économistes en construction	Tätigkeiten von Bauwirtschaftlern	Activities of construction economists
5	71.122	2025	Activiteiten van landmeters-experts	Activités des géomètres-experts	Vermessungstätigkeiten	Activities of land surveyors
7	71.12201	2025	Activiteiten van landmeters-schatters van onroerende goederen	Activités des géomètres-experts immobiliers	Tätigkeiten von Vermessungsingenieuren im Bereich Immobilien	Activities of land surveyors-real estate experts
7	71.12202	2025	Uitvoeren van topografische opmetingen en het afbakenen van percelen en eigendommen (landmeter-expert)	Etablissement de levées topographiques et le bornage des propriétés (géomètres-experts)	Erstellung von  topographischen Aufnahmen und Abmarkung von Grundstücken (Landmesser-Gutachter)	Carrying out topographical surveying and demarcation of plots and properties (surveyor-expert)
7	71.12203	2025	Berekening van het aantal meters van bouwwerken (landmeter-expert)	Calcul du métré des ouvrages (géomètres-experts)	Berechnung von Gebäudemassen (Landmesser-Gutachter)	Calculation of metres of structures (surveyor-expert)
3	71.2	2025	Technische testen en toetsen	Activités de contrôle et analyses techniques	Technische, physikalische und chemische Untersuchung	Technical testing and analysis
4	71.20	2025	Technische testen en toetsen	Activités de contrôle et analyses techniques	Technische, physikalische und chemische Untersuchung	Technical testing and analysis
5	71.201	2025	Technische controle van motorvoertuigen	Contrôle technique des véhicules automobiles	Technische Kontrolle von Kraftfahrzeugen	Motor vehicle inspection
5	71.209	2025	Overige technische testen en toetsen	Autres activités de contrôle et analyses techniques	Sonstige technische Kontrollen und Analysen	Other technical testing and analysis activities
7	71.20901	2025	Testen en analyseren van materialen, producten, installaties, enz. in verband met hun samenstelling, fysische eigenschappen, prestaties en overeenstemming met vooropgestelde normen of met lastenkohier	Essais et analyses portant sur composition, caractéristiques physiques, performances, conformité à des textes réglementaires et à des normes ou à un cahier des chges de matériaux, pdts, install, etc.	Versuche und Analysen über die Zusammensetzung, physikalischen Eigenschaften, Leistungen, Übereinstimmung mit gesetzlichen Vorschriften, Normen oder Lastenheften	Tests and analyses relating to composition, physical characteristics, performance, compliance with regulatory texts and standards or specifications of materials, products, installation, etc.
7	71.20902	2025	Labotesten en -analyses in verband met de werking, de veroudering en de veiligheid van materieel en installaties	Essais ou analyses en laboratoire visant à la vérification du fonctionnement, du vieillissement ou de la sécurité des installations et matériels	Versuche oder Laboranalysen zwecks Überprüfung des Funktionierens, der Überalterung oder Sicherheit von Einrichtungen und Materialien	Laboratory testing or analysis to verify the functioning, ageing or safety of installations and equipment
7	71.20903	2025	Metingen in verband met de zuiverheid van water of lucht, metingen van radioactiviteit en dergelijke, analyses van potentiële bronnen van verontreiniging (rook, afvalwater, enz.)	Réalisation de mesures concernant pureté de l'eau ou de l'air, de mesures de radioactivité et d'autres phénomènes analogues, analyse des sources potentielles de la pollution (fumée, eaux usées, etc.)	Messungen der Reinheit von Wasser oder Luft, Messungen der Radioaktivität und ähnlicher Phänomene,  Analysen von möglichen Verschmutzungsquellen (Rauch, Abwasser usw)	Implementation of measures concerning water and air purity, radioactivity measurements and other similar phenomena, analysis of potential sources of pollution (smoke, waste water, etc.)
7	71.20904	2025	Uitvoeren van testen en analyses op het gebied van de voedingshygiëne	Activités d'essais dans le domaine de l'hygiène alimentaire	Durchführen von Tests und Analysen im Bereich der Nahrungsmittelhygiene	Testing activities in the field of food hygiene
7	71.20905	2025	Testen van bouwelementen	Contrôle des calculs des éléments de constructions	Testen von Bauteilen	Control of calculations of building elements
7	71.20906	2025	Certificering van schepen, vliegtuigen, auto's, hogedrukketels, kerncentrales, enz.	Certification des navires, des aéronefs, des véhicules automobiles, des conteneurs sous pression, des installations nucléaires, etc.	Zertifizierung von Schiffen, Flugzeugen, Kraftfahrzeugen, Druckbehälter, Kernanlagen usw	Certification of ships, aircraft, motor vehicles, pressure containers, nuclear installations, etc.
7	71.20907	2025	Auto-expertise	Expertise en automobiles	Kfz-Sachverständiger	Expertise in motor vehicles
2	72     	2025	Speur- en ontwikkelingswerk op wetenschappelijk gebied	Recherche et développement scientifique	Forschung und Entwicklung	Scientific research and development
3	72.1	2025	Speur- en ontwikkelingswerk op natuurwetenschappelijk gebied	Recherche et développement en sciences physiques et naturelles	Forschung und Entwicklung im Bereich Natur-, Ingenieur-, Agrarwissenschaften und Medizin	Research and experimental development on natural sciences and engineering
4	72.10	2025	Speur- en ontwikkelingswerk op natuurwetenschappelijk gebied	Recherche et développement en sciences physiques et naturelles	Forschung und Entwicklung im Bereich Natur-, Ingenieur-, Agrarwissenschaften und Medizin	Research and experimental development on natural sciences and engineering
5	72.101	2025	Speur- en ontwikkelingswerk op biotechnologisch gebied	Recherche-développement en biotechnologie	Forschung und Entwicklung im Bereich Biotechnologie	Research and experimental development on biotechnology
5	72.109	2025	Overig speur- en ontwikkelingswerk op natuurwetenschappelijk gebied	Recherche-développement en autres sciences physiques et naturelles	Sonstige Forschung und Entwicklung im Bereich Natur-, Ingenieur-, Agrarwissenschaften und Medizin	Research and experimental development on other natural sciences and engineering
7	72.10901	2025	Systematische studies en creatieve inspanningen in diverse soorten speur-en ontwikkelingswerk op het gebied van wiskunde en natuurwetensch (fysica, astronomie, scheikunde, geneeskunde, biologie,enz)	Etudes systématiques et efforts de création entrepris dans divers types de recherche-développement en math et sciences naturelles (physique, astronomie,chimie, sciences médicales, biologie, etc.)	Systematische Studien und kreative Leistungen in verschiedenen Forschungs- und Entwicklungstätigkeiten im Bereich der Mathematik und Naturwissenschaften (Physik, Astronomie, Chemie, Medizin, Biologie	Systematic studies and creative efforts undertaken in various types of math research and development and natural sciences (physics, astronomy, chemistry, medical sciences, biology, etc.)
3	72.2	2025	Speur- en ontwikkelingswerk op het gebied van de maatschappij- en geesteswetenschappen	Recherche et développement en sciences humaines et sociales	Forschung und Entwicklung im Bereich Rechts-, Wirtschafts- und Sozialwissenschaften sowie im Bereich Sprach-, Kultur- und Kunstwissenschaften	Research and experimental development on social sciences and humanities
4	72.20	2025	Speur- en ontwikkelingswerk op het gebied van de maatschappij- en geesteswetenschappen	Recherche et développement en sciences humaines et sociales	Forschung und Entwicklung im Bereich Rechts-, Wirtschafts- und Sozialwissenschaften sowie im Bereich Sprach-, Kultur- und Kunstwissenschaften	Research and experimental development on social sciences and humanities
5	72.200	2025	Speur- en ontwikkelingswerk op het gebied van de maatschappij- en geesteswetenschappen	Recherche et développement en sciences humaines et sociales	Forschung und Entwicklung im Bereich Rechts-, Wirtschafts- und Sozialwissenschaften sowie im Bereich Sprach-, Kultur- und Kunstwissenschaften	Research and experimental development on social sciences and humanities
7	72.20001	2025	Systematische studies en creatieve inspanningen in diverse soorten speur- en ontwikkelingswerk op het gebied van sociale en geesteswetensch (economie, psychologie, sociologie, rechtswetensch, enz.)	Etudes systématiques et efforts de création entrepris dans divers types de recherche-développement en sciences sociales et humaines (économie, psychologie, sociologie, droit, etc.)	Systematische Studien und kreative Leistungen in verschiedenen Forschungs- und Entwicklungstätigkeiten im Bereich der Sozial- und Geisteswissenschaften (Wirtschaft, Psychologie, Soziologie, Rechtswiss	Systematic studies and creative efforts undertaken in various types of research and development in the social and human sciences (economics, psychology, sociology, law, etc.)
2	73     	2025	Reclameactiviteiten, marktonderzoek en public relations	Activités de publicité, d’études de marché et de relations publiques	Werbung und Marktforschung sowie Public-Relations-Beratung	Activities of advertising, market research and public relations
3	73.1	2025	Reclamewezen	Publicité	Werbung	Advertising
4	73.11	2025	Activiteiten van reclamebureaus	Activités d’agence de publicité	Tätigkeiten von Werbeagenturen	Activities of advertising agencies
5	73.110	2025	Activiteiten van reclamebureaus	Activités d’agence de publicité	Tätigkeiten von Werbeagenturen	Activities of advertising agencies
7	73.11001	2025	Ontwerpen en voeren van reclame- en promotiecampagnes voor derden via de verschillende media	Conception et réalisation de campagnes publicitaires pour des tiers, en utilisant tous les médias	Entwicklung und Durchführung von Werbekampagnen für Dritte unter Nutzung der verschiedenen Medien	Design and realisation of advertising campaigns for third parties, using all media
7	73.11002	2025	Ontwerpen en plaatsen van buitenreclame : reclameborden en -panelen, lichtkranten en neonreclame, aanbrengen van reclame op bussen, enz.	Création et placement de publicités: affiches, panneaux publicitaires, journaux lumineux, enseignes lumineuses au néon, affichage sur les autobus, etc.	Entwickeln und Aufstellen von Außenwerbung: Reklameplakate und -schilder, Laufschriftanzeigen und Neonleuchtschilder, Werbung auf Bussen usw	Creation and placement of advertisements: posters, billboards, luminous newspapers, neon signs, display on buses, etc.
7	73.11003	2025	Ontwerpen van publicitaire teksten en slogans (copywriters)	Conception de textes et de slogans publicitaires (copywriters)	Gestaltung von Werbetexten und -slogans (Copywriting)	Conception of texts and advertising slogans (copywriters)
7	73.11004	2025	Ontwerpen van publicitaire films	Conception de films publicitaires	Erstellung von Werbefilmen	Design of advertising films
7	73.11005	2025	Ontwerpen van publicitaire artikelen	Conception d'objets publicitaires	Gestaltung von Werbeartikeln	Design of advertising films
7	73.11006	2025	Concipiëren van reclametechnieken die ernaar streven de individuele consument te benaderen (direct marketing) door middel van geadresseerde reclame (direct mailing), telefonische koopvoorstellen, enz.	Conception de techniques de publicité visant à toucher le consommateur (marketing direct) au moyen de publicité personnalisée (publipostage), propositions téléphoniques d'achat, etc.	Entwicklung von Werbetechniken mit dem Ziel, den Verbraucher individuell anzusprechen (Direktmarketing) durch persönlich adressierte Werbung (Direktmailing), Telefonverkauf usw	Design of advertising techniques aimed at reaching the consumer (direct marketing) by means of personalised advertising (direct mail), telephone prospecting, etc.
7	73.11007	2025	Luchtreclame	Publicité aérienne	Luftwerbung	Aerial advertising
7	73.11008	2025	Verspreiden en thuisbezorgen van monsters en reclamemateriaal, inclusief streekkrantjes en dergelijke	Distribution à domicilie d'échantillons, de prospectus publicitaires et d'autre matériel de publicité, y compris les journaux publicitaires régionaux et similaires	Briefkastenverteilung von Mustern, Werbeprospekten und anderen Werbemitteln, einschließlich regionaler Werbezeitungen und ähnliches	Home distribution of samples, advertising brochures and other advertising material, including regional and similar advertising magazines
4	73.12	2025	Mediarepresentatie	Régie publicitaire de médias	Vermarktung und Vermittlung von Werbezeiten und Werbeflächen	Media representation
5	73.120	2025	Mediarepresentatie	Régie publicitaire de médias	Vermarktung und Vermittlung von Werbezeiten und Werbeflächen	Media representation
7	73.12001	2025	Verkopen van tijd en ruimte voor publiciteit in de diverse media (advertentie-acquisitie)	Régies publicitaires de médias pour la vente de temps d'antenne et d'espaces publicitaires	Vermarktung von Werbezeit und Werberaum in den verschiedenen Medien (Werbemittelverbreitung und Werbemittlung)	Advertising media for the sale of air time and advertising space
7	73.12002	2025	Aanbieden van reclameruimte op panelen, rond sportvelden, in stationshallen, enz.	Location d'emplacements à des fins publicitaires sur des panneaux, autour des terrains de sport, dans les halls de gare, etc.	Vermietung von Werbeflächen auf Tafeln an Sportplätzen und in Bahnhofshallen	Rental of advertising space on signs, around sports grounds, in station halls, etc.
3	73.2	2025	Markt- en opinieonderzoek	Études de marché et sondages	Markt- und Meinungsforschung	Market research and public opinion polling
4	73.20	2025	Markt- en opinieonderzoek	Études de marché et sondages	Markt- und Meinungsforschung	Market research and public opinion polling
5	73.200	2025	Markt- en opinieonderzoek	Études de marché et sondages	Markt- und Meinungsforschung	Market research and public opinion polling
7	73.20001	2025	Onderzoek naar de omvang van de markt voor bepaalde producten, de ontvangst en de bekendheid van producten en koopgewoonten, met het oog op  verkoopbevordering en ontwikkeling van nieuwe producten	Etudes portant sur potentiel commercial de pdts, leur acceptation et connaissance par le public, sur les habitudes d'ach des consommateurs aux fins de la promotion des ventes et élab de pdts nouv	Studien über das Marktpotential von Produkten, ihre Akzeptanz und Bekanntheit beim Verbraucherpublikum sowie über die Kaufgewohnheiten der Verbraucher im Hinblick auf die Verkaufsförderung und Entwick	Studies on the commercial potential of products, their acceptance and awareness by the public, on purchasing habits of consumers for the purpose of promoting sales and
7	73.20002	2025	Statistische analyses van de resultaten van het onderzoek	Analyses statistiques des résultats de ces études	Statistische Analysen der Ergebnisse solcher Studien	Statistical analyses of the results of these studies
7	73.20003	2025	Onderzoek naar de opvattingen van het publiek over politieke, economische en sociale onderwerpen en statistische analyses daarvan	Sondages d'opinion sur les questions politiques, économiques et sociales ainsi que l'analyse statistique des résultats	Meinungsumfragen zu politischen, wirtschaftlichen und sozialen Fragen sowie statistische Analyse der Ergebnisse	Opinion polls on political, economic and social issues as well as statistical analysis of the results
3	73.3	2025	Activiteiten van adviesbureaus op het gebied van public relations en communicatie	Activités de relations publiques et de communication	Public-Relations-Beratung	Public relations and communication activities
4	73.30	2025	Activiteiten van adviesbureaus op het gebied van public relations en communicatie	Activités de conseil en relations publiques et communication	Public-Relations-Beratung	Public relations and communication activities
5	73.300	2025	Activiteiten van adviesbureaus op het gebied van public relations en communicatie	Activités de conseil en relations publiques et communication	Public-Relations-Beratung	Public relations and communication activities
7	73.30001	2025	Verlenen van advies en praktische hulp aan de bedrijven ivm public relations en communicatie	Conseils et assistance opérationnelle aux entreprises dans les domaines des relations publiques et de la communication	Beratung und operative Unterstützung der Unternehmen in den Bereichen Öffentlichkeitsarbeit und Kommunikation	Advice and operational assistance to companies in the fields of public relations and communication
2	74     	2025	Overige wetenschappelijke en technische activiteiten en overige specialistische zakelijke dienstverlening	Autres activités spécialisées, scientifiques et techniques	Sonstige wissenschaftliche und technische Tätigkeiten	Other professional, scientific and technical activities
3	74.1	2025	Activiteiten van gespecialiseerde ontwerpers	Activités spécialisées de design	Ateliers für Textil-, Schmuck-, Grafik- u Ä Design	Specialised design activities
4	74.11	2025	Ontwerpen van industriële producten en mode	Activités de design pour la création de mode ou les produits industriels	Industrie-, Produkt- und Modedesign	Industrial product and fashion design activities
5	74.111	2025	Ontwerpen van textielpatronen, kleding, juwelen, meubels en decoratieartikelen	Création de modèles pour articles textiles, d'articles d'habillement, de bijoux, de meubles et d'objets de décoration intérieure	Ateliers für Textil-, Schmuck-, Möbel- uä Design	Fashion design of textiles, wearing apparel, jewellery, furniture and interior decoration goods
5	74.112	2025	Activiteiten van industriële designers	Activités de design industriel	Tätigkeiten im Bereich Industriedesign	Industrial product design activities
4	74.12	2025	Grafisch ontwerp en visuele communicatie	Activités de design graphique et de communication visuelle	Grafik- und Kommunikationsdesign	Graphic design and visual communication activities
5	74.120	2025	Grafisch ontwerp en visuele communicatie	Activités de design graphique et de communication visuelle	Grafik- und Kommunikationsdesign	Graphic design and visual communication activities
4	74.13	2025	Interieurontwerp	Activités de design d’intérieur	Innenraumdesign und Raumgestaltung	Interior design activities
5	74.130	2025	Interieurontwerp	Activités de design d’intérieur	Innenraumdesign und Raumgestaltung	Interior design activities
4	74.14	2025	Overige gespecialiseerde ontwerpactiviteiten	Autres activités spécialisées de design	Sonstige spezialisierte Designtätigkeiten	Other specialised design activities
5	74.140	2025	Overige gespecialiseerde ontwerpactiviteiten	Autres activités spécialisées de design	Sonstige spezialisierte Designtätigkeiten	Other specialised design activities
7	74.14001	2025	Etaleurswerkzaamheden	Activités d'étalagiste	Tätigkeiten von Schaufensterdekorateuren	Showcase activities
7	74.14002	2025	Ontwerpen van showrooms, enz.	Conception de showrooms, etc.	Gestaltung von Ausstellungsräumen usw.	Design of showrooms, etc.
3	74.2	2025	Activiteiten op het gebied van fotografie	Activités photographiques	Fotografie und Fotolabors	Photographic activities
4	74.20	2025	Activiteiten op het gebied van fotografie	Activités photographiques	Fotografie und Fotolabors	Photographic activities
5	74.201	2025	Activiteiten van fotografen, met uitzondering van persfotografen	Production photographique, sauf activités des photographes de presse	Tätigkeiten von Fotographen mit Ausnahme von Pressefotographen	Photograph production, except activities of press photographers
7	74.20101	2025	Maken van foto's voor bedrijven en particulieren: portretfotografie; mode-en reklamefotografie; fotografie tbv uitgeverijen, toeristische doeleinden, bemiddelaars in onroerende goederen, enz.	Production photographique réalisée à titre commercial ou privé: photos d'identité, de classe , de mariage, etc.; photogr publicitaires, d'édition, de mode, à des fins immob ou touristiques, etc.	Fotoproduktion für gewerbliche oder private Zwecke: Portraitaufnahmen ; Mode- und Werbefotos ; Aufnahmen für Verlage, touristische Zwecke, Immobilienmakler usw	Photographic productions produced commercially or privately: identity photos, class photos, marriage photos,etc; Photographic advertising,publishing,fashion,for real estate or tourist purposes,etc
7	74.20102	2025	Maken van videoreportages over huwelijken en dergelijke	Tournage de reportages vidéo sur des mariages et autres événements similaire	Videoreportagen von Hochzeiten und ähnlichen Veranstaltungen	Video filming at weddings and similar events
5	74.202	2025	Activiteiten van persfotografen	Activités des photographes de presse	Tätigkeiten von Pressefotographen	Activities of press photographers
7	74.20201	2025	Zelfstandig werkende persfotografen	Activités des photographes de presse indépendants	Tätigkeiten von selbstständigen Pressefotographen	Activities of independent press photographers
5	74.209	2025	Overige fotografische activiteiten	Autres activités photographiques	Sonstige Tätigkeiten im Bereich Fotographie	Other photographic activities
7	74.20901	2025	Verwerking van films : ontwikkelen, afdrukken en vergroten van door de cliënt gemaakte negatieven of films; inramen van dia's; kopiëren, restaureren en retoucheren van films en foto's	Traitement des films: développement, tirage et agrandissement de photos ou de films réalisés par les clients; montage de diapositives; copie, restauration et retouche de photographies et de films	Behandlung von Filmmaterial: Entwicklung, Abzüge und Vergrösserungen von Kundenfotos oder filmen; Diaeinrahmungen, Kopien, Restaurierungen und Retuschierarbeiten an Fotos und Filmen	Processing of films: development, printing and enlargement of photographs or films made by customers; mounting of slides; copying, restoration and retouching of photographs and films
3	74.3	2025	Activiteiten van vertalers en tolken	Activités de traduction et d’interprétation	Übersetzen und Dolmetschen	Translation and interpretation activities
4	74.30	2025	Activiteiten van vertalers en tolken	Activités de traduction et d’interprétation	Übersetzen und Dolmetschen	Translation and interpretation activities
5	74.301	2025	Activiteiten van vertalers	Activités de traduction	Übersetzen	Translation activities
5	74.302	2025	Activiteiten van tolken	Activités d'interprétation	Dolmetschen	Interpretation activities
3	74.9	2025	Overigewetenschappelijke en technische activiteiten  en overige specialistische zakelijke dienstverlening, n.e.g.	Autres activités spécialisées, scientifiques et techniques n.c.a.	Sonstige wissenschaftliche und technische Tätigkeiten a.n.g.	Other professional, scientific and technical activities n.e.c.
4	74.91	2025	Bemiddeling in en het in de handel brengen van octrooien	Activités d'intermédiation et commercialisation de brevets	Erbringung von Vermittlungs- und Vermarktungsdienstleistungen für Patente	Patent brokering and marketing service activities
5	74.910	2025	Bemiddeling in en het in de handel brengen van octrooien	Activités d'intermédiation et commercialisation de brevets	Erbringung von Vermittlungs- und Vermarktungsdienstleistungen für Patente	Patent brokering and marketing service activities
7	74.91001	2025	Beheer van filmrechten en rechten op audiovisuele producties	Gestion de droits cinématographiques et audiovisuels d'oeuvres réalisées par des tiers	Verwaltung von Filmrechten und Rechten an audiovisuellen Produktionen	Management of cinematographic and audio-visual rights for works made by third parties
4	74.99	2025	Alle overige wetenschappelijke en technische activiteiten  en overige specialistische zakelijke dienstverlening, n.e.g.	Toutes les autres activités des professions libérales et autres activités scientifiques et techniques, n.c.a.	Alle anderen wissenschaftlichen und technischen Tätigkeiten a.n.g.	All other professional, scientific and technical activities n.e.c.
5	74.991	2025	Activiteiten van managers van artiesten, sportlui en overige bekende personaliteiten	Activités des agents et représentants d'artistes, de sportifs et d'autres, personnalités publiques	Agenten- und Managertätigkeiten für Künstler, Sportler und andere prominenten Persönlichkeiten	Activities of agents and representatives for artists, sportsmen and other personalities
5	74.999	2025	Overige activiteiten van vrije beroepen en andere wetenschappelijke en technische activiteiten, n.e.g.	Autres activités des professions libérales et autres activités scientifiques et techniques, n.c.a.	Sonstige wissenschaftliche und technische Tätigkeiten a.n.g.	Other liberal professions and professional, scientific and technical activities n.e.c.
2	75     	2025	Veterinaire diensten	Activités vétérinaires	Veterinärwesen	Veterinary activities
3	75.0	2025	Veterinaire diensten	Activités vétérinaires	Veterinärwesen	Veterinary activities
4	75.00	2025	Veterinaire diensten	Activités vétérinaires	Veterinärwesen	Veterinary activities
5	75.000	2025	Veterinaire diensten	Activités vétérinaires	Veterinärwesen	Veterinary activities
2	77     	2025	Verhuur en lease	Activités de location et location-bail	Vermietung und Leasing	Rental and leasing activities
3	77.1	2025	Verhuur en lease van motorvoertuigen	Location et location-bail de véhicules automobiles	Vermietung von Kraftwagen	Rental and leasing of motor vehicles
4	77.11	2025	Verhuur en lease van personenauto’s en andere lichte motorvoertuigen	Location et location-bail de voitures et véhicules automobiles légers	Vermietung von Kraftwagen mit einem Gesamtgewicht von 3,5 t oder weniger	Rental and leasing of cars and light motor vehicles
5	77.110	2025	Verhuur en lease van personenauto’s en andere lichte motorvoertuigen	Location et location-bail de voitures et véhicules automobiles légers	Vermietung von Kraftwagen mit einem Gesamtgewicht von 3,5 t oder weniger	Rental and leasing of cars and light motor vehicles
7	77.11001	2025	Verhuur op korte termijn van personenauto's zonder chauffeur	Location à court terme de voitures particulières sans chauffeur	Kurzfristige Vermietung von Personenkraftwagen ohne Fahrer	Short-term rental of passenger cars without driver
7	77.11002	2025	Operationele leasing van personenauto's zonder chauffeur	Location à longue durée de voitures particulières sans chauffeur	Langfristige Vermietung von Personenkraftwagen ohne Fahrer	Long-term rental of passenger cars without driver
7	77.11003	2025	Verhuur of operationele leasing van lichte bestelwagens (max 3,5 t) zonder chauffeur	Location à court terme ou la location-bail de véhicules utilitaires légers (max 3,5 t) sans conducteur	Kurzfristige Vermietung oder Leasingverträge leichter Nutzfahrzeuge (max 3, 5 t) ohne Fahrer	Short-term rental or leasing of light commercial vehicles (max 35 tons) without driver
4	77.12	2025	Verhuur en lease van vrachtwagens	Location et location-bail de camions	Vermietung von Kraftwagen mit einem Gesamtgewicht von mehr als 3,5 t	Rental and leasing of trucks
5	77.120	2025	Verhuur en lease van vrachtwagens	Location et location-bail de camions	Vermietung von Kraftwagen mit einem Gesamtgewicht von mehr als 3,5 t	Rental and leasing of trucks
7	77.12001	2025	Verhuur en operationele leasing van transportmiddelen voor vervoer te land, zonder bestuurder, muv personenauto's en lichte vrachtwagens :spoorwegmat, vrachtauto's, trekkers, aanhangwagen, enz.	Location et location-bail de matériels de transp terrestre, sans chauffeur, à l'excl de voit particulières et de véhicules utilit légers: véhicules de chemde fer, camions, tract de halage, etc.	Vermietung und Leasing von Landtransportmitteln ohne Fahrer, mit Ausnahme von Personenkraftwagen und leichte Nutzfahrzeugen: Eisenbahnfahrzeuge, Lastwagen, Traktoren, Anhänger usw	Rental and leasing of equipment for ground transport, without driver, excluding passenger cars and light utility vehicles: railway vehicles, lorries, haulage tractors, etc.
3	77.2	2025	Verhuur en lease van consumentenartikelen	Location et location-bail de biens personnels et domestiques	Vermietung von Gebrauchsgütern	Rental and leasing of personal and household goods
4	77.21	2025	Verhuur en lease van sport- en recreatieartikelen	Location et location-bail d’articles de loisirs et de sport	Vermietung von Sport- und Freizeitgeräten	Rental and leasing of recreational and sports goods
5	77.210	2025	Verhuur en lease van sport- en recreatieartikelen	Location et location-bail d’articles de loisirs et de sport	Vermietung von Sport- und Freizeitgeräten	Rental and leasing of recreational and sports goods
7	77.21001	2025	Verhuur van sport- en kampeerartikelen	Location d'articles de sport et de camping	Verleih von Sport- und Campinggeräten	Rental of sports and camping equipment
7	77.21002	2025	Verhuur van fietsen	Location de bicyclettes	Fahrradvermietung	Rental of bicycles
7	77.21003	2025	Verhuur van pleziervaartuigen	Location d'embarcations de plaisance	Vermietung von Wassersportfahrzeugen	Rental of recreational boats
4	77.22	2025	Verhuur en lease van andere huishoudelijke of persoonlijke artikelen	Location et location-bail d’autres biens personnels et domestiques	Vermietung von sonstigen Gebrauchsgütern	Rental and leasing of other personal and household goods
5	77.221	2025	Verhuur en lease van machines, apparatuur en handgereedschap voor doe-het-zelvers	Location et location-bail de machines-outils, de matériel et d'outils à main pour le bricolage	Vermietung und Leasing von Werkzeugmaschinen, Geräten und Handwerkzeugen für Heimwerker	Rental and leasing of DIY machine tools, equipment and hand tools
7	77.22101	2025	Verhuur van gazonmaaiers	Location de tondeuses à gazon	Vermietung von Rasenmähern	Rental of lawn mowers
5	77.222	2025	Verhuur en lease van televisietoestellen en andere audio- en videoapparatuur	Location et location-bail de téléviseurs et d'autres appareils audiovisuels	Vermietung und Leasing von Fernsehern und anderen audiovisuellen Geräten	Rental and leasing of televisions and other audiovisual equipment
5	77.223	2025	Verhuur en lease van vaat- en glaswerk, keuken- en tafelgerei, elektrische huishoudapparaten en andere huishoudelijke benodigdheden	Location et location-bail de vaisselle, couverts, verrerie, articles pour la cuisine, appareils électriques et électroménagers	Vermietung und Leasing von Geschirr, Glaswaren, Küchen- und Tischbesteck, elektrischen Haushaltsgeräten und sontigen Haushaltsutensilien	Rental and leasing of glass, kitchen and tableware, electrical appliances and house wares
5	77.224	2025	Verhuur en lease van textiel, kleding, sieraden en schoeisel	Location et location-bail de textiles, d'habillement, de bijoux et de chaussures	Vermietung und Leasing von Textilien, Kleidung, Schmuck und Schuhen	Rental and leasing of textiles, wearing apparel, jewellery and footwear
7	77.22401	2025	Verhuur van theaterkostuums, carnavalkleding, ceremoniekleding, sieraden, enz.	Location de costumes de scène, de vêtements de carnaval, de vêtements de cérémonie, de bijoux, etc.	Vermietung von Bühnen- und Karnevalskostümen, Zeremoniekleidung, Schmuck usw	Rental of stage costumes, carnival wear, ceremonial clothing, jewellery, etc.
5	77.225	2025	Verhuur en lease van medisch en paramedisch materieel	Location et location-bail de matériel médical et paramédical	Vermietung und Leasing von medizinischem und paramedizinischem Material	Rental and leasing of medical and paramedical equipment
5	77.226	2025	Verhuur en lease van bloemen en planten	Location et location-bail de fleurs et de plantes	Vermietung und Leasing von Blumen und Pflanzen	Rental and leasing of flowers and plants
5	77.229	2025	Verhuur en lease van andere huishoudelijke of persoonlijke artikelen, n.e.g.	Location et location-bail d'autres biens personnels et domestiques n.c.a.	Vermietung und Leasing von sonstigen persönlichen Gütern und Haushaltsgütern a.n.g.	Rental and leasing of other personal and household goods n.e.c.
7	77.22901	2025	Verhuur van videocassettes en -banden	Location de vidéocassettes et bandes-vidéo	Vermietung von Videokassetten und -bändern	Rental of video cassettes and videotapes
7	77.22902	2025	Verhuur van CD's, grammofoonplaten, enz.	Location de disques, de disques compacts, etc.	Vermietung von Schallplatten, CD usw	Rental of records, compact discs, etc.
7	77.22911	2025	Verhuur van decors	Location de décors	Vermietung von Kulissen	Rental of decoration
7	77.22912	2025	Verhuur van boeken en tijdschriften	Location de livres et périodiques	Vermietung von Büchern und Zeitschriften	Rental of books and periodicals
7	77.22913	2025	Verhuur van muziekinstrumenten	Location d'instruments de musique	Vermietung von Musikinstrumenten	Leasing or rental services of musical instruments
3	77.3	2025	Verhuur en lease van andere machines en werktuigen en andere materiële goederen	Location et location-bail d’autres machines, équipements et biens	Vermietung von Maschinen, Geräten und sonstigen beweglichen Sachen	Rental and leasing of other machinery, equipment and tangible goods
4	77.31	2025	Verhuur en lease van landbouwmachines en -werktuigen	Location et location-bail de matériel agricole	Vermietung von landwirtschaftlichen Maschinen und Geräten	Rental and leasing of agricultural machinery and equipment
5	77.310	2025	Verhuur en lease van landbouwmachines en -werktuigen	Location et location-bail de matériel agricole	Vermietung von landwirtschaftlichen Maschinen und Geräten	Rental and leasing of agricultural machinery and equipment
7	77.31001	2025	Verhuur van landbouwtractoren en motoculteurs	Location de tracteurs agricoles et de motoculteurs	Vermietung von Landwirtschaftstraktoren und Einachsschleppern	Rental of agricultural tractors and power tillers
7	77.31002	2025	Verhuur van machines en werktuigen voor de landbouw, veeteelt, bosbouw,zonder bedieningspersoneel (= verhuur van de producten die worden vervaardigd in groep 293)	Location de machines et équipements pour l'agriculture, l'élevage et l'exploitation forestière, sans opérateur (= la location des produits fabriqués dans le groupe 293)	Vermietung von Maschinen und Geräten für die Landwirtschaft, Viehzucht und Forstwirtschaft ohne Bedienungspersonal (= Vermietung von Erzeugnissen, die in Gruppe 293 hergestellt wurden)	Rental of machinery and equipment for agriculture, raising and logging, without operator (= rental of products manufactured in group 293)
4	77.32	2025	Verhuur en lease van machines en installaties voor de bouwnijverheid en de weg- en waterbouw	Location et location-bail de machines et équipements pour la construction et le génie civil	Vermietung von Baumaschinen und -geräten	Rental and leasing of construction and civil engineering machinery and equipment
5	77.320	2025	Verhuur en lease van machines en installaties voor de bouwnijverheid en de weg- en waterbouw	Location et location-bail de machines et équipements pour la construction et le génie civil	Vermietung von Baumaschinen und -geräten	Rental and leasing of construction and civil engineering machinery and equipment
7	77.32001	2025	Verhuur en operationele leasing van machines en installaties voor de burgerlijke en utiliteitsbouw en voor de weg- en waterbouw, zonder bedieningspersoneel(kranen,betonmolens, enz.)	Location et location-bail de machines et équipements pour le bâtiment et le génie-civil, sans opérateur (grues, bouteurs, bétonnières, etc.)	Vermietung und Leasing von Maschinen und Geräten für den Hoch- und Tiefbau ohne Bedienungspersonal (Kräne, Planierraupen, Betonmischmaschinen usw)	Rental and leasing of machinery and equipment for construction and civil engineering, without operator (cranes, bulldozers, cement mixers, etc.)
7	77.32002	2025	Verhuur van steigers en werkplatforms zonder optrekken en afbreken	Location d'échafaudages et de plates-formes de travail, sans montage ni démontage	Vermietung von Gerüsten und von Arbeitsplattformen ohne Montage oder Demontage	Rental of scaffolding and work platforms, without assembly or dismantling
4	77.33	2025	Verhuur en lease van kantoormachines, inclusief computers	Location et location-bail de machines et équipements de bureau et d’ordinateurs	Vermietung von Büromaschinen, Datenverarbeitungsgeräten und -einrichtungen	Rental and leasing of office machinery, equipment and computers
5	77.330	2025	Verhuur en lease van kantoormachines, inclusief computers	Location et location-bail de machines et équipements de bureau et d’ordinateurs	Vermietung von Büromaschinen, Datenverarbeitungsgeräten und -einrichtungen	Rental and leasing of office machinery, equipment and computers
7	77.33001	2025	Verhuur en operationele leasing van kantoormachines, incl computers, zonder bedieningspersoneel : computerapparatuur, duplicators, fotokopieermachines, schrijfmachines, tekstverwerkers, enz.	Location et location-bail de machines et équipements de bureau, sans opérateur: ordinateurs, machines et matériels informatiques, duplicateurs, photocop, machines à écr et de traitem de texte, etc.	Vermietung und Leasing von Büromaschinen und -ausrüstungen ohne Bedienungspersonal: Rechner, EDV-Geräte und Zubehör, Vervielfältigungsgeräte, Kopierer, Schreibmaschinen, Textverarbeitungsgeräte usw	Renting and leasing of office machines and equipment, without operator: computers, computer machinery and equipment, duplicators, photocopiers, typewriters and word processors, etc.
7	77.33002	2025	Verhuur van standaard-programmatuur	Location, ou la redevance d'utilisation, de logiciels	Vermietung oder Einnahme von Lizenzgebühren für Software	Rental, or payment for the use of software
4	77.34	2025	Verhuur en lease van transportmiddelen voor vervoer over water	Location et location-bail de matériels de transport par eau	Vermietung von Wasserfahrzeugen	Rental and leasing of water transport equipment
5	77.340	2025	Verhuur en lease van transportmiddelen voor vervoer over water	Location et location-bail de matériels de transport par eau	Vermietung von Wasserfahrzeugen	Rental and leasing of water transport equipment
7	77.34001	2025	Verhuur en operationele leasing van transportmiddelen voor vervoer over water, zoals vrachtschepen, cargo's enz. zonder bemanning	Location et location-bail de matériels de transport maritime et fluvial tels que bateaux, cargos et navires de transport, sans équipage	Vermietung und Leasing von Wasserfahrzeugen für den See- und Flusstransport wie Frachtschiffe, Güterschiffe usw ohne Mannschaft	Rental and leasing of marine and river transport equipment such as ships, cargo ships and transport vessels, without crew
4	77.35	2025	Verhuur en lease van luchtvaartuigen	Location et location-bail de matériels de transport aérien	Vermietung von Luftfahrzeugen	Rental and leasing of air transport equipment
5	77.350	2025	Verhuur en lease van luchtvaartuigen	Location et location-bail de matériels de transport aérien	Vermietung von Luftfahrzeugen	Rental and leasing of air transport equipment
7	77.35001	2025	Verhuur en operationele leasing van transportmiddelen voor luchtvervoer, zonder piloot	Location et location-bail de matériels de transport aérien, sans pilote	Vermietung und das Leasing von Lufttransportmitteln ohne Pilot	Rental and leasing of air transport equipment, unmanned
4	77.39	2025	Verhuur en lease van andere machines en werktuigen en andere materiële goederen, n.e.g.	Location et location-bail d’autres machines, équipements et biens n.c.a.	Vermietung von sonstigen Maschinen, Geräten und beweglichen Sachen an g	Rental and leasing of other machinery, equipment and tangible goods n.e.c.
5	77.391	2025	Verhuur en lease van speel-, amusement-, en verkoopautomaten	Location et location-bail de machines à sous, de machines de jeux et de machines automatiques de vente de produits	Vermietung und Leasing von Spiel-, Unterhaltungs- und Verkaufsautomaten	Rental and leasing of gambling machines, gaming machines and vending machines
7	77.39101	2025	Verhuur en operationele leasing zonder bedieningspersoneel van speelautomaten, en al dan niet elektronische spelen voor café's, casino's,enz	Location et location-bail de machines à sous et jeux, électroniques ou non, pour cafés, casinos, etc.	Vermietung und Leasing von Münzautomaten und Spielmaschinen, elektronische oder nicht, für Gaststätten, Kasinos usw	Rental and leasing of slot machines and games, electronic and non-electronic, for cafés, casinos, etc.
5	77.392	2025	Verhuur en lease van tenten	Location et location-bail de tentes	Vermietung und Leasing von Zelten	Rental and leasing of tents
7	77.39201	2025	Verhuur en operationele leasing zonder bedieningspersoneel van tenten voor tentoonstellingen, bedrijfsfeesten, concerten, enz.	Location et location-bail de chapiteaux pour expositions, fêtes d'entreprises, concerts, etc., sans opérateur	Vermietung und Leasing von Kapitellen für Ausstellungen, Betriebsfeste, Konzerte usw ohne Bedienungspersonal	Rental and leasing of marquees for exhibitions, company parties, concerts, etc., without operator
5	77.393	2025	Verhuur en lease van caravans	Location et location-bail de caravanes	Vermietung und Leasing von Wohnwagen	Rental and leasing of caravans
5	77.394	2025	Verhuur en lease van woon- en bureelcontainers en dergelijke accommodatie	Location et location-bail de conteneurs à usage de bâtiment	Vermietung und Leasing von Wohn- und Bürocontainern und dengleichen	Rental and leasing of accommodation or office containers
5	77.399	2025	Verhuur en lease van andere machines en werktuigen en andere materiële goederen	Location et location-bail d'autres machines, équipements et biens matériels	Vermietung und Leasing von sonstigen Maschinen, Werkzeugen und materiellen Gütern	Rental and leasing of other miscellaneous machinery, equipment and tangible goods
7	77.39901	2025	Verhuur en operationele leasing zonder bedieningspersoneel van motoren,turbines, compressoren, gereedschapswerktuigen	Location et location-bail de moteurs et turbines, compresseurs, machines-outils, sans opérateur	Vermietung und Leasing von Motoren und Turbinen, Kompressoren, Werkzeugmaschinen ohne Bedienungspersonal	Rental and leasing of engines and turbines, compressors, machine tools, without operator
7	77.39902	2025	Verhuur en operationele leasing zonder bedieningspersoneel van radio- en televisie- en communicatieapparatuur	Location et location-bail de matériels de radiodiffusion, de télévision et de communication, sans opérateur	Vermietung und Leasing von Rundfunksende-, Fernseh- und Kommunikationsmaterial ohne Bedienungspersonal	Rental and leasing of radio, television and communication equipment, without operator
7	77.39903	2025	Verhuur en operationele leasing zonder bedieningspersoneel van meet-en regelapparatuur	Location et location-bail de matériels de mesure et de contrôle, sans opérateur	Vermietung und Leasing von Meß- und Prüfgerätenohne Bedienungspersonal	Rental and leasing of measuring and control equipment, without operator
7	77.39904	2025	Verhuur en operationele leasing zonder bedieningspersoneel van overige apparatuur voor wetenschappelijke, commerciële en industrieële doeleinden, inclusief verkoopautomaten	Location et location-bail d'autres machines et matériels à usage scientifique, commercial et industriel, y compris les machines automatiques de vente de produits, sans opérateur	Vermietung und Leasing sonstiger Maschinen und Materialien für wissenschaftliche, gewerbliche und industrielle Zwecke einschließlich Verkaufsautomaten, ohne Bedienungspersonal	Rental and leasing of other machinery and equipment for scientific, commercial and industrial use, including automatic machines for the sale of products, without operator
3	77.4	2025	Lease van intellectuele eigendom en vergelijkbare producten, met uitzondering van werken onder auteursrecht	Location-bail de propriété intellectuelle et de produits similaires, à l’exception des œuvres soumises à copyright	Leasing von nichtfinanziellen immateriellen Vermögensgütern, ohne Copyrights	Leasing of intellectual property and similar products, except copyrighted works
4	77.40	2025	Lease van intellectuele eigendom en vergelijkbare producten, met uitzondering van werken onder auteursrecht	Location-bail de propriété intellectuelle et de produits similaires, à l’exception des œuvres soumises à copyright	Leasing von nichtfinanziellen immateriellen Vermögensgütern, ohne Copyrights	Leasing of intellectual property and similar products, except copyrighted works
5	77.400	2025	Lease van intellectuele eigendom en vergelijkbare producten, met uitzondering van werken onder auteursrecht	Location-bail de propriété intellectuelle et de produits similaires, à l’exception des œuvres soumises à copyright	Leasing von nichtfinanziellen immateriellen Vermögensgütern, ohne Copyrights	Leasing of intellectual property and similar products, except copyrighted works
3	77.5	2025	Bemiddeling in verband met verhuur en leasing van materiële goederen en niet-financiële immateriële activa	Activités de service d’intermédiation pour la location et la location-bail de biens corporels et d’immobilisations incorporelles non financières	Vermittlungstätigkeiten für die Vermietung und das Leasing von beweglichen Sachen und nichtfinanziellen immateriellen Vermögenswerten	Intermediation service activities for rental and leasing of tangible goods and non-financial intangible assets
4	77.51	2025	Bemiddeling in verband met verhuur en leasing van auto’s, campers en aanhangwagens	Activités de service d’intermédiation pour la location et la location-bail de voitures, camping-cars et caravanes	Vermittlungstätigkeiten für die Vermietung und das Leasing von Autos, Wohnmobilen und Anhängern	Intermediation service activities for rental and leasing of cars, motorhomes and trailers
5	77.510	2025	Bemiddeling in verband met verhuur en leasing van auto’s, campers en aanhangwagens	Activités de service d’intermédiation pour la location et la location-bail de voitures, camping-cars et caravanes	Vermittlungstätigkeiten für die Vermietung und das Leasing von Autos, Wohnmobilen und Anhängern	Intermediation service activities for rental and leasing of cars, motorhomes and trailers
4	77.52	2025	Bemiddeling in verband met verhuur en leasing van andere materiële goederen en niet-financiële immateriële activa	Activités de service d’intermédiation pour la location et la location-bail d’autres biens corporels et d’immobilisations incorporelles non financières	Vermittlungstätigkeiten für die Vermietung und das Leasing von sonstigen beweglichen Sachen und nichtfinanziellen immateriellen Vermögensgütern	Intermediation service activities for rental and leasing of other tangible goods and non-financial intangible assets
5	77.520	2025	Bemiddeling in verband met verhuur en leasing van andere materiële goederen en niet-financiële immateriële activa	Activités de service d’intermédiation pour la location et la location-bail d’autres biens corporels et d’immobilisations incorporelles non financières	Vermittlungstätigkeiten für die Vermietung und das Leasing von sonstigen beweglichen Sachen und nichtfinanziellen immateriellen Vermögensgütern	Intermediation service activities for rental and leasing of other tangible goods and non-financial intangible assets
2	78     	2025	Arbeidsbemiddeling en personeelswerk	Activités liées à l’emploi	Vermittlung und Überlassung von Arbeitskräften	Employment activities
3	78.1	2025	Arbeidsbemiddeling	Activités des agences de placement de main-d’œuvre	Vermittlung von Arbeitskräften	Activities of employment placement agencies
4	78.10	2025	Arbeidsbemiddeling	Activités des agences de placement de main-d’œuvre	Vermittlung von Arbeitskräften	Activities of employment placement agencies
5	78.100	2025	Arbeidsbemiddeling	Activités des agences de placement de main-d’œuvre	Vermittlung von Arbeitskräften	Activities of employment placement agencies
7	78.10001	2025	Zoeken, selecteren, verwijzen en plaatsen van personeel tbv latere werkgever of werkzoeker : formulering van taakomschrijvingen; op geschiktheid testen van sollicitanten; natrekken van referenties	Recherche, sélection, orientation et placement de personnel à l'intention de l'employeur ou du demandeur d'emploi: formulation des descriptions de postes; sélection et examen des cand; vérif réf	Personalsuche, -auswahl, -orientierung und -vermittlung für potentielle Arbeitgeber oder Arbeitssuchende: Formulierung der Aufgabenbeschreibung; Eignungsprüfung der Bewerber; Überprüfung der Referenze	Research, selection, orientation and placement of personnel for employers or job seekers: formulation of job descriptions; selection and examination of candidates
7	78.10002	2025	Zoeken en plaatsen van directieleden (headhunters)	"Activités de recherche et de placement de cadres (""chasseurs de têtes"")"	Suche und Vermittlung von Führungskräften (Headhunter)	"Research and placement of executives (""head-hunters"")"
7	78.10003	2025	Plaatsen voor rekening van de bedrijven van personeelsleden die werkloos zijn geworden ten gevolge van een reorganisatie (outplacement)	Placement, pour compte des entreprises, de personnel ayant perdu son travail par suite d'une réorganisation (outplacement)	Außenvermittlung im Auftrag von Unternehmen von Personal, das infolge einer Umorganisation nicht weiter beschäftigt werden kann (Outplacement)	Placement of staff, on behalf of companies, of staff who have lost their work as a result of outplacement
7	78.10004	2025	Overheidsdiensten voor arbeidsbemiddeling, inclusief de eventueel daaraan verbonden beroepsopleiding (VDAB, Brusselse gewestelijke dienst voor arbeidsbemiddeling, enz.)	Services publics pour l'emploi, y compris éventuellement leurs activités de formation professionnelle (Office communautaire et régional de la formation professionnelle et de l'emploi, ORBEM, etc.)	Öffentliche Arbeitsämter, einschließlich ihrer Berufsbildungstätigkeiten (gemeinschaftliches und regionales Amt für Berufsausbildung und Arbeitsvermittlung, ORBEM) usw	Public employment services, including possibly their vocational training activities (Community and Regional Office for Vocational Training and Employment, ORBEM, etc.)
7	78.10005	2025	Agentschap voor fotomodellen, mannequins, hostessen en dergelijke	Agences de mannequins, hôtesses et similaires	Modellagenturen, Hostessen und ähnliche	Modelling agencies, hostesses and similar
7	78.10006	2025	Zoeken van acteurs voor film, televisie en theater	Engagement et placement d'acteurs pour les films cinématographiques, les émissions de télévision et les pièces de théâtre	Schspielersuche und vermittlung für Film, Fernsehen und Theater	Hiring and casting of actors for cinematographic films, television shows and plays
3	78.2	2025	Activiteiten van uitzendbureaus en andere diensten in verband met personeelsvoorziening	Activités d’agence de travail temporaire et autre mise à disposition de ressources humaines	Überlassung von Arbeitskräften und sonstige Personaldienstleistungen	Temporary employment agency activities and other human resource provisions
4	78.20	2025	Activiteiten van uitzendbureaus en andere diensten in verband met personeelsvoorziening	Activités d’agence de travail temporaire et autre mise à disposition de ressources humaines	Überlassung von Arbeitskräften und sonstige Personaldienstleistungen	Temporary employment agency activities and other human resource provisions
5	78.200	2025	Activiteiten van uitzendbureaus en andere diensten in verband met personeelsvoorziening	Activités d’agence de travail temporaire et autre mise à disposition de ressources humaines	Überlassung von Arbeitskräften und sonstige Personaldienstleistungen	Temporary employment agency activities and other human resource provisions
2	79     	2025	Activiteiten van reisbureaus, reisorganisatoren, reserveringsbureaus en aanverwante activiteiten	Activités d’agence de voyage, de voyagiste, de service de réservation et de services connexes	Reisebüros, Reiseveranstalter und Erbringung sonstiger Reservierungsdienstleistungen	Travel agency, tour operator and other reservation service and related activities
3	79.1	2025	Activiteiten van reisbureaus en reisorganisatoren	Activités d’agence de voyage et de voyagiste	Reisebüros und Reiseveranstalter	Travel agency and tour operator activities
4	79.11	2025	Activiteiten van reisbureaus	Activités d’agence de voyage	Reisebüros	Travel agency activities
5	79.110	2025	Activiteiten van reisbureaus	Activités d’agence de voyage	Reisebüros	Travel agency activities
7	79.11001	2025	Verschaffen van informatie en advies over reizen	Fourniture d'informations et de conseils en matière de voyages	Reiseberatung und -information	Provision of travel information and advice
7	79.11002	2025	Verkoop aan de hand van brochures en catalogi van door touroperators georganiseerde reizen	Vente sur base de brochures et de catalogues de voyages organisés par les tour operators	Verkauf von Reisen durch Reiseveranstalter anhand von Reisebroschüren und Reiseprospekten	Sales on the basis of brochures and tour catalogues organised by tour operators
4	79.12	2025	Activiteiten van reisorganisatoren	Activités de voyagiste	Reiseveranstalter	Tour operator activities
5	79.120	2025	Activiteiten van reisorganisatoren	Activités de voyagiste	Reiseveranstalter	Tour operator activities
7	79.12001	2025	Reisorganisatoren,die,in het algemeen,een uitgebreid assortiment van reizen aanbieden,waarbij de cliënt aan de hand van brochures en catalogi kan kiezen tussen diverse formules en bestemmingen	Organisateurs de voyages qui, en général, présentent une large gamme de voyages  Leurs clients peuvent choisir parmi plusieurs formules et destinations à l'aide de brochures et de catalogues	Reiseveranstalter, die im Allgemeinen eine breite Auswahl an Reisen bieten Die Kunden können anhand von Broschüren und Katalogen unter mehreren Reiseangeboten und zielen auswählen	Travel organisers who generally present a wide range of travel  Their customers can choose from several formulas and destinations using brochures and catalogues
7	79.12002	2025	Organisatoren die gespecialiseerd zijn in een bepaalde vakantieformule en daarin diverse bestemmingen aanbieden	Organisateurs spécialisés dans une formule de vacances déterminée pour laquelle ils offrent des destinations diverses	Veranstalter, die auf ein bestimmtes Urlaubsangebot spezialisiert sind, für welches sie verschiedene Reiseziele anbieten	Organisers specialising in a specific holiday formula for which they offer various destinations
3	79.9	2025	Activiteiten van reserveringsbureaus en aanverwante activiteiten	Autres activités de service de réservation et activités connexes	Erbringung sonstiger Reservierungsdienstleistungen	Other reservation service and related activities
4	79.90	2025	Activiteiten van reserveringsbureaus en aanverwante activiteiten	Autres activités de service de réservation et activités connexes	Erbringung sonstiger Reservierungsdienstleistungen	Other reservation service and related activities
5	79.901	2025	Activiteiten van toeristische informatiediensten	Services d'information touristique	Touristische Informationsdienste	Tourist information services
7	79.90101	2025	Reisbegeleiders en gidsen, toeristische informatiediensten en dergelijke	Guides, services d'information touristique et similaires	Führer, Fremdenverkehrsinformationdienste und Ähnliches	Guides, tourist information services and suchlike
5	79.909	2025	Overige reserveringsactiviteiten	Autres services de réservation	Erbringung sonstiger Reservierungsdienstleistungen	Other reservation service
2	80     	2025	Opsporings- en beveiligingsdiensten	Activités d’investigation et de sécurité	Wach- und Sicherheitsdienste sowie Detekteien	Investigation and security activities
3	80.0	2025	Opsporings- en beveiligingsdiensten	Activités d’investigation et de sécurité	Wach- und Sicherheitsdienste sowie Detekteien	Investigation and security activities
4	80.01	2025	Opsporings- en particuliere beveiligingsdiensten	Activités d’investigation et de sécurité privée	Private Wach- und Sicherheitsdienste sowie Detekteien	Investigation and private security activities
5	80.010	2025	Opsporings- en particuliere beveiligingsdiensten	Activités d’investigation et de sécurité privée	Private Wach- und Sicherheitsdienste sowie Detekteien	Investigation and private security activities
7	80.01001	2025	Houden van toezicht, bewaking en andere activiteiten ter bescherming van personen of eigendommen : lijfwachten, straatpatrouilles, bewaking van woningen, kantoren, fabrieken, bouwterreinen, enz.	Activités de surveillance, de garde et autres activités de protection des personnes ou des biens: gardes du corps, patrouilles urbaines, surveillance d'habitations, bureaux, usines, chantiers, etc.	Kontroll- und Überwachungsleistungen und sonstige Tätigkeiten zur Personen- und Eigentumssicherung: Leibwächter, Stadtstreifen, Überwachung von Häusern, Büros, Fabriken, Baustellen usw	Supervision, custody and other protection activities for persons or property: bodyguards, urban patrols, surveillance of dwellings, offices, factories, construction sites, etc.
7	80.01002	2025	Vervoer van geld en waardepapieren	Transport de fonds et d'objets précieux	Geld- und Wertpapierbeförderung	Transportation of cash and valuables
7	80.01011	2025	Opsporingsdiensten	Activités d'enquête	Detekteien	Investigation activities
7	80.01012	2025	Privé-detectives	Activités des détectives privés	Tätigkeiten von Privatdetektiven	Activities of private detectives
4	80.09	2025	Beveiligingsactiviteiten, n.e.g.	Activités de sécurité n.c.a.	Sicherheitsdienste a.n.g.	Security activities n.e.c.
5	80.090	2025	Beveiligingsactiviteiten, n.e.g.	Activités de sécurité n.c.a.	Sicherheitsdienste a.n.g.	Security activities n.e.c.
7	80.09001	2025	Verlenen van advies op het gebied van beveiliging aan het bedrijfsleven en aan de overheid	Activités de conseil en matière de sécurité industrielle de sécurité des ménages et des services publics	Beratung von Unternehmen, Haushalten und öffentlichen Diensten in Sicherheitsfragen	Advisory activities on industrial security of households and public services
2	81     	2025	Diensten in verband met gebouwen; landschapsverzorging	Activités de services pour les bâtiments et l’aménagement paysager	Gebäudebetreuung; Garten- und Landschaftsbau	Services to buildings and landscape activities
3	81.1	2025	Diverse ondersteunende activiteiten ten behoeve van voorzieningen	Activités de soutien combinées pour les installations	Hausmeisterdienste	Combined facilities support activities
4	81.10	2025	Diverse ondersteunende activiteiten ten behoeve van voorzieningen	Activités de soutien combinées pour les installations	Hausmeisterdienste	Combined facilities support activities
5	81.100	2025	Diverse ondersteunende activiteiten ten behoeve van voorzieningen	Activités de soutien combinées pour les installations	Hausmeisterdienste	Combined facilities support activities
3	81.2	2025	Reiniging	Activités de nettoyage	Reinigung von Gebäuden, Straßen und Verkehrsmitteln	Cleaning activities
4	81.21	2025	Algemene reiniging van gebouwen	Nettoyage courant des bâtiments	Allgemeine Gebäudereinigung	General cleaning of buildings
5	81.210	2025	Algemene reiniging van gebouwen	Nettoyage courant des bâtiments	Allgemeine Gebäudereinigung	General cleaning of buildings
4	81.22	2025	Overige reiniging van gebouwen; industriële reiniging	Autres activités de nettoyage des bâtiments et nettoyage industriel	Spezielle Reinigung von Gebäuden und Reinigung von Maschinen	Other building and industrial cleaning activities
5	81.220	2025	Overige reiniging van gebouwen; industriële reiniging	Autres activités de nettoyage des bâtiments et nettoyage industriel	Spezielle Reinigung von Gebäuden und Reinigung von Maschinen	Other building and industrial cleaning activities
7	81.22001	2025	Reinigen van het interieur van allerlei gebouwen : kantoren, fabrieken, werkplaatsen, allerlei commerciële gebouwen, appartementsgebouwen, enz.	Nettoyage intérieur de bâtiments de tous types : bureaux, usines, ateliers, locaux d'institutions et autres locaux à usage commercial ou professionnel, immeubles à appartement, etc.	Innenreinigung von Gebäuden aller Art einschließlich Büros, Fabriken, Werkstätten, Gewerberäumen, Appartmenthäusern usw	Interior cleaning of buildings of all types: offices, factories, workshops, premises of institutions and other premises for commercial or professional use, apartment buildings, etc.
7	81.22002	2025	Lappen van ramen	Nettoyage des vitres	Fensterreinigung	Window cleaning 
7	81.22003	2025	Schoorsteenvegen en het schoonmaken van vuurplaatsen, kachels, ovens, ketels van centrale verwarming, ventilatiekanalen en uitlaatsystemen	Ramonage des cheminées et le nettoyage des âtres, des fourneaux, des incinérateurs des chaudières, des gaines de ventilation et des dispositifs d'évacuation de fumées	Schornsteinfegen und Reinigung von Feuerstellen, Kaminen, Öfen, Zentralheizungskesseln, Lüftungsschächten und sonstigen Abzügen	Chimney sweeping and cleaning of hearths, furnaces, boiler incinerators, ventilation ducts and smoke evacuation devices
7	81.22011	2025	Gevelreiniging door middel van zandstralen, met behulp van stoom, enz.	Nettoyage à la vapeur, le sablage et les activités analogues appliquées aux parties extérieures des bâtiments	Dampfreinigung, Sandstrahlen uä Tätigkeiten an den Außenwänden von Gebäuden	Steam cleaning, sand blasting and similar activities for building exteriors
4	81.23	2025	Andere reinigingsactiviteiten	Autres activités de nettoyage	Sonstige Reinigung	Other cleaning activities
5	81.230	2025	Andere reinigingsactiviteiten	Autres activités de nettoyage	Sonstige Reinigung	Other cleaning activities
7	81.23001	2025	Desinfecteren en het bestrijden van ongedierte in gebouwen, schepen, treinen, enz.	Activités de désinfection et de destruction des parasites dans les bâtiments, les navires, les trains, etc.	Ungezieferbekkämpfung in Gebäuden, Schiffen, Zügen usw	Disinfection and destruction of pests in buildings, ships, trains, etc.
7	81.23002	2025	Reinigen van treinen, bussen, vliegtuigen, schepen, enz., inclusief olietankers	Nettoyage des trains, des autobus, des avions, des navires, etc., y compris les navires pétroliers	Reinigung von Zügen, Bussen, Flugzeugen, Schiffen usw einschließlich Öltankern	Cleaning of trains, buses, aircraft, ships, etc., including oil tankers
3	81.3	2025	Landschapsverzorging	Activités de service d’aménagement paysager	Garten- und Landschaftsbau sowie Erbringung von sonstigen gärtnerischen Dienstleistungen	Landscape service activities
4	81.30	2025	Landschapsverzorging	Activités de service d’aménagement paysager	Garten- und Landschaftsbau sowie Erbringung von sonstigen gärtnerischen Dienstleistungen	Landscape service activities
5	81.300	2025	Landschapsverzorging	Activités de service d’aménagement paysager	Garten- und Landschaftsbau sowie Erbringung von sonstigen gärtnerischen Dienstleistungen	Landscape service activities
7	81.30001	2025	Snoeien van bomen en heggen	Elagage des arbres et des haies	Auslichten von Bäumen und Hecken	Pruning of trees and hedges
7	81.30002	2025	Aanleggen en onderhouden van tuinen, parken en het groene gedeelte van sportvelden	Création et entretien de jardins, de parcs et d'espaces verts pour installations sportives	Anlegen und Pflegen von Gärten, Grünanlagen und Grünflächen von Sporteinrichtungen	Creation and maintenance of gardens, parks and green spaces for sports facilities
2	82     	2025	Administratieve en ondersteunende activiteiten ten behoeve van kantoren en overige zakelijke dienstverlening	Activités de service de bureau, de soutien administratif et d’autre soutien aux entreprises	Erbringung von wirtschaftlichen Dienstleistungen für Unternehmen und Privatpersonen	Office administrative, office support and other business support activities
3	82.1	2025	Administratieve en ondersteunende activiteiten ten behoeve van kantoren	Activités de service de bureau et de soutien administratif	Sekretariats- und Schreibdienste, Copy-Shops	Office administrative and support activities
4	82.10	2025	Administratieve en ondersteunende activiteiten ten behoeve van kantoren	Activités de service de bureau et de soutien administratif	Sekretariats- und Schreibdienste, Copy-Shops	Office administrative and support activities
5	82.100	2025	Administratieve en ondersteunende activiteiten ten behoeve van kantoren	Activités de service de bureau et de soutien administratif	Sekretariats- und Schreibdienste, Copy-Shops	Office administrative and support activities
7	82.10001	2025	Verhuur van postbussen, poste restante, enz.	Location de boîtes postales, le service de poste restante, etc.	Vermietung von Postfächern, Postlagerdienste usw	Rental of mailboxes, post office service, etc.
3	82.2	2025	Activiteiten van callcenters	Activités de centre d’appels	Call Centers	Activities of call centres
4	82.20	2025	Activiteiten van callcenters	Activités de centre d’appels	Call Centers	Activities of call centres
5	82.200	2025	Activiteiten van callcenters	Activités de centre d’appels	Call Centers	Activities of call centres
3	82.3	2025	Organisatie van congressen en beurzen	Organisation de salons professionnels et congrès	Messe-, Kongress- und Business-Event-Veranstalter	Organisation of conventions and trade shows
4	82.30	2025	Organisatie van congressen en beurzen	Organisation de salons professionnels et congrès	Messe-, Kongress- und Business-Event-Veranstalter	Organisation of conventions and trade shows
5	82.300	2025	Organisatie van congressen en beurzen	Organisation de salons professionnels et congrès	Messe-, Kongress- und Business-Event-Veranstalter	Organisation of conventions and trade shows
7	82.30001	2025	Organisatie van beurzen en tentoonstellingen van kunstwerken of roerende goederen van meer dan 50 jaar oud	Organisation de foires et salons d'oeuvres d'art ou de biens meubles de plus de cinquante ans	Veranstaltung von Messen und Ausstellungen von über 50 Jahre alten Kunstwerken oder beweglichen Gütern	Organisation of fairs and exhibitions of works of art or movable goods over 50 years old
3	82.4	2025	Bemiddelingsactiviteiten in verband met zakelijke dienstverlening, n.e.g.	Activités de service d’intermédiation pour des services de soutien aux entreprises n.c.a.	Vermittlungstätigkeiten für die Erbringung von wirtschaftlichen Dienstleistungen für Unternehmen und Privatpersonen a.n.g.	Intermediation service activities for business support service activities n.e.c.
4	82.40	2025	Bemiddelingsactiviteiten in verband met zakelijke dienstverlening, n.e.g.	Activités de service d’intermédiation pour des services de soutien aux entreprises n.c.a.	Vermittlungstätigkeiten für die Erbringung von wirtschaftlichen Dienstleistungen für Unternehmen und Privatpersonen a.n.g.	Intermediation service activities for business support service activities n.e.c.
5	82.400	2025	Bemiddelingsactiviteiten in verband met zakelijke dienstverlening, n.e.g.	Activités de service d’intermédiation pour des services de soutien aux entreprises n.c.a.	Vermittlungstätigkeiten für die Erbringung von wirtschaftlichen Dienstleistungen für Unternehmen und Privatpersonen a.n.g.	Intermediation service activities for business support service activities n.e.c.
3	82.9	2025	Zakelijke dienstverlening, n.e.g.	Activités de service de soutien aux entreprises n.c.a.	Erbringung wirtschaftlicher Dienstleistungen für Unternehmen und Privatpersonen a.n.g.	Business support service activities n.e.c.
4	82.91	2025	Activiteiten van incasso- en kredietbureaus	Activités d’agence de recouvrement et de bureau de crédit	Inkassobüros und Auskunfteien	Activities of collection agencies and credit bureaus
5	82.910	2025	Activiteiten van incasso- en kredietbureaus	Activités d’agence de recouvrement et de bureau de crédit	Inkassobüros und Auskunfteien	Activities of collection agencies and credit bureaus
4	82.92	2025	Activiteiten van verpakkingsbedrijven	Activités de conditionnement	Abfüllen und Verpacken	Packaging activities
5	82.920	2025	Activiteiten van verpakkingsbedrijven	Activités de conditionnement	Abfüllen und Verpacken	Packaging activities
7	82.92001	2025	Verpakken (ook automatisch) van diverse goederen en waren voor rekening van derden: vullen van spuitbussen, van flessen en blikjes met vloeistoffen(incldranken) ;verpakken van voedingsmiddelen, enz.	Activités de conditionnement (automatique ou non) pour des tiers de produits divers: remplissage d'atomiseurs; embouteillage, remplissage de boîtes de boissons; emballage de denrées aliment, etc.	Verpackung (automatisch oder nicht) von verschiedenen Erzeugnissen und Gütern für Dritte: Abfüllung von Sprühdosen, Flaschen und Dosen mit verschiedenen Flüssigkeiten (einschließlich Getränken), verpa	Packaging activities (automatic or not) for third parties of various products: filling of atomisers; bottling, filling of beverage cans; packaging of foodstuffs, etc.
7	82.92002	2025	Etiketteren, zegelen en stempelen	Etiquetage, estampillage et scellage	Etikettieren, Abstempeln und Versiegeln	Labelling, stamping and sealing
7	82.92003	2025	Inpakken van pakjes en geschenken	Emballage de colis et de paquets-cadeaux	Verpackung von Päckchen und Geschenkpaketen	Packaging of parcels and gift packages
4	82.99	2025	Overige zakelijke dienstverlening, n.e.g.	Autres activités de service de soutien aux entreprises n.c.a.	Erbringung sonstiger wirtschaftlicher Dienstleistungen für Unternehmen und Privatpersonen a.n.g.	Other business support service activities n.e.c.
5	82.990	2025	Overige zakelijke dienstverlening, n.e.g.	Autres activités de service de soutien aux entreprises n.c.a.	Erbringung sonstiger wirtschaftlicher Dienstleistungen für Unternehmen und Privatpersonen a.n.g.	Other business support service activities n.e.c.
2	84     	2025	Openbaar bestuur en defensie; verplichte sociale verzekeringen	Administration publique et défense; sécurité sociale obligatoire	Öffentliche Verwaltung, Verteidigung; Sozialversicherung	Public administration and defence; compulsory social security
3	84.1	2025	Openbaar bestuur en het economische, sociale en milieubeleid van de gemeenschap	Administration générale, économique et sociale et environnementale	Öffentliche Verwaltung	Administration of the State and the economic, social and environmental policies of the community
4	84.11	2025	Algemeen overheidsbestuur	Activités d’administration publique générale	Allgemeine öffentliche Verwaltung	General public administration activities
5	84.111	2025	Federale overheid	Administration publique fédérale	Föderale öffentliche Verwaltung	Federal public administration
5	84.112	2025	Overheden van gemeenschappen en gewesten	Administration publique communautaire et régionale	Gemeinschafts- und Regionalbehörden	Community and regional public administration
5	84.113	2025	Provinciale overheid	Administration publique provinciale	Provinzbehörden	Provincial public administration
5	84.114	2025	Gemeentelijke overheid, met uitzondering van het OCMW	Administration publique communale, sauf Centres Publics d'Action Sociale (CPAS)	Gemeindeverwaltung, mit Ausnahme der öffentlichen Sozialhilfezentren (ÖSHZ)	Municipal public administration, except social service departments
5	84.115	2025	Openbare Centra voor Maatschappelijk Welzijn (OCMW)	Centres Publics d'Action Sociale (CPAS)	Öffentliche Sozialhilfezentren (ÖSHZ)	Social service departments
5	84.119	2025	Overig algemeen overheidsbestuur	Autre administration publique générale	Sonstige allgemeine öffentliche Verwaltung	Other general public administration activities
4	84.12	2025	Openbaar bestuur op het gebied gezondheidszorg, onderwijs, culturele diensten en andere sociale diensten	Administration des soins de santé, de l’enseignement, des services culturels et des autres services sociaux	Öffentliche Verwaltung auf den Gebieten Gesundheitswesen, Bildung, Kultur und Sozialwesen	Regulation of health care, education, cultural services and other social services
5	84.120	2025	Openbaar bestuur op het gebied gezondheidszorg, onderwijs, culturele diensten en andere sociale diensten	Administration des soins de santé, de l’enseignement, des services culturels et des autres services sociaux	Öffentliche Verwaltung auf den Gebieten Gesundheitswesen, Bildung, Kultur und Sozialwesen	Regulation of health care, education, cultural services and other social services
4	84.13	2025	Openbaar bestuur op het gebied van het bedrijfsleven; stimuleren van het bedrijfsleven	Administration de et contribution à l’amélioration de l’efficacité des activités économiques	Wirtschaftsförderung, -ordnung und -aufsicht	Regulation of and contribution to more efficient operation of businesses
5	84.130	2025	Openbaar bestuur op het gebied van het bedrijfsleven; stimuleren van het bedrijfsleven	Administration de et contribution à l’amélioration de l’efficacité des activités économiques	Wirtschaftsförderung, -ordnung und -aufsicht	Regulation of and contribution to more efficient operation of businesses
3	84.2	2025	Algemene overheidsdiensten	Services de prérogative publique	Auswärtige Angelegenheiten, Verteidigung, Rechtspflege/Justiz, öffentliche Sicherheit und Ordnung	Provision of services to the community as a whole
4	84.21	2025	Buitenlandse zaken	Affaires étrangères	Auswärtige Angelegenheiten	Foreign affairs
5	84.210	2025	Buitenlandse zaken	Affaires étrangères	Auswärtige Angelegenheiten	Foreign affairs
4	84.22	2025	Defensie	Défense	Verteidigung	Defence activities
5	84.220	2025	Defensie	Défense	Verteidigung	Defence activities
4	84.23	2025	Justitie	Justice	Rechtspflege/Justiz	Justice and judicial activities
5	84.231	2025	Rechtbanken	Tribunaux	Gerichtsbehörden	Courts
5	84.232	2025	Strafinrichtingen	Etablissements pénitentiaires	Etablissements pénitentiaires	Penal institutions
5	84.239	2025	Overige activiteiten met betrekking tot justitie	Autres activités relatives à la justice	Sonstige mit dem Rechtsschutz verbundene Tätigkeiten	Other activities related to justice
4	84.24	2025	Openbare orde en veiligheid	Activités d’ordre public et de sécurité civile	Öffentliche Sicherheit und Ordnung	Public order and safety activities
5	84.241	2025	Federale Politie	Police fédérale	Föderale Polizeï	Federal police
5	84.242	2025	Lokale Politie	Police locale	Lokale Polizeï	Local police
5	84.249	2025	Overige openbare orde en civiele veiligheid	Autres activités d'ordre public et de sécurité civile	Sonstige Tätigkeiten im Bereich der öffentlichen Ordnung und zivilen Sicherheit	Other public order and safety activities
4	84.25	2025	Brandweer	Activités de service d’incendie et de secours	Feuerwehren	Fire service activities
5	84.250	2025	Brandweer	Activités de service d’incendie et de secours	Feuerwehren	Fire service activities
3	84.3	2025	Verplichte sociale verzekeringen	Sécurité sociale obligatoire	Sozialversicherung	Compulsory social security activities
4	84.30	2025	Verplichte sociale verzekeringen	Sécurité sociale obligatoire	Sozialversicherung	Compulsory social security activities
5	84.301	2025	Verplichte sociale verzekeringen, met uitzondering van ziekenfondsen	Sécurité sociale obligatoire, à l'exclusion des mutuelles	Sozialversicherung, ohne Krankenkassen	Compulsory social security activities, except activities of mutual insurance companies
5	84.302	2025	Ziekenfondsen en zorgkassen	Mutuelles et caisses d'assurance soins	Krankenkassen	Mutual insurance companies and health insurance companies
5	84.309	2025	Overige instellingen van de sociale zekerheid	Autres organismes de sécurité sociale	Andere Sozialversicherungsträger	Other social security institutions
2	85     	2025	Onderwijs	Enseignement	Erziehung und Unterricht	Education
3	85.1	2025	Kleuteronderwijs	Enseignement maternel	Kindergärten und Vorschulen	Pre-primary education
4	85.10	2025	Kleuteronderwijs	Enseignement maternel	Kindergärten und Vorschulen	Pre-primary education
5	85.101	2025	Gewoon kleuteronderwijs ingericht door de Gemeenschappen	Enseignement maternel ordinaire communautaire	Herkömmlicher von den Gemeinschaften eingerichteter Vorschulunterricht	Community ordinary pre-primary education
5	85.102	2025	Provinciaal gesubsidieerd gewoon kleuteronderwijs	Enseignement maternel ordinaire provincial subventionné	Herkömmlicher von den Provinzen subventionierter Vorschulunterricht	Subsidised provincial ordinary pre-primary education
5	85.103	2025	Gemeentelijk gesubsidieerd gewoon kleuteronderwijs	Enseignement maternel ordinaire communal subventionné	Herkömmlicher von den Gemeinden subventionierter Vorschulunterricht	Subsidised municipal ordinary pre-primary education
5	85.104	2025	Vrij gesubsidieerd gewoon kleuteronderwijs	Enseignement maternel ordinaire libre subventionné	Herkömmlicher subventionierter freier Vorschulunterricht	Subsidised private ordinary pre-primary education
5	85.105	2025	Buitengewoon officieel kleuteronderwijs	Enseignement maternel spécialisé organisé par les pouvoirs publics	Spezialisierter von den öffentlichen Instanzen organisierter Vorschulunterricht	Special needs pre-primary education organised by the public authorities
5	85.106	2025	Vrij gesubsidieerd buitengewoon kleuteronderwijs	Enseignement maternel spécialisé libre subventionné	Spezialisierter freier subventionierter Vorschulunterricht	Subsidised private special needs pre-primary education
5	85.109	2025	Gewoon kleuteronderwijs, n.e.g.	Enseignement maternel n.c.a.	Vorschulunterricht a.n.g.	Pre-primary education n.e.c.
3	85.2	2025	Lager onderwijs	Enseignement primaire	Grundschulen/Volksschulen	Primary education
4	85.20	2025	Lager onderwijs	Enseignement primaire	Grundschulen/Volksschulen	Primary education
5	85.201	2025	Gewoon lager onderwijs ingericht door de Gemeenschappen	Enseignement primaire ordinaire communautaire	Herkömmlicher von den Gemeinschaften eingerichteter Grundschulunterricht	Community ordinary primary education
5	85.202	2025	Provinciaal gesubsidieerd gewoon lager onderwijs	Enseignement primaire ordinaire provincial subventionné	Herkömmlicher von den Provinzen subventionierter Grundschulunterricht	Subsidised provincial ordinary primary education
5	85.203	2025	Gemeentelijk gesubsidieerd gewoon lager onderwijs	Enseignement primaire ordinaire communal subventionné	Herkömmlicher von den Gemeinden subventionierter Grundschulunterricht	Subsidised municipal ordinary primary education
5	85.204	2025	Vrij gesubsidieerd gewoon lager onderwijs	Enseignement primaire ordinaire libre subventionné	Herkömmlicher freier subventionierter Grundschulunterricht	Subsidised private ordinary primary education
5	85.205	2025	Buitengewoon officieel lager onderwijs	Enseignement primaire spécialisé organisé par les pouvoirs publics	Spezialisierter von den öffentlichen Instanzen organisierter Grundschulunterricht	Special needs primary education organised by the public authorities
5	85.206	2025	Vrij gesubsidieerd buitengewoon lager onderwijs	Enseignement primaire spécialisé libre subventionné	Spezialisierter freier subventionierter Vorschulunterricht	Subsidised private special needs primary education
5	85.207	2025	Alfabetiseringsprogramma's ten behoeve van volwassenen	Alphabétisation des adultes	Erwachsenenalphabetisierung	Adult literacy programmes
5	85.209	2025	Gewoon lager onderwijs, n.e.g.	Enseignement primaire ordinaire n.c.a.	Herkömmlicher Grundschulunterricht a.n.g.	Ordinary primary education n.e.c.
3	85.3	2025	Secundair en postsecundair niet-hoger onderwijs	Enseignement secondaire et enseignement post-secondaire non supérieur	Weiterführende Schulen und postsekundärer, nicht tertiärer Unterricht	Secondary and post-secondary non-tertiary education
4	85.31	2025	Algemeen secundair onderwijs	Enseignement secondaire général	Allgemeinbildende weiterführende Schulen	General secondary education
5	85.311	2025	Gewoon algemeen secundair onderwijs ingericht door de Gemeenschappen	Enseignement secondaire général ordinaire communautaire	Herkömmlicher von den Gemeinschaften eingerichteter allgemeinbildender Sekundarunterricht	Community ordinary general secondary education
5	85.312	2025	Provinciaal gesubsidieerd gewoon algemeen secundair onderwijs	Enseignement secondaire général ordinaire provincial subventionné	Herkömmlicher von den Provinzen subventionierter allgemeinbildender Sekundarunterricht	Subsidised provincial ordinary general secondary education
5	85.313	2025	Gemeentelijk gesubsidieerd gewoon algemeen secundair onderwijs	Enseignement secondaire général ordinaire communal subventionné	Herkömmlicher von den Gemeinden subventionierter allgemeinbildender Sekundarunterricht	Subsidised municipal ordinary general secondary education
5	85.314	2025	Vrij gesubsidieerd gewoon algemeen secundair onderwijs	Enseignement secondaire général ordinaire libre subventionné	Herkömmlicher freier subventionierter allgemeinbildender Sekundarunterricht	Subsidised private ordinary general secondary education
5	85.319	2025	Gewoon algemeen secundair onderwijs, n.e.g.	Enseignement secondaire ordinaire général n.c.a.	Herkömmlicher allgemeinbildender Sekundarunterricht a.n.g.	Ordinary general secondary education n.e.c.
4	85.32	2025	Technisch, beroeps- en buitengewoon secundair onderwijs	Enseignement secondaire technique, professionnel et spécialisé	Berufsbildende weiterführende Schulen	Vocational secondary education
5	85.321	2025	Gewoon technisch en beroepssecundair onderwijs ingericht door de Gemeenschappen	Enseignement secondaire technique et professionnel ordinaire communautaire	Herkömmlicher von den Gemeinschaften eingerichteter technischer und berufsbildender Sekundarunterricht	Community ordinary technical and vocational secondary education
5	85.322	2025	Provinciaal gesubsidieerd gewoon technisch en beroepssecundair onderwijs	Enseignement secondaire technique et professionnel ordinaire provincial subventionné	Herkömmlicher von den Provinzen subventionierter technischer und berufsbildender Sekundarunterricht	Subsidised provincial ordinary technical and vocational secondary education
5	85.323	2025	Gemeentelijk gesubsidieerd gewoon technisch en beroepssecundair onderwijs	Enseignement secondaire technique et professionnel ordinaire communal subventionné	Herkömmlicher von den Gemeinden subventionierter technischer und berufsbildender Sekundarunterricht	Subsidised municipal ordinary technical and vocational secondary education
5	85.324	2025	Vrij gesubsidieerd gewoon technisch en beroepssecundair onderwijs	Enseignement secondaire technique et professionnel ordinaire libre subventionné	Herkömmlicher freier subventionierter technischer und berufsbildender Sekundarunterricht	Subsidised private ordinary technical and vocational secondary education
5	85.325	2025	Buitengewoon officieel secundair onderwijs	Enseignement secondaire spécialisé organisé par les pouvoirs publics	Spezialisierter von den öffentlichen Instanzen organisierter Sekundarunterricht	Special needs secondary education organised by the public authorities
5	85.326	2025	Vrij gesubsidieerd buitengewoon secundair onderwijs	Enseignement secondaire spécialisé libre subventionné	Spezialisierter freier subventionierter Sekundarunterricht	Subsidised private special needs secondary education
5	85.329	2025	Technisch, beroeps- en buitengewoon secundair onderwijs, n.e.g.	Enseignement secondaire technique, professionnel et spécialisé n.c.a.	Technischer, berufsbildender und spezialisierter Sekundarunterricht a.n.g.	Technical, vocational and special needs secondary education n.e.c.
7	85.32901	2025	Activiteiten van vliegscholen voor beroepsvliegers	Activités des écoles de pilotage pour pilotes de ligne	Flugschultätigkeiten für Linienpiloten	Activities of pilot schools for airline pilots
4	85.33	2025	Postsecundair niet-hoger onderwijs	Enseignement post-secondaire non supérieur	Postsekundärer, nicht tertiärer Unterricht	Post-secondary non-tertiary education
5	85.330	2025	Postsecundair niet-hoger onderwijs	Enseignement post-secondaire non supérieur	Postsekundärer, nicht tertiärer Unterricht	Post-secondary non-tertiary education
3	85.4	2025	Hoger onderwijs	Enseignement supérieur	Tertiärer Unterricht	Tertiary education
4	85.40	2025	Hoger onderwijs	Enseignement supérieur	Tertiärer Unterricht	Tertiary education
5	85.401	2025	Officieel hoger onderwijs	Enseignement supérieur organisé par les pouvoirs publics	Von den öffentlichen Instanzen organisierter Hochschulunterricht	Higher education organised by the public authorities
5	85.402	2025	Vrij gesubsidieerd hoger onderwijs	Enseignement supérieur libre subventionné	Freie subventionierte Hochschulen	Subsidised private higher education
5	85.409	2025	Hoger onderwijs, n.e.g.	Enseignement supérieur n.c.a.	Hochschulunterricht a.n.g.	Higher education n.e.c.
3	85.5	2025	Overig onderwijs	Autre enseignement	Sonstiger Unterricht	Other education
4	85.51	2025	Sport- en recreatieonderwijs	Enseignement de disciplines sportives et d’activités de loisirs	Sport- und Freizeitunterricht	Sports and recreation education
5	85.510	2025	Sport- en recreatieonderwijs	Enseignement de disciplines sportives et d’activités de loisirs	Sport- und Freizeitunterricht	Sports and recreation education
4	85.52	2025	Cultureel onderwijs	Enseignement culturel	Kulturunterricht	Cultural education
5	85.520	2025	Cultureel onderwijs	Enseignement culturel	Kulturunterricht	Cultural education
7	85.52001	2025	Exploitatie van dansscholen en de activiteiten van dansleraren	Exploitation d'écoles de danse et les activités des professeurs de danse	Betreiben von Tanzschulen und die Tätigkeiten als Tanzlehrer	Operation of dance schools and activities of dance teachers
4	85.53	2025	Activiteiten van auto- en motorrijscholen, vlieg- en vaaronderricht	Enseignement de la conduite de véhicules à moteurs, d'aéronefs et de bateaux	Fahr- und Flugschulen	Driving school activities
5	85.531	2025	Activiteiten van auto- en motorrijscholen	Enseignement de la conduite de véhicules à moteurs	Fahr- und Flugschulen	Motor vehicle driving lessons
7	85.53101	2025	Autorijscholen	Auto-écoles	Fahrschulen	Driving Schools
7	85.53102	2025	Motorrijscholen	Moto-écoles	Motorradschulen	Motorcycles
5	85.532	2025	Vlieg- en vaaronderricht	Enseignement de la conduite d'aéronefs et de bateaux	Flug- und Schiffahrtsschulen	Aircraft and boat driving lessons
7	85.53201	2025	Opleiding van piloten van sportvliegtuigen	Préparation au certificat de pilotage d'avions de tourisme	Ausbildung für den Sportflugzeug-Pilotenschein	Preparation for the pilotage certificate for aircraft
7	85.53202	2025	Vaaronderricht voor zeilers en bestuurders van pleziervaartuigen	Formation aux permis bateaux à voiles et bateaux de plaisance	Ausbildung für Segelboot- und Sportbootscheine	Training for sail boat and pleasure craft licenses
4	85.59	2025	Overig onderwijs, n.e.g.	Autre enseignement n.c.a.	Sonstiger Unterricht a.n.g.	Other education n.e.c.
5	85.591	2025	Onderwijs voor sociale promotie	Enseignement de promotion sociale	Sozialförderungsunterricht	Social advancement education
5	85.592	2025	Beroepsopleiding	Formation professionnelle	Berufsbildung	Vocational training
5	85.593	2025	Sociaal-cultureel vormingswerk	Formation socio-culturelle	Soziokulturelle Bildung	Socio-cultural training
5	85.599	2025	Overige vormen van onderwijs	Autres formes d'enseignement	Andere Ausbildungsformen	Other forms of education
3	85.6	2025	Onderwijsondersteunende activiteiten	Activités de soutien à l’enseignement	Erbringung von Dienstleistungen für Erziehung und Unterricht	Educational support activities
4	85.61	2025	Bemiddeling op het gebied van academische ondersteuning en studiebegeleiding	Activités de service d’intermédiation dans le domaine de l’appui scolaire et du tutorat	Vermittlungstätigkeiten für Erziehung und Unterricht	Intermediation service activities for courses and tutors
5	85.610	2025	Bemiddeling op het gebied van academische ondersteuning en studiebegeleiding	Activités de service d’intermédiation dans le domaine de l’appui scolaire et du tutorat	Vermittlungstätigkeiten für Erziehung und Unterricht	Intermediation service activities for courses and tutors
4	85.69	2025	Onderwijsondersteunende activiteiten, n.e.g.	Activités de soutien à l’enseignement n.c.a.	Erbringung von Dienstleistungen für Erziehung und Unterricht a.n.g.	Educational support activities n.e.c.
5	85.691	2025	Activiteiten van Centra voor Leerlingbegeleiding (CLB)	Activités des Centres Psycho-Médico-Sociaux (PMS)	Tätigkeiten der psycho-medizinisch-sozialen Zentren (PMS)	Activities of Centres for Pupil Guidance (CLB)
5	85.699	2025	Overige onderwijsondersteunende dienstverlening	Autres services de soutien à l'enseignement	Sonstige unterrichtsunterstützende Dienstleistungen	Other educational support services
2	86     	2025	Menselijke gezondheidszorg	Activités pour la santé humaine	Gesundheitswesen	Human health activities
3	86.1	2025	Activiteiten van ziekenhuizen	Activités hospitalières	Krankenhäuser	Hospital activities
4	86.10	2025	Activiteiten van ziekenhuizen	Activités hospitalières	Krankenhäuser	Hospital activities
5	86.101	2025	Activiteiten van algemene ziekenhuizen, muv geriatrische en gespecialiseerde ziekenhuizen	Activités des hôpitaux généraux, sauf hôpitaux gériatriques et spécialisés	Allgemeine Krankenhäuser, mit Ausnahme von geriatrischen und spezialisierten Krankenhäusern	Activities of general hospitals, except geriatric and specialised hospitals
5	86.102	2025	Activiteiten van geriatrische ziekenhuizen	Activités des hôpitaux gériatriques	Tätigkeiten von geriatrischen Krankenhäusern	Activities of geriatric hospitals
5	86.103	2025	Activiteiten van gespecialiseerde ziekenhuizen	Activités des hôpitaux spécialisés	Tätigkeiten von spezialisierten Krankenhäusern	Activities of specialised hospitals
5	86.104	2025	Activiteiten van psychiatrische ziekenhuizen	Activités des hôpitaux psychiatriques	Tätigkeiten von psychiatrischen Krankenhäusern	Activities of psychiatric hospitals
5	86.109	2025	Overige hospitalisatiediensten	Autres activités hospitalières	Sonstige Krankenhaustätigkeiten	Other hospital activities
3	86.2	2025	Activiteiten van artsen en tandartsen	Activités des médecins et dentistes	Arzt- und Zahnarztpraxen	Medical and dental practice activities
4	86.21	2025	Activiteiten van huisartspraktijken	Activités de médecine générale	Arztpraxen für Allgemeinmedizin	General medical practice activities
5	86.210	2025	Activiteiten van huisartspraktijken	Activités de médecine générale	Arztpraxen für Allgemeinmedizin	General medical practice activities
4	86.22	2025	Activiteiten van medisch specialisten	Activités de médecine spécialisée	Facharztpraxen	Medical specialists activities
5	86.220	2025	Activiteiten van medisch specialisten	Activités de médecine spécialisée	Facharztpraxen	Medical specialists activities
4	86.23	2025	Activiteiten van tandartspraktijken	Activités de soins dentaires	Zahnarztpraxen	Dental practice care activities
5	86.230	2025	Activiteiten van tandartspraktijken	Activités de soins dentaires	Zahnarztpraxen	Dental practice care activities
3	86.9	2025	Overige menselijke gezondheidszorg	Autres activités pour la santé humaine	Sonstiges Gesundheitswesen	Other human health activities
4	86.91	2025	Activiteiten van medische beeldvorming en medische laboratoria	Activités d’imagerie médicale et de laboratoire d’analyse médicale	Erbringung von Dienstleistungen der diagnostischen Bildgebung sowie von medizinischen Laboratorien	Diagnostic imaging services and medical laboratory activities
5	86.910	2025	Activiteiten van medische beeldvorming en medische laboratoria	Activités d’imagerie médicale et de laboratoire d’analyse médicale	Erbringung von Dienstleistungen der diagnostischen Bildgebung sowie von medizinischen Laboratorien	Diagnostic imaging services and medical laboratory activities
4	86.92	2025	Patiëntenvervoer per ambulance	Transport de patients par ambulance	Rettungs- und Krankentransportdienste	Patient transportation by ambulance
5	86.920	2025	Patiëntenvervoer per ambulance	Transport de patients par ambulance	Rettungs- und Krankentransportdienste	Patient transportation by ambulance
4	86.93	2025	Activiteiten van psychologen en psychotherapeuten, met uitzondering van artsen	Activités des psychologues et psychothérapeutes, à l’exception des médecins	Erbringung von Dienstleistungen von Psychotherapeutinnen und -therapeuten, klinischen und Gesundheitspsychologinnen und -psychologen, ohne ärztliche Therapien	Activities of psychologists and psychotherapists, except medical doctors
5	86.931	2025	Activiteiten op het gebied van psychologie	Activités de psychologie	Erbringung von psychologischen Dienstleistungen	Activities of psychologists
5	86.932	2025	Activiteiten op het gebied van psychotherapie	Activités de psychothérapie	Erbringung von psychotherapeutischen Dienstleistungen	Activities of psychotherapists
5	86.933	2025	Activiteiten van centra voor geestelijke gezondheidszorg	Activités des centres de santé mentale	Tätigkeiten im Bereich der Zentren für geistige Gesundheitspflege	Activities of mental health centres
5	86.939	2025	Andere activiteiten op het gebied van de geestelijke gezondheidszorg	Autres activités de soins de santé mentale	Sonstige Tätigkeiten im Bereich der geistigen Gesundheit	Other mental health care activities
4	86.94	2025	Activiteiten van verpleegkundigen en verloskundigen	Activités de soins infirmiers et de maïeutique	Krankenpflege, Geburtshilfe und Hebammen	Nursing and midwifery activities
5	86.940	2025	Activiteiten van verpleegkundigen en verloskundigen	Activités de soins infirmiers et de maïeutique	Krankenpflege, Geburtshilfe und Hebammen	Nursing and midwifery activities
4	86.95	2025	Activiteiten op het gebied van fysiotherapie	Activités de physiothérapie	Erbringung von physiotherapeutischen Dienstleistungen	Physiotherapy activities
5	86.951	2025	Activiteiten op het gebied van kinesitherapie	Activités de kinésithérapie	Erbringung von kinesiotherapeutischen Dienstleistungen	Physical therapy activities
7	86.95101	2025	Orthoptie activiteiten	Activités d'orthoptie	Tätigkeiten im Bereich Okulomotortherapie	Orthopaedic activities
5	86.952	2025	Activiteiten op het gebied van ergotherapie	Activités d'ergothérapie	Erbringung von ergotherapeutischen Dienstleistungen	Occupational therapy activities
5	86.959	2025	Andere ambulante revalidatieactiviteiten	Autres activités de revalidation ambulatoire	Sonstige ambulante Rehabilitationstätigkeiten	Other outpatient rehabilitation activities
7	86.95901	2025	Activiteiten van extramurale revalidatiecentra: autonome centra voor personen met ontwikkelings- en sensoriële stoornissen, die niet verbonden zijn met ziekenhuizen en geen huisvesting bieden	Centres autonomes extra hospitaliers et ambulatoires de réadaptation fonctionnelle	Spitalexterne und ambulante Pflegetätigkeiten von autonomen Zentren im Bereich der funktionellen Rehabilitation	Autonomous extra-hospital and ambulatory centres for functional rehabilitation
4	86.96	2025	Traditionele, aanvullende en alternatieve geneeskunde	Activités de médecine traditionnelle, complémentaire et alternative	Traditionelle, komplementäre und alternative medizinische Tätigkeiten	Traditional, complementary and alternative medicine activities
5	86.961	2025	Niet-conventionele therapeutische diensten	Services thérapeutiques non conventionnels	Erbringung von nicht-konventionellen therapeutischen Dienstleistungen	Unconventional therapeutic services
5	86.962	2025	Activiteiten op het gebied van chiropraxie	Activités de chiropractie	Erbringung von chiropraktischen Dienstleistungen	Chiropractic activities
5	86.963	2025	Activiteiten op het gebied van osteopathie	Activités d'ostéopathie	Erbringung von osteopathischen Dienstleistungen	Osteopathy activities
5	86.964	2025	Activiteiten op het gebied van homeopathie	Activités d'homéopathie	Erbringung von homeopathischen Dienstleistungen	Homeopathy activities
5	86.965	2025	Activiteiten op het gebied van acupunctuur	Activités d'acupuncture	Erbringung von Dienstleistungen im Bereich der Akupunktur	Acupuncture activities
4	86.97	2025	Bemiddelingsactiviteiten in verband met geneeskundige, tandheelkundige en andere diensten in verband met de menselijke gezondheid	Activités de service d’intermédiation pour les services médicaux, dentaires et autres services pour la santé humaine	Vermittlungstätigkeiten für medizinische, zahnärztliche und andere Gesundheitstätigkeiten	Intermediation service activities for medical, dental and other human health services
5	86.970	2025	Bemiddelingsactiviteiten in verband met geneeskundige, tandheelkundige en andere diensten in verband met de menselijke gezondheid	Activités de service d’intermédiation pour les services médicaux, dentaires et autres services pour la santé humaine	Vermittlungstätigkeiten für medizinische, zahnärztliche und andere Gesundheitstätigkeiten	Intermediation service activities for medical, dental and other human health services
4	86.99	2025	Overige menselijke gezondheidszorg, n.e.g.	Autres activités pour la santé humaine n.c.a.	Sonstiges Gesundheitswesen a.n.g.	Other human health activities n.e.c.
5	86.991	2025	Activiteiten op het gebied van mondzorg, muv activiteiten van tandartspraktijken	Activités de soins buccaux, à l'exception des activités de soins dentaires	Erbringung von Dienstleistungen im Bereich der Mundpflege, mit Ausnahme von Zahnarztpraxen	Mouth care activities, except dental care activities
5	86.992	2025	Activiteiten van bloedtransfusiecentra, bloedbanken, spermabanken, organenbanken en dergelijke	Activités des centres de collecte de sang, des banques de sang, des banques de sperme, des banques d'organes et des établissements similaires	Bluttransfusionszentren, Blutbanken, Samendepots, Organbanken u Ä	Activities of blood collection centres, blood banks, sperm banks, transplant organ banks and similar establishments
5	86.993	2025	Activiteiten op het gebied van oogzorg	Activités de soins oculaires	Erbringung von Dienstleistungen im Bereich der Augenpflege	Eye care activities
5	86.994	2025	Activiteiten op het gebied van voetzorg en -problematiek	Activités dans le domaine des soins et de la problématique du pied	Erbringung von Dienstleistungen im Bereich der Fußpflege und Fußprobleme	Activities in the field of foot care and foot problems
7	86.99401	2025	Podologie activiteiten	Activités de podologie	Tätigkeiten im Bereich Podologie	Podiatry activities
7	86.99402	2025	Zorgpedicure	Pédicure soignant	Pflegende Pediküre 	Foot health practitioner 
5	86.995	2025	Activiteiten op het gebied van voeding	Activités dans le domaine de l’alimentation	Erbringung von Dienstleistungen im Bereich der Nahrung	Activities in the field of nutrition
7	86.99501	2025	Activiteiten van diëtisten	Activités des diététicien(ne)s	Tätigkeiten von Ernährungsberatern	Activities of dieticians
5	86.996	2025	Activiteiten op het gebied van logopedie	Activités de logopédie	Erbringung von logopädischen Dienstleistungen	Activities in the field of logopedics
5	86.997	2025	Activiteiten van shiatsu, thai massage , watsu, tuina qigong	Activités de shiatsu, massage thaïlandais, watsu, qigong tuina	Shiatsu, Thai-Massage, Watsu, Tuina Qigong	Shiatsu, Thai massage, watsu, tuina qigong activities
5	86.999	2025	Overige activiteiten op het gebied van menselijke gezondheidszorg, n.e.g.	Autres activités dans le domaine de la santé humaine n.c.a.	Sonstige Tätigkeiten im Bereich Gesundheitswesen a.n.g.	Other activities in the field of human health n.e.c.
2	87     	2025	Verpleging, verzorging en begeleiding met overnachting	Activités de soins en établissement résidentiel	Heime, ohne Erholungs- und Ferienheime	Residential care activities
3	87.1	2025	Activiteiten van verpleegtehuizen	Activités d'hébergement médicalisé	Pflegeheime	Residential nursing care activities
4	87.10	2025	Activiteiten van verpleegtehuizen	Activités d'hébergement médicalisé	Pflegeheime	Residential nursing care activities
5	87.101	2025	Rust- en verzorgingstehuizen (RVT)	Maisons de repos et de soins (MRS)	Tätigkeiten von Alten- und Pflegeheimen	Nursing homes
5	87.109	2025	Overige verpleeginstellingen met huisvesting	Autres activités d'hébergement médicalisé	Sonstige stationäre Pflegeeinrichtungen	Other residential nursing care activities
3	87.2	2025	Residentiële zorg voor personen met een al dan niet gediagnosticeerde psychische aandoening of voor drugs- of alcoholverslaafden	Activités d'hébergement social pour personnes souffrant de ou diagnostiquées comme souffrant de maladie mentale ou abus de substances psychotropes	Stationäre Einrichtungen zur psychosozialen Betreuung, Suchtbekämpfung	Residential care activities for persons living with or having a diagnosis of a mental illness or substance abuse
4	87.20	2025	Residentiële zorg voor personen met een al dan niet gediagnosticeerde psychische aandoening of voor drugs- of alcoholverslaafden	Activités d'hébergement social pour personnes souffrant de maladie mentale ou de toxicomanie	Stationäre Einrichtungen zur psychosozialen Betreuung, Suchtbekämpfung	Residential care activities for persons living with or having a diagnosis of a mental illness or substance abuse
5	87.201	2025	Instellingen met huisvesting voor minderjarigen met een mentale handicap	Activités de soins résidentiels pour mineurs avec un handicap mental	Stationäre Einrichtungen zur Betreuung geistig behinderter Minderjähriger	Residential care activities for minors with mental disabilities
5	87.202	2025	Instellingen met huisvesting voor volwassenen met een mentale handicap	Activités de soins résidentiels pour adultes avec un handicap mental	Stationäre Einrichtungen zur Betreuung geistig behinderter Erwachsener	Residential care activities for adults with mental disabilities
5	87.203	2025	Instellingen met huisvesting voor personen met psychiatrische problemen	Activités de soins résidentiels pour personnes avec un problème psychiatrique	Stationäre Einrichtungen zur Betreuung von Personen mit psychiatrischen Problemen	Residential care activities for persons with psychiatric disabilities
5	87.204	2025	Instellingen met huisvesting voor drugs- en alcoholverslaafden	Activités de soins résidentiels pour personnes toxicodépendantes et alcolodépendantes	Stationäre Einrichtungen zur Betreuung von Drogen- und Alkoholsüchtigen	Residential care activities for drug and alcohol dependent persons
5	87.205	2025	Activiteiten van beschut wonen voor personen met psychiatrische problemen	Activités des habitations protégées pour personnes avec un problème psychiatrique	Tätigkeiten im Bereich des beschützten Wohnens für Personen mit psychiatrischen Problemen	Activities of assisted living for persons with psychiatric disabilities
5	87.209	2025	Andere instellingen met huisvesting voor personen met een mentale handicap of psychiatrische problemen en voor drugs- en alcoholverslaafden	Autres activités de soins résidentiels pour personnes avec un handicap mental, un problème psychiatrique, toxicodépendantes ou alcolodépendantes	Sonstige stationäre Einrichtungen zur Betreuung von Personen mit einer geistigen Behinderung oder psychiatrischen Problemen und von Drogen- und Alkoholabhängigen	Other residential care activities for persons with mental disabilities, persons with psychiatric disabilities, drug and alcohol dependent p
3	87.3	2025	Residentiële zorg voor ouderen of personen met een lichamelijke handicap	Activités d'hébergement social pour personnes âgées ou en situation de handicap physique	Seniorenwohnheime und Wohnheime für Menschen mit Behinderung	Residential care activities for older persons or persons with physical disabilities
4	87.30	2025	Residentiële zorg voor ouderen of personen met een lichamelijke handicap	Activités d'hébergement social pour personnes âgées ou en situation de handicap physique	Seniorenwohnheime und Wohnheime für Menschen mit Behinderung	Residential care activities for older persons or persons with physical disabilities
5	87.301	2025	Rusthuizen voor ouderen (ROB)	Activités des maisons de repos pour personnes âgées (MRPA)	Tätigkeiten von Altenheimen	Activities of rest homes for older persons
5	87.302	2025	Serviceflats voor ouderen	Activités des résidences services pour personnes âgées	Tätigkeiten von Pflegeresidenzen für ältere Menschen	Activities of service flats for older persons
5	87.303	2025	Instellingen met huisvesting voor minderjarigen met een lichamelijke handicap	Activités de soins résidentiels pour mineurs avec un handicap moteur	Stationäre Einrichtungen zur Betreuung Minderjähriger mit körperlicher Behinderung	Residential care activities for minors with physical disabilities
5	87.304	2025	Instellingen met huisvesting voor volwassenen met een lichamelijke handicap	Activités de soins résidentiels pour adultes avec un handicap moteur	Stationäre Einrichtungen zur Betreuung Erwachsener mit körperlicher Behinderung	Residential care activities for adults with physical disabilities
5	87.309	2025	Instellingen met huisvesting voor ouderen en voor personen met een lichamelijke handicap, n.e.g.	Autres activités de soins résidentiels pour personnes âgées ou avec un handicap moteur	Stationäre Einrichtungen zur Betreuung älterer Menschen und körperlich Behinderter	Other residential care activities for older persons or persons with physical disabilities
3	87.9	2025	Overige activiteiten op het gebied van verpleging, verzorging en begeleiding met overnachting	Autres activités de soins en établissement résidentiel	Sonstige Heime, ohne Erholungs- und Ferienheime, und Tätigkeiten für stationäre Betreuung	Other residential care activities
4	87.91	2025	Bemiddelingsactiviteiten in verband met residentiële zorg	Activités de service d’intermédiation pour des activités de soins en établissement résidentiel	Vermittlungstätigkeiten für Heime und stationäre Betreuung	Intermediation service activities for residential care activities
5	87.910	2025	Bemiddelingsactiviteiten in verband met residentiële zorg	Activités de service d’intermédiation pour des activités de soins en établissement résidentiel	Vermittlungstätigkeiten für Heime und stationäre Betreuung	Intermediation service activities for residential care activities
4	87.99	2025	Overige activiteiten op het gebied van verpleging, verzorging en begeleiding met overnachting, n.e.g.	Autres activités d'hébergement social n.c.a.	Sonstige Heime, ohne Erholungs- und Ferienheime, a.n.g.	Other residential care activities n.e.c.
5	87.991	2025	Integrale jeugdhulp met huisvesting	Services d'aide à la jeunesse avec hébergement	Jugendhilfsdienste mit Unterbringung	Youth care activities with accommodation
5	87.992	2025	Algemeen welzijnswerk met huisvesting	Services sociaux généraux avec hébergement	Allgemeine Sozialdienste mit Unterbringung	General social work activities with accommodation
5	87.999	2025	Overige maatschappelijke dienstverlening met huisvesting, n.e.g.	Autres activités de soins résidentiels n.c.a.	Sonstige Heime (ohne Fremden-, Erholungs- und Ferienheime) a.n.g.	Other miscellaneous residential care activities n.e.c.
2	88     	2025	Maatschappelijke dienstverlening waarbij geen onderdak wordt verschaft	Activités d’action sociale sans hébergement	Sozialwesen, ohne Heime	Social work activities without accommodation
3	88.1	2025	Maatschappelijke dienstverlening zonder huisvesting voor ouderen of personen met een handicap	Activités d’action sociale sans hébergement pour personnes âgées ou en situation de handicap	Soziale Betreuung von älteren Menschen und von Menschen mit Behinderung	Social work activities without accommodation for older persons or persons with disabilities
4	88.10	2025	Maatschappelijke dienstverlening zonder huisvesting voor ouderen of personen met een handicap	Activités d’action sociale sans hébergement pour personnes âgées ou en situation de handicap	Soziale Betreuung von älteren Menschen und von Menschen mit Behinderung	Social work activities without accommodation for older persons or persons with disabilities
5	88.101	2025	Activiteiten van bejaardenzorg aan huis, muv (thuis)verpleging	Activités de soins à domicile aux personnes âgées, sauf soins infirmiers (à domicile)	Tätigkeiten der Betreuung von älteren Menschen, mit Ausnahme von  häuslicher Pflege	Home care activities for older persons, except nursing care (at home)
5	88.102	2025	Activiteiten van dag- en dienstencentra voor ouderen	Activités des centres de jour et de services pour personnes âgées	Tätigkeiten der Tages- und Betreuungszentren für ältere Menschen	Activities of day and service centres for older persons
5	88.103	2025	Activiteiten van dagcentra voor minderjarigen met een lichamelijke handicap, met inbegrip van ambulante hulpverlening	Activités des centres de jour pour mineurs avec un handicap moteur, y compris les services ambulatoires	Tätigkeiten der Tageszentren für Minderjährige mit körperlicher Behinderung, einschließliche ambulanter Hilfsleistungen	Activities of day centres for minors with physical disabilities, including outpatient services
5	88.104	2025	Activiteiten van dagcentra voor volwassenen met een lichamelijke handicap, met inbegrip van ambulante hulpverlening	Activités des centres de jour pour adultes avec un handicap moteur, y compris les services ambulatoires	Tätigkeiten der Tageszentren für Erwachsene mit körperlicher Behinderung, einschließliche ambulanter Hilfsleistungen	Activities of day centres for adults with physical disabilities, including outpatient services
5	88.105	2025	Activiteiten van dagcentra voor minderjarigen met een mentale handicap, met inbegrip van ambulante hulpverlening	Activités des centres de jour pour mineurs avec un handicap mental, y compris les services ambulatoires	Tätigkeiten der Tageszentren für Minderjährige mit geistiger Behinderung, einschließliche ambulanter Hilfsleistungen	Activities of day centres for minors with mental disabilities, including outpatient services
5	88.106	2025	Activiteiten van dagcentra voor volwassenen met een mentale handicap, met inbegrip van ambulante hulpverlening	Activités des centres de jour pour adultes avec un handicap mental, y compris les services ambulatoires	Tätigkeiten der Tageszentren für Erwachsene mit geistiger Behinderung, einschließliche ambulanter Hilfsleistungen	Activities of day centres for adults with mental disabilities, including outpatient services
5	88.109	2025	Overige maatschappelijke dienstverlening zonder huisvesting voor ouderen of personen met een handicap	Autre action sociale sans hébergement pour personnes âgées ou en situation de handicap	Sonstige soziale Dienstleistungen ohne Unterbringung für ältere Menschen und Behinderte	Other social work activities without accommodation for older persons or persons with disabilities
3	88.9	2025	Overige maatschappelijke dienstverlening waarbij geen onderdak wordt verschaft	Autres activités d’action sociale sans hébergement	Sonstiges Sozialwesen, ohne Heime	Other social work activities without accommodation
4	88.91	2025	Activiteiten met betrekking tot kinderopvang	Activités de garde d’enfants	Tagesbetreuung von Kindern	Child day-care activities
5	88.911	2025	Kinderdagverblijven en crèches	Activités des crèches et des garderies d'enfants	Tätigkeiten von Kinderkrippen und Kindertagesstätten	Child day-care and nursery activities
7	88.91101	2025	Kinderkribben, onthaalmoeders en overige kinderopvang	Crèches et garderies d'enfants	Krippen und Kindergärten	Nurseries and day-care centres
5	88.912	2025	Kinderopvang door onthaalouders	Activités des gardiennes d'enfants	Tätigkeiten von Tageseltern	Activities of child-minders
5	88.919	2025	Overige activiteiten met betrekking tot kinderopvang	Autres activités de garde d’enfants	Sonstige Kinderbetreuung	Other child day-care activities
4	88.99	2025	Overige maatschappelijke dienstverlening zonder huisvesting, n.e.g.	Autres activités d'action sociale sans hébergement n.c.a.	Sonstiges Sozialwesen a.n.g.	Other social work activities without accommodation n.e.c.
5	88.991	2025	Ambulante hulpverlening aan drugs- en alcoholverslaafden	Action sociale ambulatoire pour personnes toxicodépendantes et alcolodépendantes	Ambulante Hilfe für Drogen- und Akoholabhängige	Outpatient social work activities for drug and alcohol dependent persons
5	88.992	2025	Integrale jeugdhulp zonder huisvesting	Services d'aide à la jeunesse sans hébergement	Jugendhilfsdienste ohne Unterbringung	Youth care activities without accommodation
5	88.993	2025	Beschutte en sociale werkplaatsen	Activités des entreprises de travail adapté	Tätigkeiten von geschützten und sozialen Werkstätten	Activities of sheltered and social workshops
5	88.994	2025	Algemeen welzijnswerk zonder huisvesting	Services sociaux généraux sans hébergement	Allgemeine Sozialdienste ohne Unterbringung	General social work activities without accommodation
5	88.999	2025	Andere vormen van maatschappelijke dienstverlening zonder huisvesting, n.e.g.	Autres formes d'action sociale sans hébergement n.c.a.	Sonstige Arten sozialer Dienstleistungen ohne Unterbringung a.n.g.	Other miscellaneous social work activities without accommodation n.e.c.
2	90     	2025	Activiteiten op het gebied van scheppende en uitvoerende kunst	Activités de création artistique et de spectacle	Kunstschaffende Tätigkeiten und Tätigkeiten in der darstellenden Kunst	Arts creation and performing arts activities
3	90.1	2025	Creatie van kunst	Activités de création artistique	Kunstschaffende Tätigkeiten	Arts creation activities
4	90.11	2025	Literaire creatie en compositie van muziek	Activités de création littéraire et de composition musicale	Literarisches Schaffen und Musikkomposition	Literary creation and musical composition activities
5	90.111	2025	Literaire creatie	Activités de création littéraire	Literarisches Schaffen	Literary creation activities
5	90.112	2025	Compositie van muziek	Activités de composition musicale	Musikkomposition	Musical composition activities
4	90.12	2025	Creatie van beeldende kunsten	Activités de création en arts visuels	Bildende Kunst	Visual arts creation activities
5	90.120	2025	Creatie van beeldende kunsten	Activités de création en arts visuels	Bildende Kunst	Visual arts creation activities
4	90.13	2025	Andere vormen van creatie van kunst	Autres activités de création artistique	Sonstige kunstschaffende Tätigkeiten	Other arts creation activities
5	90.130	2025	Andere vormen van creatie van kunst	Autres activités de création artistique	Sonstige kunstschaffende Tätigkeiten	Other arts creation activities
3	90.2	2025	Verrichten van uitvoerende kunst	Activités de spectacle	Darstellende Kunst	Activities of performing arts
4	90.20	2025	Verrichten van uitvoerende kunst	Activités de spectacle	Darstellende Kunst	Activities of performing arts
5	90.201	2025	Beoefening van uitvoerende kunsten door zelfstandig werkende artiesten	Réalisation de spectacles par des artistes indépendants	Darbietungen von selbständig arbeitenden Künstlern im Bereich der darstellenden Kunst	Activities of performing arts by self-employed artists
5	90.202	2025	Beoefening van uitvoerende kunsten door artistieke ensembles	Réalisation de spectacles par des ensembles artistiques	Darbietungen von Künstlergruppen im Bereich der darstellenden Kunst	Activities of performing arts by artistic troupes
3	90.3	2025	Ondersteunende activiteiten voor scheppende en uitvoerende kunst	Activités de soutien à la création artistique et aux spectacles	Erbringung von Dienstleistungen für kunstschaffende und darstellende Künste	Support activities to arts creation and performing arts
4	90.31	2025	Exploitatie van kunstfaciliteiten en -locaties	Gestion de lieux d’exposition artistique et de salles de spectacles	Betrieb von Einrichtungen für kunstschaffende und darstellende Künste	Operation of arts facilities and sites
5	90.311	2025	Exploitatie van schouwburgen, concertzalen en dergelijke	Gestion de salles de théâtre, de concerts et similaires	Betrieb von Schauspielhäusern, Konzerthallen uä	Operation of concert and theatre halls and similar facilities
7	90.31101	2025	Exploitatie van schouwburgen, theaters, concertzalen, music-halls, cabarets en andere accomodaties voor podiumkunst	Exploitation de salles de concert, de théâtre,music-halls, cabarets et autres salles de spectacles	Betrieb von Konzertsälen, Theatern, Music-Halls, Cabarets und sonstigen Aufführungssälen	Operation of concert halls, theatre, music halls, cabarets and other theatres
7	90.31102	2025	Exploitatie van geluidsopnamestudio's voor rekening van derden	Exploitation de studios d'enregistrements sonores pour compte de tiers	Betrieb von Tonstudios für Dritte	Operation of sound recording studios for third parties
5	90.312	2025	Exploitatie van culturele centra en multifunctionele zalen ten behoeve van culturele activiteiten	Gestion de centres culturels et de salles multifonctionnelles à vocation culturelle	Betrieb von Kulturzentren und Multifunktionssälen	Operation of cultural centres and multi-purpose halls for cultural activities
7	90.31201	2025	Beheer en exploitatie van culturele centra	Gestion et exploitation de centres culturels	Verwaltung und Betrieb von Kulturzentren	Management and operation of cultural centres
7	90.31202	2025	Beheer en exploitatie van multifunctionele centra en evenementenhallen, overwegend ten behoeve van de scheppende en uitvoerende kunst	Gestion et exploitation de centres polyvalents, principalement destinés à des activités dans le domaine de l'art dramatique et de la musique	Verwaltung und Betrieb von Multifunktionszentren und Veranstaltungshallen, hauptsächlich für Tätigkeiten im Bereich der schaffenden und darstellenden Kunst	Management and operation of multi-purpose centres, mainly for drama and music activities
4	90.39	2025	Andere ondersteunende activiteiten voor scheppende en uitvoerende kunst	Autres activités de soutien à la création artistique et aux spectacles	Erbringung von sonstigen Dienstleistungen für kunstschaffende und darstellende Künste	Other support activities to arts and performing arts
5	90.391	2025	Promotie en organisatie van scheppende en uitvoerende kunstevenementen	Promotion et organisation de créations artistiques et de spectacles	Förderung und Organisation von Veranstaltungen im Bereich der kunstschaffende und darstellende Künste	Promotion and organisation of artistic creations and live performances
5	90.392	2025	Ontwerp en bouw van podia en decors	Conception et réalisation de scènes et de décors	Kulissenentwurf und -bau	Design and buidling of stage-set and scene
5	90.393	2025	Gespecialiseerde beeld-, verlichtings- en geluidstechnieken	Services spécialisés du son, de l'image et de l'éclairage	Spezialisierte Bild-, Beleuchtungs- und Tontechniken	Specialised services for sound, image and light
5	90.399	2025	Andere ondersteunende activiteiten voor scheppende en uitvoerende kunst, n.e.g.	Autres activités de soutien à la création artistique et aux spectacles, n.c.a.	Erbringung von sonstigen Dienstleistungen für kunstschaffende und darstellende Künste a.n.g.	Other support activities to arts and performing arts, n.e.c.
2	91     	2025	Activiteiten van bibliotheken, archieven, musea en overige culturele activiteiten	Bibliothèques, archives, musées et autres activités culturelles	Bibliotheken, Archive, Museen, botanische und zoologische Gärten	Libraries, archives, museums and other cultural activities
3	91.1	2025	Activiteiten van bibliotheken en archieven	Activités des bibliothèques et centres d’archives	Bibliotheken und Archive	Library and archive activities
4	91.11	2025	Activiteiten van bibliotheken	Activités des bibliothèques	Bibliotheken	Library activities
5	91.110	2025	Activiteiten van bibliotheken	Activités des bibliothèques	Bibliotheken	Library activities
7	91.11001	2025	Opzoeken en bijeenbrengen van een al dan niet gespecialiseerde collectie	Recherche et gestion de collections d'ouvrages spécialisés ou non	Suche und Verwaltung von Sammlungen spezialisierter oder nicht spezialisierter Werke	Research and management of specialised and non-specialised collections
7	91.11002	2025	Samenstellen van catalogi	Etablissement de catalogues	Erstellung von Katalogen	Establishment of catalogues
7	91.11003	2025	Uitlenen van boeken, kaarten, tijdschriften, films, grammofoonplaten, CD's, banden, kunstwerken, enz.	Prêt à stockage de livres, de cartes, de périodiques, de films, de disques, de bandes magnétiques, d'oeuvres d'art, etc.	Lagerraum für Bücher, Karten, Zeitschriften, Filme, Schallplatten, Magnetbänder, Kunstwerke usw	Preparing for storage of books, cards, periodicals, films, records, magnetic tapes, works of art, etc.
7	91.11004	2025	Opzoeken van informatie op verzoek	Activités de recherche visant à répondre aux demandes d'information	Forschungstätigkeiten zwecks Beantwortung von Informationsanfragen	Research activities to respond to requests for information
4	91.12	2025	Activiteiten van archieven	Activités des centres d’archives	Archive	Archive activities
5	91.120	2025	Activiteiten van archieven	Activités des centres d’archives	Archive	Archive activities
7	91.12001	2025	Bijhouden van historische archieven	Tenue des archives historiques	Führung historischer Archive	Holding of historical archives
3	91.2	2025	Activiteiten van musea, collecties, historische locaties en monumenten	Activités des musées, collections, monuments et sites historiques	Museen, Sammlungen, historische Stätten und Denkmäler	Museum, collection, historical site and monument activities
4	91.21	2025	Activiteiten van musea en collecties	Activités des musées et collections	Museen und Sammlungen	Museum and collection activities
5	91.210	2025	Activiteiten van musea en collecties	Activités des musées et collections	Museen und Sammlungen	Museum and collection activities
7	91.21001	2025	Exploitatie van musea, inclusief openluchtmusea : kunstmusea, musea van sieraden, meubelen, kleding, aardewerk, zilverwerk, enz.; natuurhistorische musea, musea voor wetenschappen en techniek, enz.	Gestion des musées, y compris les musées en plein air: musées d'art, d'orfèvrerie, de meubles, de costumes, de céramiques, d'argenterie, etc.; musées d'histoire naturelle, des sc et techniques, etc.	Verwaltung von Museen aller Art, einschließlich Freilichtmuseen: Kunst-, Schmuck-, Möbel-, Kleidungs-, Keramik-, Silberwarenmuseen usw; Naturgeschichtemuseen, Wissenschaftsmuseen, Technikmuseen usw	Museums activities, including open-air museums: museums of art, goldsmithery, furniture, costumes, ceramics, silverware, etc. ; natural history museums, science and technology, etc.
4	91.22	2025	Activiteiten van historische locaties en monumenten	Activité des sites et monuments historiques	Historische Stätten und Denkmäler	Historical site and monument activities
5	91.220	2025	Activiteiten van historische locaties en monumenten	Activité des sites et monuments historiques	Historische Stätten und Denkmäler	Historical site and monument activities
7	91.22001	2025	Instandhouding (inclusief opgravingswerken) van historische plaatsen en gebouwen	Préservation de sites (y compris les fouilles) et de bâtiments historiques	Instandhaltung (einschließlich Ausgrabungen) von historischen Stätten und Gebäuden	Preservation of sites (including excavations) and historic buildings
7	91.22002	2025	Monumentenzorg	Conservation de monuments historiques	Erhaltung historischer Monumente	Conservation of historical monuments
3	91.3	2025	Instandhouding, restauratie en andere ondersteunende activiteiten voor cultureel erfgoed	Conservation, restauration et autres activités de soutien pour la préservation du patrimoine culturel	Konservierung, Restaurierung und sonstige unterstützende Tätigkeiten für das kulturelle Erbe	Conservation, restoration and other support activities for cultural heritage
4	91.30	2025	Instandhouding, restauratie en andere ondersteunende activiteiten voor cultureel erfgoed	Conservation, restauration et autres activités de soutien pour la préservation du patrimoine culturel	Konservierung, Restaurierung und sonstige unterstützende Tätigkeiten für das kulturelle Erbe	Conservation, restoration and other support activities for cultural heritage
5	91.300	2025	Instandhouding, restauratie en andere ondersteunende activiteiten voor cultureel erfgoed	Conservation, restauration et autres activités de soutien pour la préservation du patrimoine culturel	Konservierung, Restaurierung und sonstige unterstützende Tätigkeiten für das kulturelle Erbe	Conservation, restoration and other support activities for cultural heritage
3	91.4	2025	Activiteiten van botanische tuinen, dierentuinen en natuurreservaten	Activités de gestion de jardins botaniques et zoologiques et de réserves naturelles	Botanische und zoologische Gärten sowie Naturparks	Botanical and zoological garden and nature reserve activities
4	91.41	2025	Activiteiten van botanische tuinen en dierentuinen	Activités de gestion de jardins botaniques et zoologiques	Botanische und zoologische Gärten	Botanical and zoological garden activities
5	91.410	2025	Activiteiten van botanische tuinen en dierentuinen	Activités de gestion de jardins botaniques et zoologiques	Botanische und zoologische Gärten	Botanical and zoological garden activities
7	91.41001	2025	Exploitatie van botanische tuinen, dierentuinen, kinderboerderijen, natuur- en wildreservaten	Gestion de jardins botaniques et zoologiques, des zoos pour enfants, des réserves et parcs naturels, y compris la protection de la flore et de la faune	Verwaltung von botanischer und zoologischer Gärten, Kinderzoos, Naturschutzgebeiten und Naturparks, einschließlich Schutz von Flora und Fauna	Botanical and zoological garden services, zoos for children, nature reserves and parks, including the protection of flora and fauna
4	91.42	2025	Beheer en instandhouding van natuurreservaten	Activités de gestion de réserves naturelles	Naturparks	Nature reserve activities
5	91.420	2025	Beheer en instandhouding van natuurreservaten	Activités de gestion de réserves naturelles	Naturparks	Nature reserve activities
7	91.42001	2025	Instandhouding van het natuurlijk patrimonium	Conservation du patrimoine naturel	Pflege des Naturerbes	Conservation of natural heritage
7	91.42002	2025	Exploitatie van overige toeristische bezienswaardigheden (grotten en dergelijke)	Exploitation d'autres curiosités touristiques (grottes et similaires)	Betrieb von sonstigen touristischen Sehenswürdigkeiten (Höhlen und Ähnliches)	Operation of other tourist attractions (caves and similar)
2	92     	2025	Activiteiten van loterijen en kansspelen	Activités de jeux d’argent et de paris	Spiel-, Wett- und Lotteriewesen	Gambling and betting activities
3	92.0	2025	Activiteiten van loterijen en kansspelen	Activités de jeux d’argent et de paris	Spiel-, Wett- und Lotteriewesen	Gambling and betting activities
4	92.00	2025	Activiteiten van loterijen en kansspelen	Activités de jeux d’argent et de paris	Spiel-, Wett- und Lotteriewesen	Gambling and betting activities
5	92.000	2025	Activiteiten van loterijen en kansspelen	Activités de jeux d’argent et de paris	Spiel-, Wett- und Lotteriewesen	Gambling and betting activities
7	92.00001	2025	Organisatie van loterijen, lotto's, pronostieken, weddingschappen, enz.	Organisation de loteries, lotos, pronostics,paris mutuels, etc.	Organisation von Lotterien, Lottospielen, Glücksspielen, Wetten usw	Organisation of lotteries, lottos, forecasting, pool betting activities, etc.
7	92.00002	2025	Exploitatie van casino's en speelzalen	Exploitation de casinos et de salles de jeux	Betrieb von Kasinos und Spielsälen	Operation of casinos and gambling halls
7	92.00003	2025	Exploitatie van gokautomaten en dergelijke, waarbij de winst onder de vorm van speciën uitgekeerd wordt	Exploitation de machines à sous basées sur le hasard avec gain d'argent	Betrieb von Glücksspielautomaten und Ähnliches, mit Geldgewinn	Cash-based slot machine operations
7	92.00004	2025	Activiteiten ivm de verkoop van loterijbriefjes, het afleveren en inzamelen van deelnemingsformulieren, enz.	Activités liées à la vente de billets de loterie, la distribution et la collecte de bulletins de participation, etc.	Tätigkeiten im Bereich des Verkaufs von Lotteriescheinen, der Verteilung und Einsammlung von Teilnahmescheinen usw	Activities related to the trade of lottery tickets, distribution and collection of tickets, etc.
2	93     	2025	Sport, ontspanning en recreatie	Activités sportives et activités récréatives et de loisirs	Erbringung von Dienstleistungen des Sports, der Unterhaltung und der Erholung	Sports activities and amusement and recreation activities
3	93.1	2025	Sport	Activités sportives	Erbringung von Dienstleistungen des Sports	Sports activities
4	93.11	2025	Exploitatie van sportaccommodaties	Gestion d’installations sportives	Betrieb von Sportanlagen	Operation of sports facilities
5	93.110	2025	Exploitatie van sportaccommodaties	Gestion d’installations sportives	Betrieb von Sportanlagen	Operation of sports facilities
7	93.11001	2025	Beheer en  exploitatie van sportcentra die kunnen gebruikt worden voor de beoefening van diverse sporten en disciplines	Gestion et exploitation de centres sportifs destinés à accueillir des événements ou des disciplines sportifs de toute nature	Verwaltung und der Betrieb von Sportzentren für die Ausübung verschiedener Sportarten und Disziplinen	Management and operation of sports centres for hosting sporting events or disciplines of any kind
7	93.11002	2025	Beheer en exploitatie van multifunctionele centra, overwegend gebruikt voor sportbeoefening	Gestion et exploitation de centres polyvalents, principalement destinés à la pratique du sport	Verwaltung und Betrieb von hauptsächlich für die Sportausübung bestimmte Multifunktionszentren	Management and operation of multi-purpose centres, mainly intended for the practice of sport
7	93.11003	2025	Exploitatie van voetbalstadions, zwembaden, atletiekbanen, golfbanen, tennisvelden, schaatsbanen, schietstanden, bowlings, gespecialiseerde zalen en arena's, enz.	Exploitation de stades de football, piscines, stades d'athlétisme, établissements de bowling, terrains de golf, courts de tennis, patinoires, stands de tir, salles et arènes spécialisées, etc.	Betrieb von Fussballstadien, Schwimmbädern, Leichtathletikbahnen, Bowlingbahnen, Golfplätzen, Tennisplätzen, Eislaufhallen, Schiessständen, sowie sonstigen spezialisierten Sportsälen und -plätzen	Operation of football stadiums, swimming pools, athletic stadiums, bowling facilities, golf courses, tennis courts, skating rinks, shooting ranges, specialised halls and arenas, etc.
7	93.11004	2025	Vlieghavens voor sportvliegtuigen	Exploitation d'aérodromes de tourisme	Betrieb von Sportflughäfen	Operation of tourist aerodromes
7	93.11005	2025	Racecircuits, velodrooms, enz.	Exploitation de circuits automobiles, vélodromes, etc.	Betrieb von Autorennstrecken, Radrennbahnen usw	Operation of race tracks, velodromes, etc.
7	93.11006	2025	Organisatie en uitvoering van sportevenementen : voetbal, wielrennen, bowling, zwemmen, golf, boksen, worstelen, en andere vechtsporten, bodybuilding, wintersporten, enz.	Organisation et gestion d'activités sportives: clubs de foot, de cyclisme, de bowling, de natation, de golf, de boxe, de lutte et autres arts martiaux, de musculation, assoc de sports d'hiver, etc.	Organisation und Verwaltung von sportlichen Tätigkeiten: Fussball-, Fahrrad-, Bowling-, Schwimm-, Golf-, Box-, Ringerclubs und Vereine für sonstige  Kampfsportarten, Boldy Building, Wintersport usw	Organisation and management of sports activities: soccer, cycling, bowling, swimming, golf, boxing, wrestling and other martial arts, body building, winter sports associations, etc.
4	93.12	2025	Activiteiten van sportclubs	Activités des clubs de sports	Sportvereine	Activities of sports clubs
5	93.121	2025	Activiteiten van voetbalclubs	Activités des clubs de football	Tätigkeiten von Fußballclubs	Activities of football clubs
5	93.122	2025	Activiteiten van tennisclubs	Activités des clubs de tennis	Tätigkeiten von Tennisclubs	Activities of tennis clubs
5	93.123	2025	Activiteiten van overige balsportclubs	Activités des clubs d'autres sports de ballon	Tätigkeiten von sonstigen Ballsportclubs	Activities of other ball sports clubs
5	93.124	2025	Activiteiten van wielerclubs	Activités des clubs cyclistes	Tätigkeiten von Fahrradclubs	Activities of cycling clubs
5	93.125	2025	Activiteiten van vechtsportclubs	Activités des clubs de sports de combat	Tätigkeiten von Kampfsportclubs	Activities of martial art clubs
5	93.126	2025	Activiteiten van watersportclubs	Activités des clubs de sports nautiques	Tätigkeiten von Wassersportclubs	Activities of water sports clubs
5	93.127	2025	Activiteiten van paardensportclubs	Activités des clubs équestres	Tätigkeiten von Pferdesportclubs	Activities of equestrian sports clubs
5	93.128	2025	Activiteiten van atletiekclubs	Activités des clubs d'athlétisme	Tätigkeiten von Leichtathletikclubs	Activities of athletic clubs
5	93.129	2025	Activiteiten van overige sportclubs	Activités des clubs d'autres sports	Tätigkeiten von sonstigen Sportclubs	Activities of other sports clubs
7	93.12901	2025	Activiteiten ivm sportwedstrijden met dieren (paarden, windhonden, duiven,enz)	Activités liées aux courses et concours d'animaux (chevaux, lévriers, pigeons, etc.)	Tätigkeiten im Zusammenhang mit Tierrennen und -wettbewerben (Pferde, Windhunde, Tauben usw)	Activities related to races and contests of animals (horses, greyhounds, pigeons, etc.)
7	93.12902	2025	Activiteiten ivm mechanische sporten (auto's, motorrijwielen, karts, enz.	Activités liées aux sport mécaniques (automobiles, motos, karts, etc.)	Tätigkeiten im Zusammenhang mit Motorsport (Autos, Motorräder, Karts usw)	Activities related to mechanical sports (cars, motorcycles, karts, etc.)
7	93.12903	2025	Jacht en de visvangst als sport of recreatie	Pratique de la chasse et de la pêche en tant que sports ou activités de loisir	Jagd und Fischerei als Sport oder Freizeittätigkeit	Practice of hunting and fishing as sports or leisure activities
7	93.12904	2025	Activiteiten ivm zeilwedstrijden, waterski, jetski, deltavliegen, zweefvliegen, vliegen met ULM's, met sportof toerismevliegtuigen, enz.	Activités liées aux régates, ski nautique, jetski, deltaplane, vol à voile, vol en ULM, en avion de tourisme ou de sport, etc.	Tätigkeiten im Zusammenhang mit Segelregatten, Wasserski, Jet-Ski, Drachenfliegen, Segelfliegen, Ultraleichtfliegen, Sportfliegen usw	Activities related to regattas, water skiing, jet skiing, hang-gliding, gliding, micro lighting, sightseeing or sports, etc.
4	93.13	2025	Activiteiten van fitnesscentra	Activités des centres de fitness	Fitnesszentren	Activities of fitness centres
5	93.130	2025	Activiteiten van fitnesscentra	Activités des centres de fitness	Fitnesszentren	Activities of fitness centres
7	93.13001	2025	Exploitatie van gymnastiekzalen, fitnesscentra, centra voor de beoefening van aerobic, bodybuilding, enz. inclusief de begeleiding van de clientèle op sportief gebied	Exploitation de salles de gymnastique et de centres de fitness, de musculation, d'aérobic, de body-building, etc., y compris l'accompagnement de la clientèle sur le plan sportif	Betrieb von Turnsälen und Fitness-, Bodybuilding-, Aerobiczentren usw einschließlich sportliche Betreuung der Kunden	Operation of gymnasiums and fitness centres, weight training, aerobics, body-building, etc., including support for customers in sports
4	93.19	2025	Sportactiviteiten, n.e.g.	Activités sportives n.c.a.	Erbringung von Dienstleistungen des Sports a.n.g.	Sports activities n.e.c.
5	93.191	2025	Activiteiten van sportbonden en -federaties	Activités des ligues et des fédérations sportives	Tätigkeiten von Sportvereinigungen und Sportverbänden	Activities of sports leagues and federations
5	93.192	2025	Activiteiten van zelfstandig werkende sportbeoefenaars	Activités des sportifs indépendants	Tätigkeiten von selbständigen Sportlern	Activities of self-employed sportspeople
5	93.199	2025	Overige sportactiviteiten, n.e.g.	Autres activités sportives n.c.a.	Sonstige sportliche Tätigkeiten a.n.g.	Other sports activities n.e.c.
7	93.19901	2025	Promotie en organisatie van sportevenementen, als zelfstandige activiteit of voor rekening van derden	Promotion et organisation d'événements sportifs tant pour compte propre que pour le compte de tiers	Förderung und Organisation von Sportveranstaltungen sowohl auf eigene Rechnung als auch für Rechnung Dritter	Promotion and organisation of sporting events for own account and on behalf of third parties
7	93.19902	2025	Ondersteunende diensten ivm de sportbeoefening	Activités de services connexes	Nebendienstleistungen	Related service activities
3	93.2	2025	Activiteiten op het gebied van ontspanning en recreatie	Activités récréatives et de loisirs	Erbringung von sonstigen Dienstleistungen der Unterhaltung und der Erholung	Amusement and recreation activities
4	93.21	2025	Activiteiten van pret- en themaparken	Activités des parcs d’attractions et parcs à thèmes	Vergnügungs- und Themenparks	Activities of amusement parks and theme parks
5	93.210	2025	Activiteiten van pret- en themaparken	Activités des parcs d’attractions et parcs à thèmes	Vergnügungs- und Themenparks	Activities of amusement parks and theme parks
7	93.21001	2025	Exploitatie van pretparken	Exploitation de parcs d'attractions	Betrieb von Erlebnisparks	Operation of amusement parks
4	93.29	2025	Ontspanning en recreatie, n.e.g.	Activités récréatives et de loisirs n.c.a.	Erbringung von sonstigen Dienstleistungen der Unterhaltung und der Erholung a.n.g.	Amusement and recreation activities n.e.c.
5	93.291	2025	Exploitatie van kermisattracties	Exploitation d’attractions foraines	Betrieb von Jahrmarktattraktionen	Operation of fairground amusement equipment
7	93.29101	2025	Kermisattracties	Attractions foraines	Jahrmarktattraktionen	Fairground attractions
5	93.292	2025	Exploitatie van snooker- en biljartzalen	Exploitation de salles de billard et de snooker	Betrieb von Snooker- und Billardsälen	Operation of billiard and snooker halls
5	93.293	2025	Exploitatie van recreatiedomeinen	Exploitation de domaines récréatifs	Betrieb von Freizeitdomänen	Operation of recreational areas
7	93.29301	2025	Exploitatie van al dan niet automatische spelen (flippers, elektronische spelen, enz.) waarbij in beginsel geen winst onder de vorm van speciën uitgekeerd wordt	Exploitation de jeux, automatiques ou non (flippers, jeux électroniques, baby foot, etc.) en principe sans gain d'argent	Betrieb von automatischen oder nicht automatischen Spielen (Flipper, elektronische Spiele, Tischfussball usw ;), im allgemeine ohne Geldgewinn	Operation of games, automatic or not (pinball machines, electronic games, table football, etc.) in principle without gain of money
5	93.299	2025	Overige recreatie- en ontspanningsactiviteiten, n.e.g.	Autres activités récréatives et de loisirs n.c.a.	Sonstige Freizeitaktivitäten a.n.g.	Other amusement and recreation activities n.e.c.
7	93.29901	2025	Bieden van overig amusement, n.e.g.: circussen, poppentheaters, rodeo's, klank- en lichtspelen, enz.	"Organisation d'activités récréatives n.c.a.: spectacles de cirque, spectacles de marionnettes, rodéos, spectacles ""son et lumière"", etc."	Organisation von a.n.g. Unterhaltungsaktivitäten: Zirkusveranstaltungen, Puppentheater, Rodeos, Licht- und Tonspiele usw	Organisation of recreational activities nes : circus shows, puppet shows, rodeos, sound and light shows, etc.
7	93.29902	2025	Professioneel schutter van pyrotechnische artikelen voor amusement en voor theatergebruik	Tireur professionnel d'articles pyrotechniques de divertissement et de théâtre	Fachmann im Umgang mit pyrotechnischen Erzeugnissen für Unterhaltungszwecke und Theateranwendungen	Professional shooter of pyrotechnic articles for entertainment and theatre
7	93.29903	2025	Exploitatie van strandfaciliteiten (verhuur van kleedhokjes, windschermen, ligbedden,enz)	Exploitation d'infrastructures de plage (location de cabines de bain, paravents, sièges, etc.)	Betrieb von Strandeinrichtungen (Vermietung von Strandbuden, Strandwindschutze, Liegen, usw)	Operation of beach infrastructure (rental of bathrooms, screens, seating, etc.)
7	93.29904	2025	Terbeschikkingstelling van faciliteiten voor recreatiedoeleinden, zoals fietsen, waterfietsen, roeibootjes, poney's, enz.	Mise à disposition à des fins récréatives de pédalos, barques, bicyclettes, poneys, etc.	Bereitstellung zu Freizeitzwecken von Tretbooten, Ruderbooten, Fahrrädern, Ponys usw	Provision of pedal boats, boats, bicycles, ponies, etc. for recreational purposes
7	93.29905	2025	Overige activiteiten ivm recreatie die niet elders zijn gerangschikt	Autres activités liées aux loisirs non classées ailleurs	Sonstige anderweitig nicht aufgeführte Freizeitaktivitäten	Other recreational activities n.e.c.
2	94     	2025	Activiteiten van verenigingen	Activités des organisations associatives	Interessenvertretungen sowie kirchliche und sonstige religiöse Vereinigungen, ohne Sozialwesen und Sport	Activities of membership organisations
3	94.1	2025	Activiteiten van bedrijfs-, werkgevers- en beroepsorganisaties	Activités des organisations économiques, patronales et professionnelles	Wirtschafts- und Arbeitgeberverbände, Berufsorganisationen	Activities of business, employers and professional membership organisations
4	94.11	2025	Activiteiten van bedrijfs- en werkgeversorganisaties	Activités des organisations patronales et d'entreprises	Wirtschafts- und Arbeitgeberverbände	Activities of business and employers membership organisations
5	94.110	2025	Activiteiten van bedrijfs- en werkgeversorganisaties	Activités des organisations patronales et d'entreprises	Wirtschafts- und Arbeitgeberverbände	Activities of business and employers membership organisations
4	94.12	2025	Activiteiten van beroepsorganisaties	Activités des organisations professionnelles	Berufsorganisationen	Activities of professional membership organisations
5	94.120	2025	Activiteiten van beroepsorganisaties	Activités des organisations professionnelles	Berufsorganisationen	Activities of professional membership organisations
3	94.2	2025	Activiteiten van vakbonden	Activités des syndicats de salariés	Arbeitnehmervereinigungen	Activities of trade unions
4	94.20	2025	Activiteiten van vakbonden	Activités des syndicats de salariés	Arbeitnehmervereinigungen	Activities of trade unions
5	94.200	2025	Activiteiten van vakbonden	Activités des syndicats de salariés	Arbeitnehmervereinigungen	Activities of trade unions
3	94.9	2025	Activiteiten van overige verenigingen	Activités des autres organisations associatives	Kirchliche Vereinigungen; politische Parteien sowie sonstige Interessenvertretungen und Vereinigungen	Activities of other membership organisations
4	94.91	2025	Activiteiten van religieuze organisaties	Activités des organisations religieuses	Kirchliche und sonstige religiöse Vereinigungen	Activities of religious organisations
5	94.910	2025	Activiteiten van religieuze organisaties	Activités des organisations religieuses	Kirchliche und sonstige religiöse Vereinigungen	Activities of religious organisations
4	94.92	2025	Activiteiten van politieke organisaties	Activités des organisations politiques	Politische Parteien und Vereinigungen	Activities of political organisations
5	94.920	2025	Activiteiten van politieke organisaties	Activités des organisations politiques	Politische Parteien und Vereinigungen	Activities of political organisations
4	94.99	2025	Activiteiten van overige verenigingen, n.e.g.	Activités des organisations associatives n.c.a.	Sonstige Interessenvertretungen und Vereinigungen a.n.g.	Activities of other membership organisations n.e.c.
5	94.991	2025	Verenigingen op het vlak van jeugdwerk	Associations de jeunesse	Jugendvereinigungen	Activities of  youth associations
5	94.992	2025	Verenigingen en bewegingen voor volwassenen	Associations et mouvements pour adultes	Vereinigungen und Bewegungen für Erwachsene	Associations for adults
5	94.993	2025	Verenigingen op het vlak van ziektepreventie en gezondheidsbevordering	Associations pour la prévention de la santé	Vereinigungen zur Gesundheitssorge und Gesundheitsprävention	Activities of illness prevention and health promotion associations
5	94.994	2025	Verenigingen op het vlak van milieu en mobiliteit	Associations pour l'environnement et la mobilité	Vereinigungen für Umwelt und Mobilität	Activities of environmental and mobility associations
5	94.995	2025	Verenigingen op het vlak van ontwikkelingssamenwerking	Associations pour la coopération au développement	Vereinigungen für Entwicklungszusammenarbeit	Activities of associations for development cooperation
5	94.999	2025	Overige verenigingen, n.e.g.	Autres associations n.c.a.	Interessenvertretungen a.n.g.	Activities of other associations n.e.c.
2	95     	2025	Reparatie en onderhoud van computers, consumentenartikelen, auto’s en motorfietsen	Réparation et entretien d’ordinateurs, de biens personnels et domestiques et d’automobiles et motocycles	Reparatur und Instandhaltung von Datenverarbeitungsgeräten und Gebrauchsgütern sowie von Kraftwagen und Krafträdern	Repair and maintenance of computers, personal and household goods, and motor vehicles and motorcycles
3	95.1	2025	Reparatie en onderhoud van computers en communicatieapparatuur	Réparation et entretien d’ordinateurs et d’équipements de communication	Reparatur und Instandhaltung von Datenverarbeitungs- und Telekommunikationsgeräten	Repair and maintenance of computers and communication equipment
4	95.10	2025	Reparatie en onderhoud van computers en communicatieapparatuur	Réparation et entretien d’ordinateurs et d’équipements de communication	Reparatur und Instandhaltung von Datenverarbeitungs- und Telekommunikationsgeräten	Repair and maintenance of computers and communication equipment
5	95.100	2025	Reparatie en onderhoud van computers en communicatieapparatuur	Réparation et entretien d’ordinateurs et d’équipements de communication	Reparatur und Instandhaltung von Datenverarbeitungs- und Telekommunikationsgeräten	Repair and maintenance of computers and communication equipment
7	95.10001	2025	Onderhoud en de reparatie van computers en randapparatuur	Entretien et réparation d'ordinateurs et de matériel informatique périphérique	Wartung und Reparatur von Computern und peripheren Geräten	Maintenance and repair of computers and peripheral equipment
7	95.10002	2025	Onderhoud en de reparatie van rekenmachines en overige kantoormachines	Entretien et réparation de machines comptables et autres machines de bureau	Wartung und Reparatur von Rechen- und Büromaschinen	Maintenance and repair of accounting and other office machines
3	95.2	2025	Reparatie en onderhoud van consumentenartikelen	Réparation et entretien de biens personnels et domestiques	Reparatur und Instandhaltung von Gebrauchsgütern	Repair and maintenance of personal and household goods
4	95.21	2025	Reparatie en onderhoud van consumentenelektronica	Réparation et entretien de produits électroniques grand public	Reparatur und Instandhaltung von Geräten der Unterhaltungselektronik	Repair and maintenance of consumer electronics
5	95.210	2025	Reparatie en onderhoud van consumentenelektronica	Réparation et entretien de produits électroniques grand public	Reparatur und Instandhaltung von Geräten der Unterhaltungselektronik	Repair and maintenance of consumer electronics
7	95.21001	2025	Reparatie van audio- en videoapparatuur	Réparation d'appareils audio et vidéo	Reparatur von Audio- und Videogeräten	Repair of audio and video equipment
4	95.22	2025	Reparatie en onderhoud van huishoudapparaten en van werktuigen voor gebruik in huis en tuin	Réparation et entretien d’appareils électroménagers et d’équipements pour la maison et le jardin	Reparatur und Instandhaltung von elektrischen Haushaltsgeräten und Gartengeräten	Repair and maintenance of household appliances and home and garden equipment
5	95.220	2025	Reparatie en onderhoud van huishoudapparaten en van werktuigen voor gebruik in huis en tuin	Réparation et entretien d’appareils électroménagers et d’équipements pour la maison et le jardin	Reparatur und Instandhaltung von elektrischen Haushaltsgeräten und Gartengeräten	Repair and maintenance of household appliances and home and garden equipment
7	95.22001	2025	Reparatie van elektrische huishoudapparaten	Réparation d'appareils électroménagers	Reparatur von elektrischen Haushaltsgeräten	Repair of electric domestic appliances
4	95.23	2025	Reparatie en onderhoud van schoeisel en lederwaren	Réparation et entretien de chaussures et d’articles en cuir	Reparatur und Instandhaltung von Schuhen und Lederwaren	Repair and maintenance of footwear and leather goods
5	95.230	2025	Reparatie en onderhoud van schoeisel en lederwaren	Réparation et entretien de chaussures et d’articles en cuir	Reparatur und Instandhaltung von Schuhen und Lederwaren	Repair and maintenance of footwear and leather goods
7	95.23001	2025	Reparatie van schoenen, laarzen, reisartikelen en dergelijke van leer of van ander materiaal	Réparation de chaussures, bagages, articles de maroquinerie et articles similaires, en cuir ou en autres matières	Reparatur von Schuhen, Stiefeln, Gepäckstücken und ähnlichen Aritkeln aus Leder oder anderen Materialien	Repair of footwear, luggage, leather goods and similar articles, of leather or of other materials
4	95.24	2025	Reparatie en onderhoud van meubelen en stoffering	Réparation et entretien de meubles et d’équipements du foyer	Reparatur und Instandhaltung von Möbeln und Einrichtungsgegenständen	Repair and maintenance of furniture and home furnishings
5	95.240	2025	Reparatie en onderhoud van meubelen en stoffering	Réparation et entretien de meubles et d’équipements du foyer	Reparatur und Instandhaltung von Möbeln und Einrichtungsgegenständen	Repair and maintenance of furniture and home furnishings
7	95.24001	2025	Renovatie en restauratie van meubels	Rénovation et la restauration de meubles	Renovierung und Restaurierung von Möbeln	Renovation and restoration of furniture
4	95.25	2025	Reparatie en onderhoud van uurwerken en sieraden	Réparation et entretien d’articles d’horlogerie et de bijouterie	Reparatur und Instandhaltung von Uhren und Schmuck	Repair and maintenance of watches, clocks and jewellery
5	95.250	2025	Reparatie en onderhoud van uurwerken en sieraden	Réparation et entretien d’articles d’horlogerie et de bijouterie	Reparatur und Instandhaltung von Uhren und Schmuck	Repair and maintenance of watches, clocks and jewellery
4	95.29	2025	Reparatie en onderhoud van consumentenartikelen, n.e.g.	Réparation et entretien d’autres biens personnels ou domestiques n.c.a.	Reparatur und Instandhaltung von Gebrauchsgütern a.n.g.	Repair and maintenance of personal and household goods n.e.c.
5	95.290	2025	Reparatie en onderhoud van consumentenartikelen, n.e.g.	Réparation et entretien d’autres biens personnels ou domestiques n.c.a.	Reparatur und Instandhaltung von Gebrauchsgütern a.n.g.	Repair and maintenance of personal and household goods n.e.c.
7	95.29001	2025	Reparatie van fietsen	Réparation de bicyclettes	Fahrradreparatur	Repair of bicycles
7	95.29002	2025	Reparatie van speelgoed	Réparation de jouets	Spielzeugreparatur	Repair of toys
7	95.29003	2025	Reparatie van sport- en kampeerartikelen	Réparation d'articles de sport et de camping	Reparatur von Sport- und Campingartikeln	Repair of sports and camping equipment
7	95.29004	2025	Reparatie van gedragen kleding : (onzichtbaar) stoppen, hermazen, retoucheren, enz.	Réparation de vêtements déjà portés: stoppage, remaillage, retouche, etc.	Reparatur bereits getragener Kleidung: Kunststopfen, Maschen aufziehen, Ausbesserung usw	Repair of used clothing: darning, mending and repairs, etc.
7	95.29005	2025	Reparatie van diverse artikelen (sleutels, sloten, hakken enz.), inclusief de expresreparaties aan huis	Réparation d'articles divers (clés,serrures,talons,etc), y compris la réparations urgentes à domicile	Reparatur verschiedener Artikel (Schlüssel, Schlösser, Absätze usw), einschließlich dringender Hausreparaturen	Repair of miscellaneous items (keys, locks, heels, etc.), including urgent home repairs
7	95.29006	2025	Afstemmen van piano's en andere muziekinstrumenten	Activités des accordeurs de piano et autres instruments de musique	Stimmen von Klavieren und anderen Musikinstrumenten	Activities of piano tuners and other musical instruments
7	95.29007	2025	Reparatie van fotografische artikelen	Réparation d'articles de photographie	Reparatur von Fotographieartikeln	Repair of photographic articles
7	95.29008	2025	Overige reparaties van consumentenartikelen, n.e.g.	Autres réparations de biens de consommation n.c.a.	Sonstige, nicht anderweitig aufgeführte Reparaturen von Konsumgütern	Other repairs of consumer goods nes
7	95.29009	2025	Reparatie en kleine veranderingen aan kleding en ander textiel, indien dit tegelijk met het reinigen gebeurt	Réparation de vêtements et d'autres articles textiles ou les petites retouches apportées à ces articles lorsqu'elles sont faites en liaison avec le nettoyage	Reparaturarbeiten an Kleidung und sonstigen Textilien oder kleine Reparaturen an diesen Gegenständen in Verbindung mit deren Reinigung	Repair of clothing and other textile articles or minor alterations to such articles when made in connection with cleaning
7	95.29010	2025	Herstelling van muziekinstrumenten	Réparation d'instruments de musique	Reparatur von Musikinstrumenten	Repair of musical instruments
3	95.3	2025	Reparatie en onderhoud van motorvoertuigen en motorfietsen	Réparation et entretien d’automobiles et de motocycles	Reparatur und Instandhaltung von Kraftwagen und Krafträdern	Repair and maintenance of motor vehicles and motorcycles
4	95.31	2025	Reparatie en onderhoud van motorvoertuigen	Réparation et entretien d’automobiles	Reparatur und Instandhaltung von Kraftwagen	Repair and maintenance of motor vehicles
5	95.311	2025	Algemeen onderhoud en reparatie van auto's en lichte bestelwagens (<= 3,5 ton)	Entretien et réparation général de voitures et de véhicules légers (<= 3,5 tonnes)	Wartung und Reparatur von Kraftfahrzeugen mit einem Gesamtgewicht von 3,5 t oder weniger	General repair and maintenance of cars and light motor vehicles (<= 3,5 tons)
7	95.31101	2025	Algemeen onderhoud en reparatie van auto's en lichte bestelwagens (= 3,5 ton)	Entretien et réparation général de voitures et de véhicules légers (= 3,5 tonnes)	Wartung und Reparatur von Kraftfahrzeugen mit einem Gesamtgewicht von 3,5 t	General maintenance and repair of cars and light vehicles (= 35 ton)
5	95.312	2025	Algemeen onderhoud en reparatie van overige motorvoertuigen (> 3,5 ton)	Entretien et réparation général d'autres véhicules automobiles (> 3,5 tonnes)	Allgemeine Instandhaltung und Reparatur von sonstigen Kraftfahrzeugen von mehr als 3,5 t	General maintenance and repair of other motor vehicles (> 3,5 tons)
5	95.313	2025	Reparatie en montage van specifieke auto-onderdelen	Réparation et montage de parties spécifiques de véhicules automobiles	Reparatur und Montage von spezifischen Kraftfahrzeugteilen	Repair and assembly of specific parts of motor vehicles
7	95.31301	2025	Reparatie van auto's : reparatie van de mechanische onderdelen en van de elektrische installatie	Réparation de véhicules automobiles: réparation de parties mécaniques, réparation électrique	Reparatur von Kraftfahrzeugen: Reparatur von mechanischen Teilen, elektrische Reparaturen	Repair of motor vehicles: repair of mechanical parts, electrical repairs
7	95.31302	2025	Revisie van automotoren	Révision du moteur des véhicules automobiles	Revision von Motoren in Kraftfahrzeugen	Overhaul of motor vehicle engines
5	95.314	2025	Carrosserieherstelling (inclusief spuiten en verven)	Réparation de carrosseries (y compris la peinture)	Reparatur von Karosserien (einschließlich spritzen und färben)	Bodywork repair (including painting)
5	95.315	2025	Bandenservicebedrijven	Services spécialisés relatifs au pneu	Reifenspezifische Dienstleistungen	Specialised services for tyres
5	95.316	2025	Wassen en poetsen van motorvoertuigen	Lavage de véhicules automobiles	Waschen und Reinigen von Kraftfahrzeugen	Washing of motor vehicles
5	95.319	2025	Onderhoud en reparatie van motorvoertuigen, n.e.g.	Entretien et réparation de véhicules automobiles n.c.a.	Wartung und Reparatur von Kraftfahrzeugen	Maintenance and repair of motor vehicles n.e.c.
7	95.31901	2025	Installatie van onderdelen en accessoires, inclusief de ombouw- en uitbouwwerkzaamheden	Montage de pièces et d'accessoires, y compris les travaux de transformation	Montage von Teilen und Zubehör, einschliesslich Umbauarbeiten	Installation of parts and accessories, including transformation work
4	95.32	2025	Reparatie en onderhoud van motorfietsen	Réparation et entretien de motocycles	Reparatur und Instandhaltung von Krafträdern	Repair and maintenance of motorcycles
5	95.320	2025	Reparatie en onderhoud van motorfietsen	Réparation et entretien de motocycles	Reparatur und Instandhaltung von Krafträdern	Repair and maintenance of motorcycles
7	95.32001	2025	Onderhoud en reparatie van motorrijwielen	Entretien et réparation de motocycles	Instandhaltung und Reparatur von Motorrädern	Maintenance and repair of motorcycles
7	95.32002	2025	Onderhoud en reparatie van bromfietsen	Entretien et réparation de cyclomoteurs	Instandhaltung und Reparatur von Mofas	Maintenance and repair of mopeds
3	95.4	2025	Bemiddelingsactiviteiten in verband met reparatie en onderhoud van computers, consumentenartikelen, motorvoertuigen en motorfietsen	Activités de service d’intermédiation pour la réparation et l’entretien d’ordinateurs, de biens personnels et domestiques et d’automobiles et motocycles	Vermittlungstätigkeiten für die Reparatur und Instandhaltung von Datenverarbeitungsgeräten und Gebrauchsgütern sowie von Kraftwagen und Krafträdern	Intermediation service activities for repair and maintenance of computers, personal and household goods, and motor vehicles and motorcycles
4	95.40	2025	Bemiddelingsactiviteiten in verband met reparatie en onderhoud van computers, consumentenartikelen, motorvoertuigen en motorfietsen	Activités de service d’intermédiation pour la réparation et l’entretien d’ordinateurs, de biens personnels et domestiques et d’automobiles et motocycles	Vermittlungstätigkeiten für die Reparatur und Instandhaltung von Datenverarbeitungsgeräten und Gebrauchsgütern sowie von Kraftwagen und Krafträdern	Intermediation service activities for repair and maintenance of computers, personal and household goods, and motor vehicles and motorcycles
5	95.400	2025	Bemiddelingsactiviteiten in verband met reparatie en onderhoud van computers, consumentenartikelen, motorvoertuigen en motorfietsen	Activités de service d’intermédiation pour la réparation et l’entretien d’ordinateurs, de biens personnels et domestiques et d’automobiles et motocycles	Vermittlungstätigkeiten für die Reparatur und Instandhaltung von Datenverarbeitungsgeräten und Gebrauchsgütern sowie von Kraftwagen und Krafträdern	Intermediation service activities for repair and maintenance of computers, personal and household goods, and motor vehicles and motorcycles
2	96     	2025	Persoonlijke dienstverlening	Activités de services aux personnes	Erbringung von überwiegend persönlichen Dienstleistungen	Personal service activities
3	96.1	2025	Wassen en chemisch reinigen van textiel en bontproducten	Blanchisserie-teinturerie	Wäscherei und chemische Reinigung	Washing and cleaning of textile and fur products
4	96.10	2025	Wassen en chemisch reinigen van textiel en bontproducten	Blanchisserie-teinturerie	Wäscherei und chemische Reinigung	Washing and cleaning of textile and fur products
5	96.101	2025	Activiteiten van industriële wasserijen	Activités des blanchisseries industrielles	Tätigkeiten von industriellen Wäschereien	Activities of industrial laundries
7	96.10101	2025	Wassen, bleken, chemisch reinigen, strijken, verven, enz., van kleding en textielartikelen voor bedrijven, andere grootgebruikers en voor depothouders	Lavage, blanchissage, nettoyage à sec, repassage, teinture, etc., des habits et textiles pour le compte d'entreprises, utilisateurs professionels ou exploitants de magasins-dépôts	Waschen, Bleichen, Trockenreinigen, Bügeln, Färben usw von Kleidung und Textilien für Unternehmen, andere Großbenutzer und Betreiber von Annahmestellen	Washing, laundry, dry cleaning, ironing, dyeing, etc., of clothing and textiles on behalf of companies, professional users or depository operators
7	96.10102	2025	Ophalen en bezorgen van de was	Ramassage et livraison du linge	Abholung und Lieferung der Wäsche	Collection and delivery of linen
7	96.10103	2025	Reinigen van artikelen van leer en van bont	Nettoyage d'articles en cuir ou en fourrure	Reinigung von Leder- und Pelzartikeln	Cleaning of leather or fur products
7	96.10104	2025	Reinigen van tapijten en gordijnen	Nettoyage des tapis, des moquettes, des tentures et des rideaux	Reinigung von Teppichen, Gardinen und Vorhängen	Cleaning of carpets, draperies and curtains
7	96.10105	2025	Verhuur van linnen, werkkleding en dergelijke	Location, par les blanchisseries, de linge, de vêtements de travail et d'articles similaires	Vermietung von Wäsche, Arbeitskleidung und ähnlichen Artikeln durch Wäschereien	Rental of laundry, work clothes and similar articles by laundries
5	96.102	2025	Activiteiten van wasserettes en wassalons ten behoeve van particulieren	Activités des blanchisseries et des salons-lavoirs pour particuliers	Tätigkeiten von Waschsalons und Wäschereien für Privatpersonen	Activities of laundries for private individuals
7	96.10201	2025	Diensten die door wasserettes en automatische wassalons verleend worden	Service des laveries automatiques en libre service	Dienstleistungen von automatischen Selbstbedienungswaschsalons	Self-service laundry service
7	96.10202	2025	Behandeling (ophalen, wassen, strijken, thuisbezorgen, enz.) op niet-industriële schaal van wasgoed en reiniging van kleding, overwegend ten behoeve van particulieren	Traitement (ramassage, lavage, repassage, livraison à domicile, etc.) du linge à une échelle non industrielle et nettoyage d'articles d'habillement pour le compte de particuliers	Behandlung (Abholung, Waschen, Bügeln, Hauslieferung, usw) von Wäsche im nicht industriellen Umfang sowie Kleiderreinigung für Privatpersonen	Treatment (collection, washing, ironing, home delivery, etc.) of laundry on a non-industrial scale and cleaning of articles of clothing on behalf of individuals
7	96.10203	2025	Activiteiten van depothouders die zelf geen activiteiten op het gebied van wassen en reinigen uitoefenen maar het wasgoed en de reiniging van kleding laten uitvoeren door industriële wasserijen	Exploitants de magasins-dépôts qui n'exercent aucune activité ayant trait au lavage ou nettoyage mais qui confient le traitement du linge et le nettoyage des vêtements aux laveries et blanch indust	Tätigkeiten der Betreiber von Annahmestellen, die selbst keine Wasch- oder Reinigungstätigkeiten durchführen sondern die Wäschebehandlung und das Reinigen der Kleidung industriellen Wäschereien überla	Operators of depot stores who do not carry out any activities related to washing or cleaning but who entrust the treatment of laundry and cleaning of clothing to laundries and industrial laundries
3	96.2	2025	Haarverzorging, schoonheidsverzorging, activiteiten van kuuroorden en dergelijke activiteiten	Coiffure, soins de beauté, spa de jour et activités similaires	Frisör- und Kosmetiksalons, Day Spas u Ä	Hairdressing, beauty treatment, day spa and similar activities
4	96.21	2025	Kappers- en barbiersactiviteiten	Coiffure et activités de barbier	Frisör- und Barbiersalons	Hairdressing and barber activities
5	96.210	2025	Kappers- en barbiersactiviteiten	Coiffure et activités de barbier	Frisör- und Barbiersalons	Hairdressing and barber activities
7	96.21001	2025	Wassen, knippen, verven, onduleren, enz. van haar bij mannen, vrouwen en kinderen	Coiffure pour hommes, femmes et enfants (coupe, shampooing, soins capillaires, coloration, ondulation, etc.)	Herren-, Damen- und Kinderfrisöre (Waschen, Schneiden, Färben, Dauerwellen usw)	Hairstyle for men, women and children (cut, shampoo, hair care, colouring, waving, etc.)
4	96.22	2025	Schoonheidsverzorging en andere schoonheidsbehandelingen	Soins esthétiques et autres activités de traitement esthétique	Kosmetiksalons und ähnliche Schönheitsbehandlungen	Beauty care and other beauty treatment activities
5	96.220	2025	Schoonheidsverzorging en andere schoonheidsbehandelingen	Soins esthétiques et autres activités de traitement esthétique	Kosmetiksalons und ähnliche Schönheitsbehandlungen	Beauty care and other beauty treatment activities
7	96.22001	2025	Verlenen van advies op het gebied van de schoonheidszorgen en gezichtsverzorging; het aanbrengen van make-up, enz.	Conseils en beauté et soins du visage: massages fasciaux, traitement anti-rides, maquillage, etc.	Schönheitsberatung und Gesichtspflege: Gesichtsmassagen, Faltenbehandlung, Make-up-Auftragung usw	Beauty and facials: facial massages, anti-wrinkle treatment, make-up, etc.
7	96.22002	2025	Huidverzorging en epileren	Soins de la peau et épilation	Hautpflege und Enthaarung	Skin care and hair removal
7	96.22003	2025	Manicure en pedicure	Soins de manucure et de pédicure	Hand- und Fußpflege	Manicuring and pedicuring services
4	96.23	2025	Activiteiten van kuuroorden, sauna’s en stoombaden	Activités de spa de jour, de sauna et de bain de vapeur	Day Spas, Saunas, Dampfbäder	Day spa, sauna and steam bath activities
5	96.230	2025	Activiteiten van kuuroorden, sauna’s en stoombaden	Activités de spa de jour, de sauna et de bain de vapeur	Day Spas, Saunas, Dampfbäder	Day spa, sauna and steam bath activities
7	96.23001	2025	Zonnecentra	Centres de bronzage	Sonnenstudios	Tanning salons
7	96.23002	2025	Diensten in verband met het lichamelijk welzijn, zoals verleend in inrichtingen voor thalassotherapie, kuuroorden, Turkse baden, sauna's, stoombaden, massagesalons, enz.	Services liés au bien-être et confort physique fournis dans les établissements de thalassothérapie, stations thermales, bains turcs, saunas, bains de vapeur, salons de massages etc.	Dienstleistungen im Bereich des körperlichen Wohlbefindens, wie Thalassotherapie-Einrichtungen, Kurorte, türkische Bäder, Saunen, Dampfbäder und Massageinstitute, usw	Services related to well-being and physical comfort provided in thalassotherapy establishments, spas, Turkish baths, saunas, steam baths, massage parlours, etc.
3	96.3	2025	Begrafeniswezen en aanverwante activiteiten	Services funéraires et activités connexes	Bestattungswesen	Funeral and related activities
4	96.30	2025	Begrafeniswezen en aanverwante activiteiten	Services funéraires et activités connexes	Bestattungswesen	Funeral and related activities
5	96.301	2025	Uitvaartverzorging	Soins funéraires	Totenpflege	Funeral activities
7	96.30101	2025	Verzorging van overledenen : gereedmaken voor de begrafenis of de crematie, balsemen, enz.	Soins aux défunts: la préparation des corps pour la sépulture ou l'incinération, l'embaumement, etc.	Totenpflege: Vorbereitung des Leichnams für die Bestattung oder Einäscherung, das Einbalsamieren, usw	Services for the deceased: preparation of bodies for burial or cremation, embalming, etc.
7	96.30102	2025	Verlenen van diensten rond de begrafenis of crematie : verhuur van ingerichte ruimten in mortuaria, enz.	Services connexes à l'inhumation et l'incinération: la location de locaux aménagés dans les funérariums, etc.	Dienstleistungen in Zusammenhang mit der Bestattung und Einäscherung: Vermietung von speziell hergerichteten Verabschiedungsräumen usw	Services related to burial and cremation: rental of premises arranged in funeral parlours, etc.
7	96.30103	2025	Verzorgen van de begrafenis of de crematie van overledenen	Services d'inhumation et d'incinération des défunts	Beerdigung und Einäscherung der Verstorbenen	Services of burial and cremation of the deceased
7	96.30104	2025	Verzorgen van de begrafenis of de crematie van dieren	Services funéraires aux animaux	Tierbestattungen und -einäscherungen	Funeral services for animals
5	96.302	2025	Beheer van kerkhoven en activiteiten van crematoria	Gestion des cimetières et services des crématoriums	Verwaltung von Friedhöfen und Krematorien	Operation of cemeteries and crematorium services
7	96.30201	2025	Verhuur of de verkoop van graven	Location ou vente de concessions	Vermietung oder Verkauf von Grabkonzessionen	Rental or sale of concessions
7	96.30202	2025	Beheer en onderhoud van kerkhoven	Gestion et entretien des cimetières	Friedhofsverwaltung und -pflege	Cemetery management and maintenance
7	96.30203	2025	Diensten verleend door crematoria (cremeren, bijzetten of verstrooien van de as, enz.	Services fournis par les crématoriums (incinération, dispersion des cendres, columbarium, etc.)	Dienstleistungen von Krematorien (Einäscherung, Ausstreuung der Asche, Beisetzung im Kolumbarium usw)	Services provided by crematoriums (cremation, ash dispersal, columbarium, etc.)
3	96.4	2025	Bemiddelingsactiviteiten op het gebied van persoonlijke dienstverlening	Activités de service d’intermédiation pour des services aux personnes	Vermittlungstätigkeiten für überwiegend persönliche Dienstleistungen	Intermediation service activities for personal services
4	96.40	2025	Bemiddelingsactiviteiten op het gebied van persoonlijke dienstverlening	Activités de service d’intermédiation pour des services aux personnes	Vermittlungstätigkeiten für überwiegend persönliche Dienstleistungen	Intermediation service activities for personal services
5	96.400	2025	Bemiddelingsactiviteiten op het gebied van persoonlijke dienstverlening	Activités de service d’intermédiation pour des services aux personnes	Vermittlungstätigkeiten für überwiegend persönliche Dienstleistungen	Intermediation service activities for personal services
3	96.9	2025	Overige persoonlijke dienstverlening	Autres activités de service aux personnes	Erbringung von sonstigen überwiegend persönlichen Dienstleistungen	Other personal service activities
4	96.91	2025	Huishoudelijke persoonlijke dienstverlening	Activités d’offre de services domestiques aux personnes	Erbringung von haushaltsbezogenen Dienstleistungen	Provision of domestic personal service activities
5	96.910	2025	Huishoudelijke persoonlijke dienstverlening	Activités d’offre de services domestiques aux personnes	Erbringung von haushaltsbezogenen Dienstleistungen	Provision of domestic personal service activities
4	96.99	2025	Overige persoonlijke dienstverlening, n.e.g.	Autres activités de service aux personnes n.c.a.	Erbringung von sonstigen überwiegend persönlichen Dienstleistungen a.n.g.	Other personal service activities n.e.c.
5	96.991	2025	Contactbemiddelingsbureaus en dergelijke	Services de rencontres	Kontaktbörsen und Änliches	Dating services
7	96.99101	2025	Huwelijksagentschappen en contactbemiddeling	Agences matrimoniales et agences de rencontres	Ehevermittlungsinstitute und Kontaktbörsen	Matrimonial agencies and dating agencies
5	96.992	2025	Plaatsen van tatoeages en piercings	Services de tatouage et de piercing	Tätowierung und Piercing	Tattooing and piercing services
5	96.993	2025	Diensten in verband met de verzorging van huisdieren, muv veterinaire diensten	Services de soins autres que vétérinaires pour animaux de compagnie	Dienstleistungen im Bereich der Haustierpflege, mit Ausnahme von Veterinärdiensten	Care services for pet animals, other than veterinary
7	96.99301	2025	Wassen en toiletteren van huisdieren	Toilettage d'animaux domestiques	Haustierpflege	Pet grooming
5	96.994	2025	Africhten van huisdieren	Activités de dressage pour animaux de compagnie	Haustierdressur	Training of pet animals
7	96.99401	2025	Africhten en trainen van huisdieren, geleidehonden voor blinden, enz.	Dressage et entraînement d'animaux de compagnie et de chiens d'aveugles	Dressur und Ausbildung von Haustieren und Blindenhunden usw	Dressage and training of pets and guide dogs
5	96.995	2025	Pensions voor huisdieren	Hébergement d'animaux de compagnie	Unterbringung von Haustieren	Boarding of pet animals
5	96.999	2025	Overige persoonlijke diensten	Autres services personnels	Sonstige persönliche Dienstleistungen	Other miscellaneous personal service activities
7	96.99901	2025	Grafologen, astrologen, helderzienden, wichelaars en dergelijke	Graphologues, astrologues, voyants, radiesthésistes et similaires	Graphologen, Astrologen, Hellseher, Wünschelrutengänger und Ähnliches	Graphologists, astrologers, psychics, radiesthesists and suchlike
7	96.99902	2025	Genealogisch opzoekingswerk	Services de recherche généalogique	Stammbaumforschungsdienstleistungen	Family genealogy services
7	96.99903	2025	Diverse concessies of op de openbare weg of in gebouwen die voor het publiek toegankelijk zijn (schoenpoetsers, kruiers, vestiaires, toiletten, enz.)	Concessions diverses, notamment sur la voie publique cireurs, porteurs, etc.) ou à l'intérieur des bâtiments accessibles au public (vestiaires, toilettes, etc.)	Unterschiedliche Konzessionen, insbesondere auf der Straße (Schuhputzer, Gepäckträger usw) oder innerhalb von Gebäuden, die der Öffentlichkeit zugänglich sind (Garderoben, Toiletten usw)	Various concessions, especially on public roads, shoe shiners, porters, etc.) or inside buildings accessible to the public (cloakrooms, toilets, etc.)
7	96.99904	2025	Exploitatie van fotoautomaten	Exploitation de machines automatiques de photographie	Betrieb von Fotoautomaten	Operation of automatic photographic machines
2	97     	2025	Activiteiten van huishoudens als werkgever van huishoudelijk personeel	Activités des ménages en tant qu’employeurs de personnel domestique	Private Haushalte mit Hauspersonal	Activities of households as employers of domestic personnel
3	97.0	2025	Activiteiten van huishoudens als werkgever van huishoudelijk personeel	Activités des ménages en tant qu’employeurs de personnel domestique	Private Haushalte mit Hauspersonal	Activities of households as employers of domestic personnel
4	97.00	2025	Activiteiten van huishoudens als werkgever van huishoudelijk personeel	Activités des ménages en tant qu’employeurs de personnel domestique	Private Haushalte mit Hauspersonal	Activities of households as employers of domestic personnel
5	97.000	2025	Activiteiten van huishoudens als werkgever van huishoudelijk personeel	Activités des ménages en tant qu’employeurs de personnel domestique	Private Haushalte mit Hauspersonal	Activities of households as employers of domestic personnel
2	98     	2025	Niet-gedifferentieerde productie van goederen en diensten door particuliere huishoudens voor eigen gebruik	Activités indifférenciées des ménages en tant que producteurs de biens et services pour usage propre	Herstellung von Waren und Erbringung von Dienstleistungen durch private Haushalte für den Eigenbedarf ohne ausgeprägten Schwerpunkt	Undifferentiated goods- and service-producing activities of private households for own use
3	98.1	2025	Niet-gedifferentieerde productie van goederen door particuliere huishoudens voor eigen gebruik	Activités indifférenciées des ménages en tant que producteurs de biens pour usage propre	Herstellung von Waren durch private Haushalte für den Eigenbedarf ohne ausgeprägten Schwerpunkt	Undifferentiated goods-producing activities of private households for own use
4	98.10	2025	Niet-gedifferentieerde productie van goederen door particuliere huishoudens voor eigen gebruik	Activités indifférenciées des ménages en tant que producteurs de biens pour usage propre	Herstellung von Waren durch private Haushalte für den Eigenbedarf ohne ausgeprägten Schwerpunkt	Undifferentiated goods-producing activities of private households for own use
5	98.100	2025	Niet-gedifferentieerde productie van goederen door particuliere huishoudens voor eigen gebruik	Activités indifférenciées des ménages en tant que producteurs de biens pour usage propre	Herstellung von Waren durch private Haushalte für den Eigenbedarf ohne ausgeprägten Schwerpunkt	Undifferentiated goods-producing activities of private households for own use
3	98.2	2025	Niet-gedifferentieerde productie van diensten door particuliere huishoudens voor eigen gebruik	Activités indifférenciées des ménages en tant que producteurs de services pour usage propre	Erbringungen von Dienstleistungen durch private Haushalte für den Eigenbedarf ohne ausgeprägten Schwerpunkt	Undifferentiated service-producing activities of private households for own use
4	98.20	2025	Niet-gedifferentieerde productie van diensten door particuliere huishoudens voor eigen gebruik	Activités indifférenciées des ménages en tant que producteurs de services pour usage propre	Erbringungen von Dienstleistungen durch private Haushalte für den Eigenbedarf ohne ausgeprägten Schwerpunkt	Undifferentiated service-producing activities of private households for own use
5	98.200	2025	Niet-gedifferentieerde productie van diensten door particuliere huishoudens voor eigen gebruik	Activités indifférenciées des ménages en tant que producteurs de services pour usage propre	Erbringungen von Dienstleistungen durch private Haushalte für den Eigenbedarf ohne ausgeprägten Schwerpunkt	Undifferentiated service-producing activities of private households for own use
2	99     	2025	Activiteiten van extraterritoriale organisaties en instanties	Activités des organisations et organismes extraterritoriaux	Exterritoriale Organisationen und Körperschaften	Activities of extraterritorial organisations and bodies
3	99.0	2025	Activiteiten van extraterritoriale organisaties en instanties	Activités des organisations et organismes extraterritoriaux	Exterritoriale Organisationen und Körperschaften	Activities of extraterritorial organisations and bodies
4	99.00	2025	Activiteiten van extraterritoriale organisaties en instanties	Activités des organisations et organismes extraterritoriaux	Exterritoriale Organisationen und Körperschaften	Activities of extraterritorial organisations and bodies
5	99.000	2025	Activiteiten van extraterritoriale organisaties en instanties	Activités des organisations et organismes extraterritoriaux	Exterritoriale Organisationen und Körperschaften	Activities of extraterritorial organisations and bodies
